tree
version=v4
num_class=1
num_tree_per_iteration=1
label_index=0
max_feature_idx=7
objective=binary sigmoid:1
feature_names=amount velocity_1h hour_of_day merchant_risk_cat device_shared_count ip_reputation_score merchant_historical_cb_rate graph_cluster_risk
feature_infos=[0.41101951458752695:4950.4572840347791] [0:12] [0:23] [0:2] [0:1] [0.024460841971756197:0.99938148557118212] [5.6520168406611704e-07:0.22792900752622081] [0.0014544900564927847:0.96648992039685155]
tree_sizes=3290 3323 3338 3344 3342 3327 3336 3343 3340 3330 3365 3371 3379 3400 3386 3367 3371 3380 3373 3366 3408 3385 3403 3386 3375 3402 3377 3370 3379 3383 3376 3385 3383 3389 3392 3373 3370 3408 3386 3375 3365 3381 3383 3396 3413 3384 3390 3386 3394 3383 3438 3405 3403 3419 3438 3408 3409 3404 3397 3399 3409 3395 3395 3422 3401 3416 3402 3423 3419 3418 3427 3427 3411 3438 3418 3446 3410 3433 3446 3455 3427 3452 3427 3423 3415 3457 3471 3440 3475 3470 3438 3434 3455 3448 3474 3470 3435 3455 3447 3459 3427 3460 3450 3468 3476 3450 3450 3469 3484 3436 3497 3503 3477 3485 3478 3453 3472 3478 3483 3494 3461 3495 3525 3470 3493 3499 3509 3492 3478 3525 3512 3529 3502 3517 3497 3515 3513 3487 3521 3522 3503 3486 3541 3519 3509 3520 3537 3531 3554 3533

Tree=0
num_leaves=31
num_cat=0
split_feature=7 6 6 7 7 1 7 3 7 3 1 3 6 3 7 6 2 6 7 2 2 7 2 1 0 0 6 7 7 2
split_gain=126494 10430.8 3238.13 2524.89 2032.98 1663.31 1597.91 1078.43 574.943 720.746 550.29 805.569 315.981 775.529 662.912 193.718 237.942 178.125 152.802 166.114 145.387 270.52 135.459 121.522 119.497 108.692 98.5157 414.187 80.751 186.312
threshold=0.49472527613725181 0.026676147941145343 0.0053801687988060129 0.59406677549667541 0.30314972442571647 4.5000000000000009 0.32337110580218503 1.5000000000000002 0.4582492326650574 1.5000000000000002 2.5000000000000004 1.5000000000000002 0.011627513162747438 1.0000000180025095e-35 0.66759605958163371 0.0088527877088722968 3.5000000000000004 0.0058899674833835895 0.55258286185066441 3.5000000000000004 4.5000000000000009 0.21821931409656012 19.500000000000004 3.5000000000000004 113.53534002956218 8.4049938295096798 0.022226539321003422 0.36660805002641084 0.40590577401962674 21.500000000000004
decision_type=2 2 2 2 2 2 2 2 2 2 2 2 2 2 2 2 2 2 2 2 2 2 2 2 2 2 2 2 2 2
left_child=1 5 3 7 22 8 20 23 26 15 11 -5 13 14 24 -10 -17 -11 19 -15 21 -7 -3 25 -4 -2 28 -28 -1 -30
right_child=2 4 12 10 -6 6 -8 -9 9 17 -12 -13 -14 18 -16 16 -18 -19 -20 -21 -22 -23 -24 -25 -26 -27 27 -29 29 -31
leaf_value=-3.5829986799048421 -2.9599706778100363 -3.5859477243245941 -3.5859477243245941 -3.5859477243245941 -1.8613809752927872 -3.5859477243245945 -2.084544141349399 -2.3120295305501157 -3.5859477243245941 -2.9009162397610115 -1.8083215273684337 -1.9774244393599092 -1.7888588622473987 -1.8452170477898009 -1.9050834459685122 -2.3757254396645031 -3.5859477243245941 -2.1040428889649596 -1.8113429393765359 -2.5021665728617339 -3.5859477243245941 -2.3757254396645031 -2.7215032330546514 -2.7607961642344447 -2.7215032330546514 -3.5859477243245941 -3.5859477243245941 -2.2892809915953443 -3.5254366095732506 -2.9599706778100341
leaf_weight=508.63931460492313 0.79875129647553134 2.0932792499661441 1.2945279572159081 1.2118985131382936 11.017259351909159 1.0466396249830703 3.6632387284189463 3.1399189047515392 6.0044062696397287 1.4597868528217079 9.282041007652877 2.1759087201207876 109.62173061072826 2.0106498319655688 1.4873300120234487 0.82629444822669007 0.79875129275023937 1.3496142681688068 17.18692459538579 1.8453909326344726 3.9937564637511969 0.82629444822669018 0.57840611226856697 0.6059492602944373 0.57840611226856697 5.2607412729412317 3.0572894308716054 0.77120815217494953 16.525888822972778 1.5975025929510582
leaf_count=18440 20 76 47 44 58 38 34 42 218 35 40 16 434 10 9 12 29 13 75 31 145 12 12 13 12 191 111 10 582 40
internal_value=-3.17596 -3.5248 -1.91822 -2.47361 -2.16144 -3.5587 -2.90389 -3.07602 -3.57024 -3.20276 -2.0074 -2.55283 -1.82508 -1.9878 -2.69316 -3.45488 -2.97058 -2.5181 -1.87516 -2.15961 -3.41549 -3.05203 -3.3988 -3.43592 -3.31899 -3.50343 -3.57747 -3.32475 -3.5793 -3.47559
internal_weight=720.749 564.249 156.5 22.4752 13.6889 550.56 9.52993 9.80536 541.03 10.4389 12.6698 3.38781 134.025 24.4032 3.36026 7.62945 1.62505 2.8094 21.043 3.85604 5.86669 1.87293 2.67169 6.66544 1.87293 6.05949 530.591 3.8285 526.763 18.1234
internal_count=20849 19865 984 366 146 19719 229 266 19490 307 100 60 618 184 68 259 41 48 116 41 195 50 88 224 59 211 19183 121 19062 622
is_linear=0
shrinkage=1


Tree=1
num_leaves=31
num_cat=0
split_feature=7 1 3 7 4 7 3 7 1 2 2 2 2 2 4 3 2 0 2 4 7 7 0 7 2 2 2 4 0 2
split_gain=15722 592.09 413.744 652.388 180.39 357.395 223.937 175.757 174.782 267.707 412.735 83.8682 71.86 221.484 56.1247 62.0474 57.3361 48.8167 32.5361 23.139 27.0874 44.4912 31.29 14.7495 45.4396 199.931 22.6852 12.9142 12.7491 61.5905
threshold=0.40129851081728674 4.5000000000000009 1.0000000180025095e-35 0.52102862529569294 1.0000000180025095e-35 0.30996399644545392 1.5000000000000002 0.21821931409656012 1.5000000000000002 4.5000000000000009 21.500000000000004 22.500000000000004 4.5000000000000009 21.500000000000004 1.0000000180025095e-35 1.5000000000000002 1.5000000000000002 276.25075634236902 21.500000000000004 1.0000000180025095e-35 0.62461637458143737 0.50696498429313719 14.827887352381069 0.48560542529687939 4.5000000000000009 21.500000000000004 1.5000000000000002 1.0000000180025095e-35 10.123476348527062 21.500000000000004
decision_type=2 2 2 2 2 2 2 2 2 2 2 2 2 2 2 2 2 2 2 2 2 2 2 2 2 2 2 2 2 2
left_child=1 4 3 17 28 11 -7 -3 9 19 -11 -6 27 -14 15 16 -9 18 -2 20 21 22 -4 24 26 -26 -10 -5 29 -1
right_child=2 7 8 12 5 6 -8 14 23 10 -12 -13 13 -15 -16 -17 -18 -19 -20 -21 -22 -23 -24 -25 25 -27 -28 -29 -30 -31
leaf_value=-0.041632643380519051 -0.052236165996876353 -0.051385520857286773 0.25562789270597108 0.30032858289560754 -0.051389570566793386 -0.051389611514093908 0.51181491965256654 0.37494982251942349 0.36777492199607975 -0.053674268382139692 0.32717811250525641 0.39057631954327443 -0.05393850467894469 0.36642752660374867 0.43311973878397386 0.3862944500301575 -0.053935617423268946 0.26076687635930551 0.13680955979430842 0.371625869403585 0.34687276922840404 0.30606921823378674 -0.051897862593926064 0.35232673237419532 -0.052383415432426597 0.41703746782001838 0.45986261371307258 0.35594356953229145 -0.050227864747595677 0.13900076645230647
leaf_weight=50.472544450312853 17.870768422260888 3.7255426160991219 1.6034860480576747 15.35481080599129 20.968093661591418 2.4730940051376802 6.1639368049800396 1.1599241793155655 11.767329005524518 13.081468183547258 15.593576574698091 1.1313089635223139 5.0519371181726447 8.251472741365431 7.1471864096820354 3.3867783825844526 2.3745420202612877 1.574344528838991 2.6081698872148982 27.933297803625464 20.981754474341869 10.981610435992478 1.7084213979542253 516.42299439571798 2.9801717568188879 9.4955561030656099 15.492693228647111 32.59841525554657 413.96571753360331 5.2058180999010792
leaf_count=1874 579 142 14 55 797 94 25 3 30 318 49 34 124 16 10 8 52 14 36 32 20 23 56 517 93 16 31 27 15630 130
internal_value=0.181258 -0.0294476 0.330547 0.225659 -0.0395265 0.0778238 0.350549 0.253978 0.344031 0.280146 0.153434 -0.0287645 0.309611 0.206795 0.334843 0.233359 0.086814 -0.00753362 -0.0281596 0.33763 0.31071 0.257625 0.0969932 0.354585 0.38394 0.304903 0.420111 0.338135 -0.0472066 -0.0247438
internal_weight=1249.53 518.174 731.352 83.3099 500.381 30.7364 8.63703 17.794 648.042 91.8836 28.675 22.0994 61.2566 13.3034 14.0684 6.92124 3.53447 22.0533 20.4789 63.2086 35.2753 14.2935 3.31191 556.159 39.7358 12.4757 27.26 47.9532 469.644 55.6784
internal_count=20849 18799 2050 851 18584 950 119 215 1199 512 367 831 222 140 73 63 55 629 615 145 113 93 70 687 170 109 61 82 17634 2004
is_linear=0
shrinkage=0.05


Tree=2
num_leaves=31
num_cat=0
split_feature=5 7 7 5 1 6 5 7 6 6 7 7 4 6 6 1 7 7 3 6 7 6 7 5 7 3 7 1 6 6
split_gain=11387.1 817.732 595.06 263.837 63.2549 56.4502 52.0552 237.35 103.203 94.6136 213.649 54.6291 56.5274 32.6604 31.0943 59.454 37.694 16.4886 5.15513 6.43723 7.26428 5.12759 4.90591 4.06788 1.92447 0.143111 0.0359 0.0300443 0.0220483 0.0177197
threshold=0.5964003587368395 0.21821931409656012 0.52102862529569294 0.77692039150474768 6.5000000000000009 0.050112893505481405 0.46216228778122764 0.44169221199942432 0.014744368493971835 0.006244811724603741 0.59406677549667541 0.35963692606151626 1.0000000180025095e-35 0.0054405293029924622 0.024248155883799551 2.5000000000000004 0.71748051682258629 0.49472527613725181 1.5000000000000002 0.019602292486637841 0.71748051682258629 0.011448708818734233 0.39104061594624212 0.50864889734544316 0.71748051682258629 1.0000000180025095e-35 0.49472527613725181 1.5000000000000002 0.0087251227357952859 0.026676147941145343
decision_type=2 2 2 2 2 2 2 2 2 2 2 2 2 2 2 2 2 2 2 2 2 2 2 2 2 2 2 2 2 2
left_child=1 -1 4 14 5 26 9 8 -8 10 11 12 13 -3 15 16 -4 22 19 20 23 24 -11 -9 -19 -23 29 -27 -5 -2
right_child=2 6 3 28 -6 -7 7 18 -10 17 -12 -13 -14 -15 -16 -17 -18 21 -20 -21 -22 25 -24 -25 -26 27 -28 -29 -30 -31
leaf_value=-0.051323331800265298 -0.051399030452977196 -0.051322942966253865 -0.056185946316180513 -0.054590810447622033 0.27452764866504964 0.24278760050410242 -0.051516776358822416 0.22171464001685515 0.51523780567008037 0.30994004062192776 0.26718588985397423 0.48302473462873485 0.4561650107166253 0.30278241197583333 0.26200234021350338 0.23645760298573193 0.22430738655328519 0.28234299732763551 0.2688952814848008 0.25994069462965791 0.26197548557548417 0.26324565108189985 0.28004754223659617 0.1246514763815379 0.26720596883561026 0.26154399596205807 -0.05524298744691826 0.26035403543477881 -0.059244685515953126 -0.054481029614825531
leaf_weight=20.671130672097206 470.37832369096577 1.2304997481405764 3.7839328348636618 8.7995291836559755 1.501715600490569 1.6352949142456044 8.992046838626262 1.7710689604282404 0.88202694244682867 18.941794103011489 54.767967890948057 19.459185251966119 2.9202871508896351 1.3831043019890783 16.985875844955444 10.103706769645212 1.7524755746126173 37.855479702353477 51.462040826678276 13.989501170814036 3.0886118412017822 52.311009526252747 49.843877952545881 2.764164200052619 47.151634216308594 60.302936553955078 6.2530060932040206 440.66693568229675 3.580546759068965 4.7104048710316411
leaf_count=823 18388 49 63 180 6 1 346 9 21 39 38 32 5 4 11 26 5 28 36 10 2 34 37 40 31 39 124 284 34 104
internal_value=0.150301 0.259485 -0.0333198 0.14059 -0.0494754 -0.0504828 0.266872 0.229199 -0.000889971 0.270844 0.322466 0.443604 0.304986 0.136068 0.215164 0.164295 0.0326004 0.26502 0.260289 0.239797 0.202833 0.262514 0.288279 0.162556 0.273947 0.260757 -0.0514791 0.260497 -0.0559368 -0.0514296
internal_weight=1419.94 890.455 529.485 45.0061 484.479 482.977 869.784 82.9495 9.87407 786.835 79.761 24.9931 5.53389 2.6136 32.626 15.6401 5.53641 707.074 73.0754 21.6133 7.62385 638.288 68.7857 4.53523 85.0071 553.281 481.342 500.97 12.3801 475.089
internal_count=20849 1907 18942 319 18623 18617 1084 464 367 620 128 90 58 53 105 94 68 492 97 61 51 416 76 49 59 357 18616 323 214 18492
is_linear=0
shrinkage=0.05


Tree=3
num_leaves=31
num_cat=0
split_feature=5 6 5 2 6 1 5 1 2 0 6 0 4 2 6 1 0 4 2 6 6 0 0 6 0 6 4 4 6 2
split_gain=8118.21 434.554 164.964 202.739 203.062 163.088 38.5469 44.3185 41.0265 34.6893 24.7447 24.5098 38.9088 18.6278 12.9196 20.819 18.2181 11.7185 30.8232 33.5435 12.243 32.9722 11.2601 10.6044 23.2513 9.1457 5.85699 5.34027 11.1975 9.23242
threshold=0.5964003587368395 0.03718888413275865 0.46216228778122764 4.5000000000000009 0.013840254139052708 6.5000000000000009 0.64630581293608913 3.5000000000000004 1.5000000000000002 75.094729121894062 0.006752950084619346 18.658234525047334 1.0000000180025095e-35 22.500000000000004 0.0015889988020590547 4.5000000000000009 43.402661237548259 1.0000000180025095e-35 3.5000000000000004 0.0070743887854516378 0.024248155883799551 142.43913000854596 7.2238697099574898 0.0018976489379050373 53.650649534595836 0.0027031936033404271 1.0000000180025095e-35 1.0000000180025095e-35 0.019602292486637841 1.5000000000000002
decision_type=2 2 2 2 2 2 2 2 2 2 2 2 2 2 2 2 2 2 2 2 2 2 2 2 2 2 2 2 2 2
left_child=2 5 10 22 -5 6 7 8 9 -2 11 12 25 26 15 16 -13 20 19 -19 -8 -22 -4 24 -24 -1 -6 28 29 -25
right_child=1 -3 3 4 13 -7 17 -9 -10 -11 -12 14 -14 -15 -16 -17 -18 18 -20 -21 21 -23 23 27 -26 -27 -28 -29 -30 -31
leaf_value=0.15691875744410091 -0.052403813426713554 0.20499855493530103 -0.051366267467140896 -0.051512062286661608 0.088727867782854686 0.24589413016359637 -0.051533786071003979 0.15008904085535754 -0.051506165053788106 0.18229749418889604 0.21439640474213373 0.38979056043324917 0.43300722086362148 0.24939362276103483 0.21970840648524523 0.22703156551682979 0.26295536761868971 -0.051487529807441972 -0.051560975927051438 0.15206326444186719 -0.053961604690126799 0.18657237724237266 -0.051269490804647405 0.086441720943672917 0.19048258215635752 0.27943550673143536 0.19851677052298347 0.22038143447333078 0.21107531966247489 0.17891252283344872
leaf_weight=2.3238163311034423 2.5641305912286105 18.498370416462421 0.45417831465601821 19.902249924838543 3.3744989614933711 4.8756257444620124 421.83418908528984 4.714240761473774 20.237734140828252 4.0786006525158882 811.84302800521255 4.4721128214150649 4.0684183426201344 7.9698374383151531 70.489862525835633 20.573604106903076 7.7157784756273031 3.564563440158965 19.113107891753316 4.6829473227262497 4.9400544483214608 2.0021772459149361 1.3259505368769158 3.4489945638924828 3.979990029707551 4.4214116334915161 1.898057462647557 28.074220629408956 28.94424039311707 12.417550405487416
leaf_count=29 94 22 18 791 53 9 16868 42 819 25 516 16 6 10 112 12 36 141 742 46 124 10 55 68 32 20 4 27 21 81
internal_value=0.130195 -0.0329155 0.210533 0.15316 0.0494387 -0.0418496 -0.0447261 0.00868298 -0.0161165 0.0917015 0.21746 0.239267 0.310885 0.20116 0.231766 0.25771 0.309495 -0.0484255 -0.0166998 0.0640889 -0.0504499 0.0154097 0.196872 0.198314 0.130069 0.237227 0.128251 0.203282 0.19257 0.158812
internal_weight=1548.8 511.106 1037.7 111.79 33.1446 492.607 487.732 31.5947 26.8805 6.64273 925.908 114.065 10.8136 13.2424 103.251 32.7615 12.1879 456.137 27.3606 8.24751 428.776 6.94223 78.6451 78.1909 5.30594 6.74523 5.27256 72.885 44.8108 15.8665
internal_count=20849 18942 1907 1160 858 18920 18911 980 938 119 747 231 55 67 176 64 52 17931 929 187 17002 134 302 284 87 49 57 197 170 149
is_linear=0
shrinkage=0.05


Tree=4
num_leaves=31
num_cat=0
split_feature=5 6 1 5 3 6 2 6 5 3 0 0 0 0 6 0 6 6 0 0 5 2 2 1 3 2 6 6 3 6
split_gain=6198.68 369.547 134.583 110.249 156.409 56.7227 50.0082 123.54 37.2612 45.6964 30.3655 29.4594 20.4201 18.6997 10.8537 19.2137 23.6858 10.8533 27.2314 6.58037 7.61082 15.8898 26.2491 5.52083 3.95122 17.977 32.0593 28.5731 1.70776 3.3415
threshold=0.5964003587368395 0.03718888413275865 6.5000000000000009 0.46216228778122764 1.0000000180025095e-35 0.030404255738759909 4.5000000000000009 0.013840254139052708 0.64630581293608913 1.5000000000000002 250.21386734161678 43.810396466208054 157.91048069127996 162.42154410939995 0.0056158814018239149 17.214147708898761 0.0034337681084115629 0.024248155883799551 142.43913000854596 145.89473099869019 0.37703876156758848 22.500000000000004 3.5000000000000004 3.5000000000000004 1.5000000000000002 3.5000000000000004 0.0070743887854516378 0.0076877184288328586 1.5000000000000002 0.019602292486637841
decision_type=2 2 2 2 2 2 2 2 2 2 2 2 2 2 2 2 2 2 2 2 2 2 2 2 2 2 2 2 2 2
left_child=3 2 8 14 5 10 28 -8 9 12 -5 -11 -2 -14 15 16 -1 24 -19 20 -17 22 -22 -13 -10 26 -26 -28 29 -6
right_child=1 -3 -4 4 6 -7 7 -9 17 11 -12 23 13 -15 -16 19 -18 18 -20 -21 21 -23 -24 -25 25 -27 27 -29 -30 -31
leaf_value=0.19357039294765041 -0.051666114092276005 0.17543468403299067 0.20146648257264849 -0.051473164957175625 0.1405955937679077 0.183903965208427 -0.051623193904628495 0.18902763707788284 -0.051404076077234198 -0.051485206948630971 0.13784867009597929 0.10380315575882122 0.17784703208913424 -0.051858777998686149 0.18286084243450329 0.19147047167563344 0.37212210281069602 -0.053704555841717919 0.1569719630359577 0.21010463287365899 0.16616019399188864 0.23044291129442454 -0.051709545670811256 0.19427789123074679 -0.052145346232686234 -0.051721998799394986 0.17008444309559656 -0.051796933541467707 0.18456461138892233 0.18228221350297802
leaf_weight=3.9636801518499842 18.635196914896373 20.476598151028156 5.6302803363651028 15.346032673493033 7.3391494005918529 3.9589263200759879 8.7509318087250012 13.654154879972337 357.6037396453321 2.3300691992044467 2.4570813328027716 3.0168727766722441 2.0442433077841993 1.5637248940765855 929.78050646558404 48.179149242118001 3.4952484928071499 4.8337746541947118 2.2467629034072161 37.972109517082572 4.3140381220728141 3.3877318445593119 2.0344469156116247 3.8225246667861938 8.8892833162099105 55.491690555587411 4.2470275219529858 2.2039036471396685 55.447151327505708 13.933899760246275
leaf_count=34 770 22 9 614 65 2 355 35 15148 96 19 45 6 61 542 39 11 129 11 37 15 4 65 2 333 2202 18 90 63 7
internal_value=0.115881 -0.0325181 -0.0415289 0.179283 0.134104 0.0127221 0.160752 0.0950347 -0.044459 0.00813336 -0.0253441 0.102059 -0.0305864 0.0782905 0.184569 0.199941 0.27724 -0.0482524 0.0131463 0.193928 0.183322 0.143002 0.0963413 0.154369 -0.0492671 -0.0384781 0.00943032 0.0942806 0.179944 0.1679
internal_weight=1647.05 493.036 472.559 1154.01 120.887 21.762 99.1253 22.4051 466.929 31.4126 17.8031 9.16947 22.2432 3.60797 1033.13 103.346 7.45893 435.516 7.08054 95.8875 57.9154 9.73622 6.34849 6.8394 428.436 70.8319 15.3402 6.45093 76.7202 21.273
internal_count=20849 18942 18920 1907 1160 635 525 390 18911 980 633 143 837 67 747 205 45 17931 140 160 123 84 80 47 17791 2643 441 108 135 72
is_linear=0
shrinkage=0.05


Tree=5
num_leaves=31
num_cat=0
split_feature=5 7 7 5 1 7 5 2 2 2 7 5 7 4 0 0 4 7 7 2 2 2 7 4 1 2 2 1 7 5
split_gain=4951.05 425.3 342.975 125.064 36.0709 33.3183 76.0841 67.3691 17.8868 39.8331 6.75495 28.2863 43.8662 9.3964 3.37686 3.74014 3.12754 16.3195 16.3857 2.84785 2.15797 1.09858 1.67183 1.09832 0.183386 0.0542571 0.0751689 0.0812934 0.0634788 0.0333096
threshold=0.61168676490966423 0.21821931409656012 0.52102862529569294 0.77692039150474768 6.5000000000000009 0.30996399644545392 0.26969689915409245 22.500000000000004 3.5000000000000004 21.500000000000004 0.56968344794642389 0.49639903090796539 0.44169221199942432 1.0000000180025095e-35 145.89473099869019 18.658234525047334 1.0000000180025095e-35 0.39569486501867601 0.40129851081728674 2.5000000000000004 3.5000000000000004 21.500000000000004 0.43542881278117024 1.0000000180025095e-35 2.5000000000000004 21.500000000000004 2.5000000000000004 1.5000000000000002 0.71748051682258629 0.48011880266979329
decision_type=2 2 2 2 2 2 2 2 2 2 2 2 2 2 2 2 2 2 2 2 2 2 2 2 2 2 2 2 2 2
left_child=1 -1 4 8 16 6 -3 -8 -4 -10 11 14 -13 20 15 19 -2 -18 -19 -7 -14 22 -17 -24 25 26 28 -28 -12 -26
right_child=2 5 3 -5 -6 10 7 -9 9 -11 24 12 13 -15 -16 21 17 18 -20 -21 -22 -23 23 -25 29 -27 27 -29 -30 -31
leaf_value=-0.051342219848305837 -0.051274548911313514 0.2152282349962619 0.16002129473439197 -0.055110103079747744 0.14670062352964347 0.16902978579984293 -0.051572770646976351 0.33876848495610845 -0.05534227208983155 0.15345294051604905 0.16251628724656464 -0.051415885805612509 0.13489213022800006 0.18174385793230732 0.18217421061939554 0.15185686510370325 -0.051234058065766676 0.14901061783819658 -0.052922100278948316 0.19201591036565988 0.074076002737994515 0.17173955339025776 0.16187477549993093 0.17277571073630849 0.15894379084149352 0.16226927506553177 0.15733312395892229 0.16043683746471937 0.16011025215538732 0.16029320782693773
leaf_weight=24.115762742236257 389.69177029281855 7.0858666561543968 26.028709294274449 10.902919413521884 2.3392713107168666 27.033758640289307 8.4207572303712332 1.2724078148603446 3.4800941031426174 6.6474892944097519 48.969339847564697 3.5212253257632282 2.470312060788272 7.9492821842432022 61.424766531214118 26.777671067044139 20.053881291300062 2.2451164778321973 1.8181434310972688 26.86639110930264 3.5617138911038637 49.406459335237741 61.929955657571554 36.859589219093323 616.69982434809208 42.639401100575924 34.772089414298534 53.647649671882391 62.27665638923645 49.394561052322388
leaf_count=984 17433 6 27 214 6 15 317 15 64 6 23 145 10 5 37 40 884 3 59 26 35 27 36 18 287 21 24 27 29 26
internal_value=0.105119 0.156609 -0.0346183 0.0933243 -0.0490864 0.160676 0.0906994 -0.000333236 0.138085 0.0817056 0.161641 0.168043 0.106313 0.146038 0.171765 0.168971 -0.0501932 -0.0327201 0.0586539 0.180487 0.0989822 0.165423 0.162938 0.165942 0.159472 0.16065 0.160304 0.159216 0.161169 0.159044
internal_weight=1720.3 1257.1 463.207 47.0592 416.148 1232.98 16.779 9.69317 36.1563 10.1276 1216.2 307.801 17.5025 13.9813 290.299 228.874 413.809 24.1171 4.06326 53.9001 6.03203 174.974 125.567 98.7895 908.4 242.305 199.666 88.4197 111.246 666.094
internal_count=20849 2153 18696 311 18385 1169 338 332 97 70 831 394 195 50 199 162 18379 946 62 41 45 121 94 54 437 124 103 51 52 313
is_linear=0
shrinkage=0.05


Tree=6
num_leaves=31
num_cat=0
split_feature=7 6 1 7 6 3 7 7 7 6 2 1 6 7 2 6 2 6 7 0 3 6 3 6 7 7 0 6 0 7
split_gain=3668.21 295.869 113.325 66.859 93.187 68.3147 55.6191 44.388 39.5939 34.1995 24.8813 15.7259 53.3104 27.4639 14.8937 74.7794 11.972 35.2186 40.8677 10.9446 10.7395 22.4109 7.80376 32.1642 21.618 7.17466 25.0682 22.4173 4.98022 2.20144
threshold=0.38614249969323833 0.020781001596177493 4.5000000000000009 0.4582492326650574 0.022226539321003422 1.5000000000000002 0.21821931409656012 0.278306994020798 0.42315554613810852 0.0016472025782617542 22.500000000000004 1.5000000000000002 0.0034802866415202696 0.76573366385537411 4.5000000000000009 0.016909826596304276 21.500000000000004 0.014744368493971835 0.35963692606151626 10.801323994712709 1.5000000000000002 0.050112893505481405 1.0000000180025095e-35 0.0036046560675305583 0.81338551208624488 0.56968344794642389 167.80222277587788 0.07401519825186316 13.224504545657041 0.48560542529687939
decision_type=2 2 2 2 2 2 2 2 2 2 2 2 2 2 2 2 2 2 2 2 2 2 2 2 2 2 2 2 2 2
left_child=1 2 16 4 5 10 -3 -4 -7 -10 -2 12 13 -5 -14 -16 -1 18 -18 -8 21 -21 23 24 -13 26 27 -25 -11 -24
right_child=3 6 7 11 -6 8 19 -9 9 28 -12 22 14 -15 15 -17 17 -19 -20 20 -22 -23 29 25 -26 -27 -28 -29 -30 -31
leaf_value=-0.049735897921630308 -0.051351351713723875 -0.051330186667032165 -0.051728408403658312 -0.0526684539923623 0.13833600902694873 -0.051343137407266572 0.19061284909119008 0.136147475154558 0.33183707231760096 0.17226001475448582 0.10224179528373992 -0.052610786378101362 0.14067552460296834 0.15321977242447077 -0.054029411272814742 0.13980441530944507 -0.05117298147976726 0.17950258089890225 0.1777548281290616 -0.05346511535661163 0.14700370724961162 0.13475100127802728 0.15497278621493782 -0.054484278179401595 0.14085685641532819 0.14203010066049959 0.15790720013054249 0.14733665369404833 0.074719139176696703 0.14323102853341058
leaf_weight=355.72023284062743 17.344495726749305 4.3827414046972981 4.2505579255521324 6.0905699711292964 44.222922652959824 2.3632436729967621 7.7705602124333408 12.074810435995458 2.5742574166506511 2.1001648735255003 3.1094614285975686 3.9089823234826317 115.53218556381762 2.2065171748399734 6.182348225265744 25.496025137603283 23.177199348807342 2.136063875630497 2.1285391002893439 2.3922112900763759 13.574699511751533 4.6671586036682129 41.641605090349913 3.5619146935641757 2.2896637916564941 82.416338067501783 8.6161180306225997 2.2419443130493164 3.4721315503120422 965.02380475215614
leaf_count=16912 754 190 174 192 32 101 17 30 15 9 32 134 103 2 136 19 1064 45 34 67 18 2 48 98 1 54 7 1 41 517
internal_value=0.0967206 -0.0299335 -0.0417842 0.137566 0.0917581 0.0252347 0.114457 0.0872311 0.128842 0.181113 -0.0280017 0.140289 0.125398 0.00208521 0.132348 0.101976 -0.0472811 -0.0154603 -0.0319172 0.140037 0.120991 0.0709701 0.142375 0.129269 0.0188525 0.136337 0.1038 0.0234761 0.111482 0.143717
internal_weight=1772.67 432.275 399.487 1340.39 75.1867 30.9638 32.7874 16.3254 10.5098 8.14655 20.454 1265.21 155.508 8.29709 147.211 31.6784 383.162 27.4418 25.3057 28.4046 20.6341 7.05937 1109.7 103.035 6.19865 96.8363 14.42 5.80386 5.5723 1006.67
internal_count=20849 18553 18259 2296 984 952 294 204 166 65 786 1312 452 194 258 155 18055 1143 1098 104 87 69 860 295 135 160 106 99 50 565
is_linear=0
shrinkage=0.05


Tree=7
num_leaves=31
num_cat=0
split_feature=5 7 7 5 6 1 7 5 4 3 6 1 7 6 7 5 3 7 6 1 5 6 4 4 6 6 5 7 7 7
split_gain=3482.99 288.301 283.467 95.1387 29.8741 29.7953 11.2321 72.4267 41.1408 11.0809 18.6243 20.8336 5.03648 4.45147 10.7073 16.3489 23.159 0.772666 1.51466 2.63545 1.90404 2.21197 0.25678 0.175169 0.160899 0.173235 0.154134 0.0734128 0.071427 0.0291205
threshold=0.61168676490966423 0.21821931409656012 0.52102862529569294 0.77692039150474768 0.050112893505481405 6.5000000000000009 0.34978241991911613 0.41572676676501963 1.0000000180025095e-35 1.5000000000000002 0.03718888413275865 6.5000000000000009 0.3206225912765549 0.0054405293029924622 0.56968344794642389 0.41572676676501963 1.0000000180025095e-35 0.53576077067420302 0.012503981287652609 4.5000000000000009 0.26969689915409245 0.0061878319196318832 1.0000000180025095e-35 1.0000000180025095e-35 0.011996746680337197 0.010234575731995951 0.26969689915409245 0.76573366385537411 0.56968344794642389 0.46736007295483939
decision_type=2 2 2 2 2 2 2 2 2 2 2 2 2 2 2 2 2 2 2 2 2 2 2 2 2 2 2 2 2 2
left_child=1 -1 4 9 5 29 7 12 -9 10 11 -4 -3 14 15 -8 -17 18 19 20 -15 -22 26 -16 25 27 -20 -19 -26 -2
right_child=2 6 3 -5 -6 -7 13 8 -10 -11 -12 -13 -14 17 23 16 -18 24 22 -21 21 -23 -24 -25 28 -27 -28 -29 -30 -31
leaf_value=-0.051215637710453732 -0.05111390706959304 0.16819924721922996 -0.057218801740492709 -0.05528276217478998 0.12755765303182601 0.11776595667351049 0.17729804249849851 -0.051429790645759844 0.20435828806376058 0.13183799126817539 0.13161901555369032 0.13068374402573188 0.12463334393987371 0.14958118840647036 0.12916311058464724 -0.053244033643234538 0.14294119512914075 0.12994755801546198 0.13255583672738841 0.16183165846719733 0.14411130347580259 0.097691786786632595 0.13500049548038903 0.13347061476996896 0.12910548432715002 0.1344640389776405 0.12856341778189029 0.13251367774651809 0.13065066718925508 -0.053626918728785028
leaf_weight=21.924851084128022 363.93049592152238 14.646198544651272 3.9284475762397033 10.654768278822301 2.3833160400390616 2.6275360621511927 34.144250974059105 8.7629776075482333 1.9156469944864518 26.301879808306694 7.0671653747558594 2.3621795177459717 12.126795545220373 8.8524252176284808 45.399317678064108 1.9034478552639464 7.1731083728373051 64.068903604522347 51.649437665939331 12.748465538024901 4.570601359009741 5.8525347001850605 53.524803876876831 49.157339572906494 83.117131024599075 55.939687609672546 45.446762781590223 49.331710577011108 746.50057530403137 11.905005311593412
leaf_count=984 18043 31 69 214 1 6 22 366 23 24 3 1 11 4 31 59 41 33 22 6 9 37 23 21 36 24 33 21 316 335
internal_value=0.0898606 0.128648 -0.0341734 0.0773665 -0.0489092 -0.0500205 0.131555 0.104553 -0.00554376 0.113003 0.0759175 0.0133401 0.148466 0.132321 0.140826 0.161443 0.101799 0.131329 0.134319 0.144194 0.132529 0.118047 0.13222 0.131402 0.130783 0.132187 0.130687 0.131064 0.130496 -0.0511935
internal_weight=1809.92 1378.76 431.161 50.3144 380.846 378.463 1356.83 37.4516 10.6786 39.6597 13.3578 6.29063 26.773 1319.38 137.777 43.2208 9.07656 1181.6 182.645 32.024 19.2756 10.4231 150.621 94.5567 998.958 169.34 97.0962 113.401 829.618 375.836
internal_count=20849 2153 18696 311 18385 18384 1169 431 389 97 73 70 42 738 174 122 100 564 134 56 50 46 78 52 430 78 55 54 352 18378
is_linear=0
shrinkage=0.05


Tree=8
num_leaves=31
num_cat=0
split_feature=5 7 7 5 7 5 2 2 2 5 7 3 5 3 2 7 4 2 5 3 7 0 0 7 0 0 5 3 7 2
split_gain=2986.44 262.975 244.753 82.8657 19.1247 40.7774 37.0513 10.4125 27.5065 5.73327 22.8787 17.8599 3.14032 13.2534 21.2374 3.63799 3.25997 2.12385 3.15403 5.4232 5.976 12.8639 0.38227 0.257446 0.4585 0.217706 0.0787963 0.0309466 0.0228099 0.0226147
threshold=0.61168676490966423 0.52102862529569294 0.21821931409656012 0.77692039150474768 0.30996399644545392 0.26969689915409245 22.500000000000004 3.5000000000000004 21.500000000000004 0.69334968980408174 0.36280291763404598 1.5000000000000002 0.55187041443273244 1.5000000000000002 3.5000000000000004 0.53576077067420302 1.0000000180025095e-35 21.500000000000004 0.37703876156758848 1.5000000000000002 0.50696498429313719 10.375240897809009 48.867326844210474 0.56968344794642389 25.808648339188487 29.525839194694075 0.48011880266979329 1.0000000180025095e-35 0.49472527613725181 22.500000000000004
decision_type=2 2 2 2 2 2 2 2 2 2 2 2 2 2 2 2 2 2 2 2 2 2 2 2 2 2 2 2 2 2
left_child=2 9 -1 7 5 -4 -7 -3 -9 10 -2 -12 15 14 -14 16 17 18 25 20 21 -20 -18 24 -17 -6 27 -25 -11 -29
right_child=1 3 4 -5 12 6 -8 8 -10 28 11 -13 13 -15 -16 23 22 -19 19 -21 -22 -23 -24 26 -26 -27 -28 29 -30 -31
leaf_value=-0.05115507832576343 -0.051031949679353886 0.11973650439499249 0.14816404734167296 -0.055018272781542192 0.12845081484244927 -0.051446284094636745 0.19005686126326815 -0.055568104405654462 0.11604620497194472 -0.051094741060718922 -0.051373562729977673 0.088194482136822461 0.1128620555719308 0.12195992391139635 -0.05259154229514397 0.12777847088285771 0.13961832738330779 0.13339893410933854 0.11063938354471992 0.1222043241560089 0.11370019888913355 -0.052536392029706717 0.13287859691781687 0.12175458532054546 0.12112784980426011 0.12293796579593659 0.12284975111010232 0.12067440816065705 -0.054668157858411927 0.12142506335931585
leaf_weight=20.879630183801055 34.608441811054945 29.826859947293997 8.8347458355128783 10.182620109990237 28.470790699124336 7.5687577631324512 2.0099194776266813 3.3906101305037719 7.4989744983613491 314.18753345310688 3.6768572814762575 6.0865644384175539 5.2844367884099466 36.554092641919851 3.0640787798911333 40.233843639492989 38.458678014576435 39.754695819690824 2.6472969073802251 17.104448640719056 5.0833904445171356 2.2212575487792492 46.449342731386423 89.518449068069458 72.81892529502511 48.272004805505276 53.124457612633705 732.97129525244236 4.5301507879048577 116.24715161323547
leaf_count=984 1807 27 6 214 16 317 15 64 6 16259 170 38 18 35 106 18 18 27 7 19 6 67 22 37 35 24 24 304 111 48
internal_value=0.0842641 -0.0338808 0.118767 0.0725544 0.121307 0.0706879 -0.000771033 0.104459 0.0626119 -0.0488012 -0.0319623 0.0356338 0.121984 0.108978 0.0521371 0.122422 0.128165 0.123572 0.119808 0.105129 0.0757823 0.0361911 0.135931 0.121234 0.123495 0.124983 0.120976 0.12087 -0.0511455 0.120777
internal_weight=1831.56 413.989 1417.57 50.8991 1396.69 18.4134 9.57868 40.7164 10.8896 363.09 44.3719 9.76342 1378.28 44.9026 8.34852 1333.38 228.462 143.554 103.799 27.0564 9.95194 4.86855 84.908 1104.91 113.053 76.7428 991.861 938.737 318.718 849.218
internal_count=20849 18696 2153 311 1169 338 332 97 70 18385 2015 208 831 159 124 672 206 166 139 99 80 74 40 466 53 40 413 389 16370 352
is_linear=0
shrinkage=0.05


Tree=9
num_leaves=31
num_cat=0
split_feature=5 7 7 5 6 1 7 6 5 2 2 6 5 7 6 6 7 1 5 2 7 2 7 7 2 6 6 5 6 7
split_gain=2597.38 244.791 211.269 72.9447 25.8455 25.9478 16.7714 42.4507 21.6541 8.50002 24.2873 2.88704 2.96749 13.1305 13.0918 2.28238 5.00702 2.44189 3.71089 8.54925 14.2855 0.377218 0.287911 0.59018 0.350931 0.184881 0.452336 0.0776855 0.0403316 0.0352332
threshold=0.61168676490966423 0.52102862529569294 0.21821931409656012 0.77692039150474768 0.050112893505481405 6.5000000000000009 0.30996399644545392 0.014744368493971835 0.26969689915409245 3.5000000000000004 21.500000000000004 0.00011105777113034734 0.55187041443273244 0.47492814856243182 0.07401519825186316 0.006752950084619346 0.59406677549667541 2.5000000000000004 0.37703876156758848 21.500000000000004 0.55258286185066441 2.5000000000000004 0.49472527613725181 0.46736007295483939 2.5000000000000004 0.011627513162747438 0.010107768423229231 0.26969689915409245 0.0036527986902349869 0.56968344794642389
decision_type=2 2 2 2 2 2 2 2 2 2 2 2 2 2 2 2 2 2 2 2 2 2 2 2 2 2 2 2 2 2
left_child=2 4 -1 9 5 -2 7 8 -4 -3 -11 -8 15 14 -14 16 17 18 -13 20 -20 -15 23 24 -17 26 27 -24 -18 -27
right_child=1 3 6 -5 -6 -7 11 -9 -10 10 -12 12 13 21 -16 22 28 -19 19 -21 -22 -23 25 -25 -26 29 -28 -29 -30 -31
leaf_value=-0.051097596772888221 -0.051082417972914768 0.11086098986568554 0.12067394895518235 -0.054767340485320087 0.11250642610968438 0.10223190885079259 0.14658846812832943 0.14337786408406888 -0.051412395669292454 -0.055289618283787895 0.10802711544614241 0.12944645277277156 -0.051465175353583525 0.11617694574813971 0.10812871049729052 0.1169507412638887 0.11222211986959152 0.13817513689682165 -0.054130941888218653 0.16802239560113721 0.12751376059439032 0.10618446705483781 0.11389913773877858 0.12074789250028228 0.11001184577717804 0.11190268965210814 0.11843063354604476 0.11086397140840903 0.11409388731051383 0.1127271609059447
leaf_weight=19.883097529411316 340.97586787305772 30.58283594250679 2.4568890035152453 9.7292654253542405 2.4691076278686515 2.7823075428605071 6.6200218424201003 9.0954291727393848 7.1422412227839231 3.2410825416445714 7.6486388184130192 18.932308435440067 2.6600512638688079 17.304779648780823 2.4858713150024414 31.768400996923447 69.359915561974049 39.002069670706987 1.9697270914912213 2.1207801997661591 2.4027971141040325 20.793216094374657 41.86014461517334 36.27156076207757 42.729918060824275 155.69828605651855 48.501212358474731 42.472907029092312 49.189546346664429 772.50098133087158
leaf_count=984 18378 27 2 214 1 6 6 22 314 64 6 13 112 11 1 15 30 37 56 5 2 32 17 16 39 63 20 23 20 313
internal_value=0.0795915 -0.0335934 0.11076 0.0684479 -0.0486837 -0.0498415 0.113021 0.0659746 -0.00736705 0.0973537 0.0594195 0.113647 0.113491 0.100597 0.0256308 0.113903 0.119096 0.130316 0.11826 0.0856428 0.0456868 0.110723 0.113092 0.115517 0.112971 0.112839 0.114583 0.112371 0.112999 0.112589
internal_weight=1840.65 397.429 1443.22 51.2018 346.227 343.758 1423.34 18.6946 9.59913 41.4726 10.8897 1404.64 1398.02 43.2439 5.14592 1354.78 182.977 64.4277 25.4256 6.4933 4.37252 38.098 1171.8 110.77 74.4983 1061.03 132.834 84.3331 118.549 928.199
internal_count=20849 18696 2153 311 18385 18384 1169 338 316 97 70 831 825 156 113 669 163 113 76 63 58 43 506 70 54 436 60 40 50 376
is_linear=0
shrinkage=0.05


Tree=10
num_leaves=31
num_cat=0
split_feature=7 6 7 6 2 1 1 7 7 4 7 6 3 7 6 7 3 1 1 6 6 7 1 7 6 4 7 6 2 2
split_gain=2045.53 119.317 78.176 89.7776 54.1731 44.2905 34.3418 27.2638 21.4747 17.2344 26.3196 27.329 11.8976 59.7768 14.0678 13.4751 7.81071 16.905 7.03235 14.1723 6.37955 21.5316 6.05195 14.6593 14.9473 14.0053 3.24941 11.2706 21.0223 2.16645
threshold=0.3458917321179949 0.020781001596177493 0.43542881278117024 0.022226539321003422 21.500000000000004 4.5000000000000009 4.5000000000000009 0.21821931409656012 0.278306994020798 1.0000000180025095e-35 0.2396101482698676 0.0055584511297559697 1.0000000180025095e-35 0.50696498429313719 0.0036046560675305583 0.81338551208624488 1.5000000000000002 1.0000000180025095e-35 2.5000000000000004 0.07401519825186316 0.0056158814018239149 0.24106763456983801 1.0000000180025095e-35 0.62461637458143737 0.026676147941145343 1.0000000180025095e-35 0.59406677549667541 0.026676147941145343 22.500000000000004 4.5000000000000009
decision_type=2 2 2 2 2 2 2 2 2 2 2 2 2 2 2 2 2 2 2 2 2 2 2 2 2 2 2 2 2 2
left_child=1 5 3 4 6 9 -2 -3 -7 -1 -11 -12 13 -4 15 -15 17 -6 19 -9 -13 -22 23 24 25 -14 27 28 -16 -24
right_child=2 7 12 -5 16 8 -8 18 -10 10 11 20 22 14 26 -17 -18 -19 -20 -21 21 -23 29 -25 -26 -27 -28 -29 -30 -31
leaf_value=-0.050910381191246551 -0.051049005397894948 -0.051085772974164528 -0.051629301247203364 0.10346659249524977 0.13789618070909601 -0.051488971812742992 0.081401151161907728 -0.053133160283987936 0.095434905535474901 -0.050930574780342297 -0.05113310708419111 0.21451886233343331 -0.054122257861117157 -0.05238871646138972 -0.056242439446694104 0.1048876659539959 0.12953008222514284 -0.053830406088680664 0.11567529314938914 0.12629412190434638 0.21001178294238551 -0.051492992470035505 0.10671757960632684 0.10739785787756423 0.109012952212095 0.085283379600003317 0.10477598269115102 0.1057765041128256 0.13859006978810914 0.10192317446642295
leaf_weight=281.60788560472429 27.2653140835464 3.6060942560434368 7.1407058816403142 48.5169687140733 2.4062227029353362 3.5646078735589972 5.9645191580057135 2.038636680692437 8.2271096520125848 11.471713574603202 3.0409268941730243 1.7921502403914926 4.8389340918511135 2.9994360674172631 3.3910148348659304 2.4945712089538574 7.254407050088048 2.2017176132649183 14.554255833849309 2.391634464263916 1.8170893359929325 1.3887430783361194 928.01336016505957 24.935719596222043 4.9657697677612305 2.8703594524413347 95.827075965702534 14.949154138565062 2.3398526273667812 315.80874394625425
leaf_count=16295 1492 190 330 39 10 174 13 65 23 650 161 3 128 114 75 1 19 67 21 1 2 66 459 12 2 11 60 6 4 356
internal_value=0.0756087 -0.0360276 0.100509 0.0562604 0.00546891 -0.0440393 -0.0272751 0.0749461 0.0510202 -0.0477618 -0.00231686 0.0670561 0.103445 0.0889801 0.0972099 0.0190231 0.0971944 0.0462874 0.0988857 0.0437287 0.138966 0.0967298 0.104903 0.0851425 0.0413594 -0.00221811 0.100897 0.0829221 0.0233056 0.1055
internal_weight=1839.68 335.501 1504.18 93.6091 45.0922 312.91 33.2298 22.5906 11.7917 301.119 19.5106 8.03891 1410.57 129.142 122.001 5.49401 11.8623 4.60794 18.9845 4.43027 4.99798 3.20583 1281.43 37.6108 12.6751 7.70929 116.507 20.68 5.73087 1243.82
internal_count=20849 17651 3198 1640 1601 17374 1505 277 197 17177 882 232 1558 590 260 115 96 77 87 66 71 68 968 153 141 139 145 85 79 815
is_linear=0
shrinkage=0.05


Tree=11
num_leaves=31
num_cat=0
split_feature=7 6 7 6 4 4 1 7 7 3 2 6 1 3 1 6 7 6 2 6 7 1 6 1 7 3 7 6 2 7
split_gain=1816.08 111.142 67.9872 80.387 64.8015 41.9545 41.274 39.4014 24.2083 17.5164 15.2431 14.4603 9.27254 12.5326 7.13597 27.4911 17.0052 7.56688 42.7332 6.90909 6.18373 5.99803 12.5562 5.73643 8.57835 3.08613 10.3177 17.0287 20.1998 2.07241
threshold=0.3458917321179949 0.020781001596177493 0.4582492326650574 0.022226539321003422 1.0000000180025095e-35 1.0000000180025095e-35 4.5000000000000009 0.2396101482698676 0.21821931409656012 1.0000000180025095e-35 22.500000000000004 0.0012061840587895753 4.5000000000000009 1.5000000000000002 1.5000000000000002 0.0034802866415202696 0.76573366385537411 0.016909826596304276 4.5000000000000009 0.0055584511297559697 0.43542881278117024 2.5000000000000004 0.07401519825186316 3.5000000000000004 0.42315554613810852 1.0000000180025095e-35 0.56968344794642389 0.026676147941145343 22.500000000000004 0.62461637458143737
decision_type=2 2 2 2 2 2 2 2 2 2 2 2 2 2 2 2 2 2 2 2 2 2 2 2 2 2 2 2 2 2
left_child=1 5 3 4 6 12 10 -7 -3 -9 -2 -12 -1 -14 15 16 -4 18 29 -11 23 22 -10 24 -6 26 27 28 -16 -17
right_child=2 8 14 -5 20 7 -8 9 21 19 11 -13 13 -15 25 17 -18 -19 -20 -21 -22 -23 -24 -25 -26 -27 -28 -29 -30 -31
leaf_value=-0.0508652560270113 -0.051058027046150624 -0.051032067610046798 -0.052668871169930645 0.096978533907201597 -0.051032667872420646 -0.050886898780352768 0.083323161891309006 -0.051223192416460742 -0.052980021538151879 0.069050580031283268 0.12829583139218442 -0.054018871654282298 -0.051916844397267403 0.087299340492882488 -0.053519775203277158 0.079696364292155028 0.10470190421209935 0.10030033691433218 -0.05389727301810452 0.14898783880325733 0.17380536831588611 0.10842230277053214 0.1172422539022428 0.15931463807569804 0.10931091566514806 0.10025521626151412 0.098165825138376739 0.1001399505114226 0.11705213935685935 0.10162357214983719
leaf_weight=268.10534770786762 29.964345859363675 3.433741774410012 5.3869704930111757 61.690721657127142 1.2329849041998371 11.021968957036735 8.7557181939482671 2.2228397130966178 1.9446749873459364 6.4514630287885648 2.4826246537268153 1.9355675540864465 3.6767327319830647 2.8851666580885649 5.3377463379874852 17.686468547210097 2.5194781087338924 110.70234089717269 5.5540792830288401 4.6524202115833759 4.1517655644565821 14.746007874608038 2.4459295272827148 2.1678597889840603 2.5786799136549234 1113.7364652547985 94.159629071131349 9.9934413433074933 2.5720521695911884 27.578461691737175
leaf_count=16295 1668 190 192 48 66 655 17 122 65 77 12 52 171 17 202 56 2 54 136 37 11 21 1 4 8 565 79 4 10 12
internal_value=0.0721109 -0.035776 0.0950848 0.0581261 0.0131316 -0.0438517 -0.0135938 0.0190522 0.071213 0.0768959 -0.0382743 0.0484255 -0.049428 0.00929438 0.09813 0.0885119 -0.00252092 0.0929679 0.0769952 0.102544 0.126926 0.0931478 0.0418479 0.0943766 0.0574435 0.0994594 0.0915503 0.0567569 0.00194559 0.0930559
internal_weight=1831.77 321.586 1510.19 114.96 53.2695 299.016 43.1383 24.3487 22.5704 13.3267 34.3825 4.41819 274.667 6.5619 1395.23 169.428 7.90645 161.521 50.819 11.1039 10.1313 19.1366 4.3906 5.97952 3.81166 1225.8 112.063 17.9032 7.9098 45.2649
internal_count=20849 17651 3198 1886 1838 17374 1749 891 277 236 1732 64 16483 188 1312 452 194 258 204 114 89 87 66 78 74 860 295 216 212 68
is_linear=0
shrinkage=0.05


Tree=12
num_leaves=31
num_cat=0
split_feature=5 6 1 5 3 6 5 0 0 6 3 4 3 5 0 5 4 6 3 0 6 5 5 4 5 6 0 0 1 0
split_gain=1844.95 165.893 66.2317 29.5228 51.9406 23.9191 15.6009 15.1125 12.7344 9.41386 11.6376 9.32984 18.7001 12.3655 8.65877 13.3366 3.97199 8.26856 16.5334 13.2423 1.75458 1.74663 8.17454 1.54824 0.875791 3.76569 8.15272 3.97509 1.75277 7.42473
threshold=0.61168676490966423 0.024248155883799551 6.5000000000000009 0.46216228778122764 1.0000000180025095e-35 0.030404255738759909 0.71021633856751809 250.21386734161678 142.43913000854596 0.0018976489379050373 1.5000000000000002 1.0000000180025095e-35 1.5000000000000002 0.76340114324169617 359.18051420138005 0.64630581293608913 1.0000000180025095e-35 0.019602292486637841 1.5000000000000002 157.91048069127996 0.00011105777113034734 0.55973067993470238 0.56609114701859709 1.0000000180025095e-35 0.41572676676501963 0.006675367782316248 22.021907444659572 22.29592645052881 4.5000000000000009 217.6223793275561
decision_type=2 2 2 2 2 2 2 2 2 2 2 2 2 2 2 2 2 2 2 2 2 2 2 2 2 2 2 2 2 2
left_child=3 2 11 20 5 7 -3 -5 -8 10 -6 14 -13 -14 -2 -16 17 18 19 -11 -1 -20 -23 -12 -22 26 -26 -28 29 -29
right_child=1 6 -4 4 9 -7 8 -9 -10 16 23 12 13 -15 15 -17 -18 -19 21 -21 24 22 -24 -25 25 -27 27 28 -30 -31
leaf_value=0.12706651970995483 -0.05121469100141901 0.092374776770806799 0.099287282593103446 -0.051246758361134619 -0.05155597919117804 0.096562546818733205 -0.053657765959926079 0.072969244352907442 0.088264503270325534 -0.052532254096550005 0.052194757403511371 -0.051235366176993702 0.085369122174751039 -0.051399529545124389 0.095403144747735702 -0.05118755781591483 0.099807851882295365 0.094867369932300563 0.088836381907361844 0.08433388127581877 0.096575907565860916 0.10346248824595389 -0.052078182906272724 0.10291895525093964 -0.054191115435122561 0.09507710135137093 0.13623028874351345 -0.051535870342219528 0.093219403957571029 0.089098469018086587
leaf_weight=4.6250300947576752 286.61879241745919 25.764789203181863 7.8681680765002957 13.35720983613283 2.694207093678413 4.9921195507049552 3.7807890931144348 2.9982653381302944 2.7160355616360903 4.8425962347537306 3.7040128419175744 13.757641240023078 5.6101050470024338 2.342781450599432 2.5807245951145878 3.8907926036044955 47.31187127251178 45.15834254771471 18.766346563585106 2.7829440077766776 1210.4522744286805 2.5372616872191425 1.2663169978186486 2.5331582119688392 1.2968850303441275 83.322091732174158 2.3231780529022199 1.4376310873776672 2.5109031796455383 2.7031983230262995
leaf_count=7 17328 35 9 742 139 2 122 24 9 235 53 808 33 115 6 231 34 27 68 17 577 4 58 3 33 64 1 58 2 5
internal_value=0.0690643 -0.0331905 -0.0439993 0.0938953 0.0731089 0.000764453 0.074915 -0.0284756 0.00567367 0.0848445 0.0352843 -0.0475806 -0.0159538 0.0450795 -0.0499233 0.00727018 0.088453 0.0813238 0.0610688 -0.0025829 0.0963246 0.0825744 0.0516787 0.0727958 0.0962156 0.0915557 0.0629913 0.0799243 0.0602589 0.0402724
internal_weight=1816.55 354.931 322.669 1461.62 152.945 21.3476 32.2616 16.3555 6.49682 131.597 8.93138 314.801 21.7105 7.95289 293.09 6.47152 122.666 75.3538 30.1955 7.62554 1308.67 22.5699 3.80358 6.23717 1304.05 93.5939 10.2718 8.97491 6.65173 4.14083
internal_count=20849 18696 18530 2153 1406 768 166 766 131 638 195 18521 956 148 17565 237 443 409 382 252 747 130 62 56 740 163 99 66 65 63
is_linear=0
shrinkage=0.05


Tree=13
num_leaves=31
num_cat=0
split_feature=5 7 7 5 6 1 7 6 5 6 1 7 5 7 6 6 7 4 3 1 6 7 6 7 7 1 3 6 6 6
split_gain=1659.03 182.004 134.949 53.8686 19.6315 19.1315 10.8457 24.5592 15.9832 5.97749 14.033 15.1032 1.91017 13.2553 18.7845 1.67729 3.8485 1.38702 0.783416 1.21592 2.42927 0.28583 0.737411 0.0903266 0.0290462 0.0198417 0.0186103 0.0143419 0.0139971 0.0139269
threshold=0.61168676490966423 0.52102862529569294 0.21821931409656012 0.77692039150474768 0.050112893505481405 6.5000000000000009 0.30996399644545392 0.014744368493971835 0.26969689915409245 0.024248155883799551 3.5000000000000004 0.81338551208624488 0.46216228778122764 0.47492814856243182 0.024248155883799551 0.0057480518373054087 0.59406677549667541 1.0000000180025095e-35 1.5000000000000002 3.5000000000000004 0.030404255738759909 0.55258286185066441 0.012770485319886527 0.49472527613725181 0.46736007295483939 3.5000000000000004 1.0000000180025095e-35 0.0091011447666225643 0.0052042945460223098 0.026676147941145343
decision_type=2 2 2 2 2 2 2 2 2 2 2 2 2 2 2 2 2 2 2 2 2 2 2 2 2 2 2 2 2 2
left_child=2 4 -1 9 5 24 7 8 -4 10 11 27 15 14 -14 16 17 -8 19 20 -15 22 -17 25 29 -24 -23 -3 -5 -2
right_child=1 3 6 28 -6 -7 12 -9 -10 -11 -12 -13 13 18 -16 21 -18 -19 -20 -21 -22 26 23 -25 -26 -27 -28 -29 -30 -31
leaf_value=-0.050940758913887885 -0.05081405603542808 -0.055601297737391378 0.097302933750049767 -0.052930912581367652 0.091676741835939615 0.076166096120298399 0.099570669092039807 0.1066250999990988 -0.05128649397673625 0.09335048722160684 0.091197170189494164 0.09688802095515181 -0.052311981700083214 0.051665819154762288 0.092846238020289462 0.099554174110982677 0.090713307376573071 0.11550889696308975 0.093085671409145976 0.091579343686393477 0.092801394190818273 0.092132901735851785 0.09382489739469832 0.090909883374105521 -0.053564024947880762 0.092410646352056341 0.091363929873608987 -0.061672400290943008 -0.056806723621697724 -0.053938030510007187
leaf_weight=16.857381966896355 269.27754595410079 2.8146408284083035 2.5599658638238925 4.3862669346854073 2.479393243789672 2.9910703226923934 26.012488851323724 10.145318854600189 6.1758516570553184 24.857460021972656 10.554308006539939 2.4974207878112793 4.0502537740394455 6.9231990948319417 4.9556887149810791 40.254736546427011 79.653015479445457 28.722980797290802 84.571543119847775 22.672679543495178 7.4525535106658936 86.814257383346558 49.742336608469486 86.608500480651855 10.270497342571614 49.461570501327515 839.90383219718933 1.4865371240302918 4.9676901632919908 3.6155174979940048
leaf_count=984 17939 60 2 146 1 6 32 22 314 10 12 1 181 38 2 28 34 13 36 12 3 35 23 35 335 20 339 14 68 104
internal_value=0.0664416 -0.0329534 0.0897048 0.053572 -0.0484112 -0.0496249 0.0913551 0.0537097 -0.00774348 0.0776296 0.0551099 -0.000912811 0.0918564 0.0860954 0.0275641 0.0924411 0.0977273 0.107934 0.0904296 0.0843666 0.072991 0.0918248 0.0934189 0.0920897 -0.0509537 0.0931198 0.091436 -0.0576995 -0.0549893 -0.0508554
internal_weight=1793.74 340.198 1453.54 51.5643 288.634 286.155 1436.68 18.8811 8.73582 42.2104 17.3529 6.7986 1417.8 130.626 9.00594 1287.17 134.388 54.7355 121.62 37.0484 14.3758 1152.79 226.067 185.812 283.164 99.2039 926.718 4.30118 9.35396 272.893
internal_count=20849 18696 2153 311 18385 18384 1169 338 316 97 87 75 831 272 183 559 79 45 89 53 41 480 106 78 18378 43 374 74 214 18043
is_linear=0
shrinkage=0.05


Tree=14
num_leaves=31
num_cat=0
split_feature=5 7 7 5 6 1 7 6 5 6 1 7 5 7 4 6 5 7 6 4 6 7 4 7 5 6 6 0 7 6
split_gain=1500.08 171.463 121.78 49.1577 18.4112 17.9448 10.0293 21.3411 14.7186 5.42821 12.4181 13.92 1.786 4.75131 13.5036 1.43012 0.439392 1.68273 5.47935 8.91949 0.811513 2.04206 0.490037 0.111188 0.276193 0.498768 0.1598 0.0352423 0.0251808 0.01219
threshold=0.61168676490966423 0.52102862529569294 0.21821931409656012 0.77692039150474768 0.050112893505481405 6.5000000000000009 0.30996399644545392 0.014744368493971835 0.26969689915409245 0.024248155883799551 3.5000000000000004 0.81338551208624488 0.55187041443273244 0.50696498429313719 1.0000000180025095e-35 0.00011105777113034734 0.46216228778122764 0.59406677549667541 0.013840254139052708 1.0000000180025095e-35 0.006752950084619346 0.59406677549667541 1.0000000180025095e-35 0.55258286185066441 0.26969689915409245 0.030404255738759909 0.03718888413275865 105.41190538350232 0.46736007295483939 0.0091011447666225643
decision_type=2 2 2 2 2 2 2 2 2 2 2 2 2 2 2 2 2 2 2 2 2 2 2 2 2 2 2 2 2 2
left_child=2 4 -1 9 5 28 7 8 -4 10 11 29 15 14 -14 -8 20 18 19 -18 21 22 -17 24 25 -22 -26 -23 -2 -3
right_child=1 3 6 -5 -6 -7 12 -9 -10 -11 -12 -13 13 -15 -16 16 17 -19 -20 -21 23 27 -24 -25 26 -27 -28 -29 -30 -31
leaf_value=-0.050894154266272251 -0.050813440242687774 -0.055326260802618155 0.092376014584446595 -0.05473499906591725 0.088025861541256911 0.071694394587621474 0.11608380094032462 0.099527282531581343 -0.051223282235203539 0.089491031991026551 0.086466602421534935 0.092558267310438452 -0.052024623654286617 0.08556093104212345 0.089344654895195358 0.09450287746894874 -0.053894882542121027 0.088730181729599358 0.08654424849126495 0.087126615230005894 0.093925835970536997 0.086111712926622688 0.10301655117245311 0.087830135390797356 0.084429273995855716 0.087703768801077164 0.088920083724112406 0.088033815032263041 -0.053395338825788057 -0.061041538348500596
leaf_weight=16.049551066942513 259.79307397548109 2.6903424914926317 2.5615848228335398 8.938035103492437 2.4537396430969229 3.0180020406842223 4.6567278131842604 10.320536563172935 5.8817185331135988 24.638267755508423 10.574442954733966 2.4838392734527588 2.5314941275864831 38.357062544673681 5.076775218360126 36.203703638166189 2.0355305327102569 64.022406242787838 14.956152852624653 2.4964107200503349 59.010670900344849 44.267443373799324 31.702225036919117 897.36202621459961 37.727358467876911 70.913432359695435 41.709013938903809 51.700063303112984 9.7996844165027124 1.4282809132710097
leaf_count=984 18043 60 2 214 1 6 3 22 314 10 12 1 113 36 10 38 73 27 10 2 24 19 14 366 28 29 17 22 335 14
internal_value=0.0641382 -0.0327422 0.0860655 0.0516989 -0.0483227 -0.04955 0.0876097 0.0512967 -0.00765718 0.0744493 0.0528736 -0.000928622 0.0880948 0.0784015 0.042307 0.0884227 0.0883275 0.0848143 0.07195 0.0237865 0.0885584 0.0918423 0.0984775 0.0880722 0.0891098 0.0905298 0.0867872 0.0871472 -0.0509073 -0.0573082
internal_weight=1765.36 325.818 1439.54 50.7532 275.065 272.611 1423.49 18.7638 8.4433 41.8152 17.1769 6.60246 1404.73 45.9653 7.60827 1358.76 1354.11 83.5105 19.4881 4.53194 1270.6 163.873 67.9059 1106.72 209.36 129.924 79.4364 95.9675 269.593 4.11862
internal_count=20849 18696 2153 311 18385 18384 1169 338 316 97 87 75 831 159 123 672 669 112 85 75 557 93 52 464 98 53 45 41 18378 74
is_linear=0
shrinkage=0.05


Tree=15
num_leaves=31
num_cat=0
split_feature=5 6 1 5 3 6 0 2 2 5 0 1 3 2 6 0 0 1 5 6 0 0 1 2 6 3 5 2 6 5
split_gain=1362.75 135.942 54.0341 21.1362 38.4897 18.8461 12.4184 11.6957 39.7899 11.1629 10.0244 7.50406 17.6498 8.94098 1.7106 1.45751 12.2196 1.04346 0.876859 3.49594 6.90988 2.59604 1.48609 6.59509 0.634441 1.12707 1.80686 2.54253 2.03058 1.03423
threshold=0.61168676490966423 0.024248155883799551 6.5000000000000009 0.46216228778122764 1.0000000180025095e-35 0.030404255738759909 250.21386734161678 4.5000000000000009 21.500000000000004 0.71021633856751809 142.43913000854596 3.5000000000000004 1.5000000000000002 3.5000000000000004 0.014744368493971835 9.6949651946421227 9.4478757119129995 4.5000000000000009 0.41572676676501963 0.006675367782316248 22.021907444659572 22.29592645052881 4.5000000000000009 1.0000000180025095e-35 0.006244811724603741 1.5000000000000002 0.26969689915409245 3.5000000000000004 6.6796267474027819e-05 0.26969689915409245
decision_type=2 2 2 2 2 2 2 2 2 2 2 2 2 2 2 2 2 2 2 2 2 2 2 2 2 2 2 2 2 2
left_child=3 2 11 18 5 6 -5 -6 -9 -3 -11 15 -13 -14 17 16 -2 -10 24 20 -20 -22 23 -23 25 26 -1 -28 -29 -27
right_child=1 9 -4 4 7 -7 -8 8 14 10 -12 12 13 -15 -16 -17 -18 -19 19 -21 21 22 -24 -25 -26 29 27 28 -30 -31
leaf_value=0.089098854957652809 -0.050989182855821449 0.081353147825621447 0.084775390419348132 -0.051249720659710035 0.082947468614779377 0.085263929315953418 0.063454765459468251 -0.052195372841964675 0.042673416515045033 -0.053151522818502564 0.077230568778201669 -0.051891989098730384 0.077171580519329319 -0.052687771018872946 0.091793634229480836 -0.051003054489258508 0.049696224122488468 0.084891812471797903 -0.054918038889447275 0.083701559568589157 0.11197416516735247 0.080637519499645718 0.082710180962015795 -0.052458030238633171 0.084878524716136397 0.086899157574248931 0.086622902252775649 0.081427616006979273 0.023647262823944373 0.097076352172598912
leaf_weight=26.814820408821106 25.439755840227011 25.086909470148388 7.9746459424495688 11.818364182487132 99.990509918890893 4.8487272262573233 2.9482796294614664 7.495197398588064 3.545456629246476 3.2918703984469166 2.6698960904031992 13.523833873681726 5.3909894740208975 1.7576572382822631 14.440956452861426 223.39392917975783 3.4183802418410769 2.4924384187906981 1.3017030376940955 81.201160443946719 2.4714112281799299 2.6140836924314499 2.4262483064085245 1.4453855715692041 1038.5768555570394 58.443901129066944 7.7024733107537013 2.3699436187744141 4.2425427380949259 43.576166495680809
leaf_count=12 1769 35 9 742 155 2 24 418 54 122 9 818 17 83 8 15762 72 3 34 64 1 5 2 60 462 25 11 1 45 25
internal_value=0.0620898 -0.0325414 -0.0435151 0.0828673 0.0649549 -0.000264279 -0.028348 0.0749521 0.0463736 0.0667381 0.00523832 -0.0472636 -0.0183023 0.0452427 0.0824496 -0.049637 -0.0390625 0.0601011 0.0849436 0.080227 0.0527247 0.068368 0.0517516 0.0332485 0.0853086 0.0884292 0.0814418 0.0670986 0.044356 0.0912462
internal_weight=1732.71 311.948 280.899 1420.77 147.58 19.6154 14.7666 127.965 27.974 31.0487 5.96177 272.925 20.6725 7.14865 20.4789 252.252 28.8581 6.0379 1273.19 91.46 10.2588 8.95713 6.48572 4.05947 1181.73 143.15 41.1298 14.315 6.61249 102.02
internal_count=20849 18696 18530 2153 1406 768 766 638 483 166 131 18521 918 100 65 17603 1841 57 747 166 102 68 67 65 581 119 69 57 46 50
is_linear=0
shrinkage=0.05


Tree=16
num_leaves=31
num_cat=0
split_feature=7 7 6 2 6 4 6 1 2 1 7 1 2 2 7 1 6 1 7 1 6 2 6 4 6 1 0 4 7 2
split_gain=1122.92 70.5608 69.8694 43.9719 38.8077 23.8472 20.5812 20.5321 21.0515 14.2737 5.62192 14.7765 11.9125 24.3222 4.07289 7.79313 3.68326 3.35472 9.47996 2.3992 7.80907 1.75864 4.75152 5.5919 1.58496 3.06636 12.2989 2.06065 4.15983 7.42871
threshold=0.30996399644545392 0.43542881278117024 0.022226539321003422 21.500000000000004 0.050112893505481405 1.0000000180025095e-35 0.014744368493971835 2.5000000000000004 4.5000000000000009 4.5000000000000009 0.50696498429313719 2.5000000000000004 3.5000000000000004 22.500000000000004 0.31228261591571188 4.5000000000000009 0.00011105777113034734 3.5000000000000004 0.40590577401962674 1.5000000000000002 0.07401519825186316 4.5000000000000009 0.011292980606260191 1.0000000180025095e-35 0.0027031936033404271 3.5000000000000004 30.772014120446794 1.0000000180025095e-35 0.81338551208624488 1.0000000180025095e-35
decision_type=2 2 2 2 2 2 2 2 2 2 2 2 2 2 2 2 2 2 2 2 2 2 2 2 2 2 2 2 2 2
left_child=4 2 3 7 5 -1 9 -2 14 -7 11 12 16 -14 -9 -16 -3 18 -5 20 -18 -13 23 -23 25 26 -12 28 29 -28
right_child=1 10 -4 17 -6 6 -8 8 -10 -11 24 21 13 -15 15 -17 19 -19 -20 -21 -22 22 -24 -25 -26 -27 27 -29 -30 -31
leaf_value=-0.050708946574141912 -0.05088381240298076 0.12746402779591182 0.079058355291934751 -0.051329753714823789 0.10063444750892714 -0.050763986974579817 0.089718189789359373 0.12530170481134098 -0.053143030998380761 0.078978092036048997 -0.053486827781547668 0.083591412422785935 -0.052847525784742694 0.072585629333341964 -0.050788977953655869 0.079037045247464299 -0.052038524891841201 0.085757702828252319 0.074450794573802145 0.075385107369392745 0.086681545562385609 -0.052326372179305053 0.079551288786887636 0.067060257289936906 0.080943824188267732 0.080744839821731362 0.073443005163395886 0.083804133355623284 0.085357635394075884 -0.053482910403091832
leaf_weight=205.24417713657022 28.022668328136206 2.4107341729104546 56.774374867789447 2.0089249424636391 4.6204044818878165 10.805621444247665 5.4713231027126303 2.4175318488851172 5.6845903424546114 2.6372942570596924 2.2177295079454806 65.469628212973475 7.926768343895672 7.5416845493018627 1.498194091953337 5.0596915856003761 1.7360609360039205 10.319309053942559 5.8904517777264118 8.4105865005403757 2.4409806728363037 1.656794093549254 14.481098135933278 2.4039441449567676 1166.4018853893504 45.953889138996601 2.7042466029524803 12.13747083581984 4.8311150074005127 2.009375330992043
leaf_count=15743 2039 3 51 117 2 790 42 4 340 8 70 58 372 16 107 5 76 19 24 35 1 74 16 5 706 27 6 10 2 81
internal_value=0.0602357 0.076289 0.0391552 0.00195607 -0.0428017 -0.0457582 0.0079638 -0.0258012 0.0221443 -0.0253106 0.0795241 0.0689238 0.039094 0.00830774 0.0698276 0.0493774 0.0708451 0.0669857 0.042463 0.0600017 0.0290267 0.0797415 0.066148 0.0183501 0.0805057 0.07319 0.0586639 0.0701351 0.052753 0.0193356
internal_weight=1697.19 1468.41 117.676 60.9014 228.779 224.158 18.9142 42.6827 14.66 13.4429 1350.73 114.478 30.4668 15.4685 8.97542 6.55789 14.9984 18.2187 7.89938 12.5876 4.17704 84.0115 18.5418 4.06074 1236.26 69.8538 23.8999 21.6822 9.54474 4.71362
internal_count=20849 4264 2706 2655 16585 16583 840 2495 456 798 1558 656 503 388 116 112 115 160 141 112 77 153 95 79 902 196 169 99 89 87
is_linear=0
shrinkage=0.05


Tree=17
num_leaves=31
num_cat=0
split_feature=5 7 7 5 6 1 7 5 4 6 1 7 3 5 5 3 1 6 6 5 3 6 7 1 6 7 6 7 7 6
split_gain=1149.02 141.113 95.2128 41.2391 15.4164 14.8447 5.50942 20.748 14.7633 4.68051 9.81995 11.8507 1.28331 1.41576 1.02082 4.75121 8.30623 0.722363 0.480938 0.210426 0.476701 1.56876 2.62849 2.08221 0.467181 1.42013 0.133335 0.0625368 0.0215327 0.020569
threshold=0.61168676490966423 0.52102862529569294 0.21821931409656012 0.77692039150474768 0.050112893505481405 6.5000000000000009 0.35963692606151626 0.44018887201575585 1.0000000180025095e-35 0.024248155883799551 3.5000000000000004 0.81338551208624488 1.5000000000000002 0.21661244440873653 0.55187041443273244 1.5000000000000002 2.5000000000000004 0.00040446990488254196 0.0087251227357952859 0.37703876156758848 1.5000000000000002 0.015960691776764676 0.71748051682258629 3.5000000000000004 0.011116279507993735 0.59406677549667541 0.006752950084619346 0.49472527613725181 0.47492814856243182 0.009388768675051026
decision_type=2 2 2 2 2 2 2 2 2 2 2 2 2 2 2 2 2 2 2 2 2 2 2 2 2 2 2 2 2 2
left_child=2 4 -1 9 5 28 7 12 -9 10 11 -3 13 -4 17 16 29 -8 -15 24 21 22 23 -21 25 -19 -22 -26 -2 -16
right_child=1 3 6 -5 -6 -7 14 8 -10 -11 -12 -13 -14 18 15 -17 -18 19 -20 20 26 -23 -24 -25 27 -27 -28 -29 -30 -31
leaf_value=-0.050811476763237121 -0.050726246849592399 -0.057020537010925944 0.081002966566952647 -0.054662527364993545 0.079660880348950094 0.060862108828754417 0.093460211289534731 -0.051242886913233789 0.083175300159492316 0.080723224810499081 0.076014296541259518 0.084044750556300174 0.087604883489537655 0.038695254448117541 -0.052091261823882531 0.079575252106624181 0.06590257175834259 0.088543171928784137 0.065873467177014519 0.022025237193631291 0.082657448633298394 0.07960276834675617 0.078371159971961535 0.067659583299632689 0.080723953122505132 0.079514606325656823 0.079171048026831697 0.07926763367234621 -0.053480493248302924 -0.063518749987922896
leaf_weight=14.29219644051045 226.35768170002848 3.8953511202707913 9.3049862384796125 8.529733710922299 2.3370275497436515 3.0141742378473273 9.5520735215395671 6.0231921039521676 3.0910072503611445 23.553721189498901 10.375026660040019 2.4098997116088867 19.381916590034962 3.6777724009007207 1.3026479156687845 35.8639942612499 5.7245318591594696 60.385308504104614 2.9202008359134197 4.9840286392718571 35.836429042741656 60.829576592892408 14.214764341711996 5.0147221200168133 82.06942343711853 156.26055145263672 116.82316713221371 724.24381709098816 7.3260012809187165 0.56438782904297102
leaf_count=984 18110 74 4 214 1 6 6 363 24 10 12 1 19 36 52 27 24 28 9 43 19 27 7 5 35 67 54 311 268 9
internal_value=0.0585189 -0.0323153 0.0775678 0.0452006 -0.0481288 -0.0493905 0.0789189 0.0615961 -0.00565604 0.0663719 0.0461068 -0.00310465 0.0789675 0.0684406 0.0795043 0.0719687 0.0360341 0.0797621 0.0507241 0.0796583 0.0783183 0.0753183 0.0645547 0.0449125 0.0799697 0.0820311 0.0799895 0.0794159 -0.0508126 -0.0555457
internal_weight=1660.16 287.799 1372.36 48.7637 239.035 236.698 1358.07 44.3991 9.1142 40.234 16.6803 6.30525 35.2849 15.903 1313.67 43.4556 7.59157 1270.21 6.59797 1260.66 237.703 85.0431 24.2135 9.99875 1022.96 216.646 152.66 806.313 233.684 1.86704
internal_count=20849 18696 2153 311 18385 18384 1169 455 387 97 87 75 68 49 714 112 85 602 45 596 155 82 55 48 441 95 73 346 18378 61
is_linear=0
shrinkage=0.05


Tree=18
num_leaves=31
num_cat=0
split_feature=5 6 1 5 3 6 0 5 2 6 0 1 3 2 0 0 2 6 3 6 5 1 3 6 6 0 6 0 6 2
split_gain=1055.15 112.162 45.0596 16.3691 29.7097 15.2564 10.4541 8.97992 8.87516 32.2411 8.33039 6.64381 14.931 7.05774 1.37169 10.4189 0.866278 1.1309 0.80363 3.8777 21.3134 0.41072 0.845541 1.07893 0.299522 0.5989 0.308774 0.111085 0.096618 0.102507
threshold=0.61168676490966423 0.024248155883799551 6.5000000000000009 0.46216228778122764 1.0000000180025095e-35 0.030404255738759909 250.21386734161678 0.71021633856751809 4.5000000000000009 0.01182175657943345 142.43913000854596 3.5000000000000004 1.5000000000000002 3.5000000000000004 9.6949651946421227 9.4478757119129995 22.500000000000004 0.050112893505481405 1.0000000180025095e-35 0.010234575731995951 0.26969689915409245 1.5000000000000002 1.5000000000000002 0.03718888413275865 0.006752950084619346 18.658234525047334 0.0015889988020590547 65.312757477349265 0.0042482339453318646 2.5000000000000004
decision_type=2 2 2 2 2 2 2 2 2 2 2 2 2 2 2 2 2 2 2 2 2 2 2 2 2 2 2 2 2 2
left_child=3 2 11 18 5 6 -5 -3 21 -10 -9 14 -13 -14 15 -2 17 -11 19 20 -1 22 23 -6 25 -20 27 -27 29 -28
right_child=1 7 -4 4 8 -7 -8 10 9 16 -12 12 13 -15 -16 -17 -18 -19 24 -21 -22 -23 -24 -25 -26 26 28 -29 -30 -31
leaf_value=0.079976329978640001 -0.050910638566695879 0.073529320699929165 0.074907429737351455 -0.051255687373085994 0.0345530222754067 0.07758257013061956 0.057161236704612921 -0.053104081994931301 -0.05228183829767466 0.039760988744363318 0.069505112332392344 -0.05199062226787237 0.068848949598589934 -0.05253428186513797 -0.050923194981530764 0.044587956432293796 0.08336381081407819 0.078017587038985356 0.08826060103907063 0.077254575552064136 -0.054977110978023352 0.076514084092675086 0.076376415906907302 0.078725277232852525 0.077249965685538269 0.079312825614356028 0.077932895047597942 0.084150678574194115 0.07840584331725331 0.073048968111811649
leaf_weight=13.917391851544382 22.080678467638794 23.822582464665178 7.8223197981715193 10.469602600671353 3.4262436386197779 4.5803465843200675 2.8229968063533297 3.0240277759730807 6.7187206670641926 3.333614177070559 2.556533221155405 11.990010351873936 5.2061607250943771 1.5552873797714708 194.00418250542134 3.2803580099716774 11.629556833766401 4.5936720371246338 17.778701361268759 90.030571738258004 3.7043982045724979 79.190564887598157 10.161955276504159 2.3174257278442383 943.23455122485757 23.520331211388111 18.507927276194096 23.945882240310311 44.173191804438829 25.61033898871392
leaf_count=7 1769 35 9 742 48 2 24 122 424 48 9 818 17 83 15762 72 9 2 28 52 108 77 29 1 441 19 9 21 26 36
internal_value=0.05703 -0.0321386 -0.0431728 0.0753022 0.0590716 -0.00111373 -0.0282308 0.0601555 0.0679343 0.0422123 0.00306491 -0.0470518 -0.0184858 0.040928 -0.0494937 -0.0385582 0.0746756 0.0619298 0.0771787 0.0730563 0.0516068 0.0750414 0.0677094 0.0523754 0.0775833 0.0796313 0.0785013 0.0817534 0.0767529 0.0750978
internal_weight=1619.01 275.342 245.939 1343.67 139.245 17.8729 13.2926 29.4031 121.372 26.2756 5.58056 238.117 18.7515 6.76145 219.365 25.361 19.5568 7.92729 1204.42 107.652 17.6218 95.0962 15.9056 5.74367 1096.77 153.536 135.758 47.4662 88.2915 44.1183
internal_count=20849 18696 18530 2153 1406 768 766 166 638 483 131 18521 918 100 17603 1841 59 50 747 167 115 155 78 49 580 139 111 40 71 45
is_linear=0
shrinkage=0.05


Tree=19
num_leaves=31
num_cat=0
split_feature=7 7 6 2 6 4 1 2 6 1 7 1 2 2 7 1 4 6 1 6 6 0 6 1 2 0 7 0 2 2
split_gain=879.205 53.9229 53.953 35.5225 32.2886 21.6807 17.7023 17.2236 15.9396 12.1041 4.55653 11.4369 9.06888 19.8959 2.55181 6.13054 2.41738 4.88897 7.82511 2.27911 1.8961 7.03214 1.49357 4.29841 15.3151 1.80158 1.50242 4.72719 6.45952 1.23941
threshold=0.30996399644545392 0.43542881278117024 0.022226539321003422 21.500000000000004 0.050112893505481405 1.0000000180025095e-35 2.5000000000000004 4.5000000000000009 0.014744368493971835 4.5000000000000009 0.50696498429313719 2.5000000000000004 3.5000000000000004 22.500000000000004 0.31228261591571188 4.5000000000000009 1.0000000180025095e-35 0.0012061840587895753 4.5000000000000009 0.00011105777113034734 0.012246653813243651 11.022373351969 0.0065977609619128248 1.5000000000000002 2.5000000000000004 52.983782115057288 0.59406677549667541 10.595155689298823 21.500000000000004 4.5000000000000009
decision_type=2 2 2 2 2 2 2 2 2 2 2 2 2 2 2 2 2 2 2 2 2 2 2 2 2 2 2 2 2 2
left_child=4 2 3 6 5 -1 -2 14 9 -7 11 12 19 -14 -8 -16 17 -5 -19 -3 21 -21 23 24 -12 26 27 -25 -29 -13
right_child=1 10 -4 16 -6 8 7 -9 -10 -11 22 29 13 -15 15 -17 -18 18 -20 20 -22 -23 -24 25 -26 -27 -28 28 -30 -31
leaf_value=-0.050626270604554449 -0.050843399853850925 0.10657795366744023 0.072000569137203083 0.078006442578727048 0.090174979643438943 -0.050684759035089948 0.10536265032198688 -0.053395949106409858 0.078587407810265283 0.072129718079313329 0.072434412379686924 0.076034198367353159 -0.052832440887474699 0.066267739780236395 -0.050695806277147683 0.071699158604523555 0.082742038364161996 -0.053805862808025622 0.07210940727953212 0.078367409248662367 0.06949962134830362 -0.051663994027124883 0.074390142444220195 0.077674195113649813 -0.052555493268895172 0.075361786989533872 0.068308882319129724 -0.055097247350311185 0.064384771633083385 0.060876877439461435
leaf_weight=177.86066148709506 24.472852740436792 2.535332469269636 53.543662784621119 5.3795185750350374 4.4918925762176505 9.4101912965998071 2.5256127463653666 5.0197899034246793 5.4621556904166928 2.5498076295480123 10.022700222209094 61.929004585370421 6.9630863163620216 7.06376788392663 1.3004456581547854 4.7968776449561119 7.2295620143413535 2.4698941735550761 2.4656386822462082 2.6966672129929048 7.6083216313272715 1.6922290148213504 1009.8792301146314 5.3540707584470493 3.244062438607215 96.913175404071808 30.032894090749323 2.1310390802100301 2.4109691642224789 17.241805491968989
leaf_count=15743 2039 3 51 28 2 790 4 340 42 8 22 58 372 16 107 5 9 120 3 10 16 86 548 15 129 84 37 60 7 95
internal_value=0.055659 0.0698808 0.0361681 0.00169812 -0.0423634 -0.0454121 -0.0254019 0.020236 0.0078188 -0.0245014 0.0727849 0.0629486 0.035824 0.00714509 0.0631003 0.0455946 0.0605728 0.045035 0.00909749 0.063505 0.0544025 0.0282311 0.0736984 0.0690448 0.0418712 0.0716793 0.0627415 0.0458453 0.00832568 0.0727332
internal_weight=1576.7 1376.92 109.204 55.6602 199.775 195.283 38.1156 13.6427 17.4222 11.96 1267.72 107.73 28.5594 14.0269 8.62294 6.09732 17.5446 10.3151 4.93553 14.5326 11.9972 4.3889 1159.99 150.109 13.2668 136.842 39.929 9.89608 4.54201 79.1708
internal_count=20849 4264 2706 2655 16585 16583 2495 456 840 798 1558 656 503 388 116 112 160 151 123 115 112 96 902 354 151 203 119 82 67 153
is_linear=0
shrinkage=0.05


Tree=20
num_leaves=31
num_cat=0
split_feature=5 7 7 5 6 1 7 6 5 6 1 7 5 7 4 5 7 6 1 7 6 5 6 6 6 1 7 6 6 4
split_gain=905.911 117.464 76.6293 34.8179 13.0452 12.4204 7.18594 12.7107 10.2491 4.18816 8.09102 10.2478 1.47762 2.91328 9.21627 0.339739 1.41273 5.81975 9.46797 0.335117 1.0256 0.101344 0.227141 0.0608163 0.0381058 0.025203 0.0186268 0.0131401 0.0116046 0.011575
threshold=0.61168676490966423 0.52102862529569294 0.21821931409656012 0.77692039150474768 0.050112893505481405 6.5000000000000009 0.30996399644545392 0.014744368493971835 0.26969689915409245 0.024248155883799551 3.5000000000000004 0.81338551208624488 0.55187041443273244 0.50696498429313719 1.0000000180025095e-35 0.41572676676501963 0.52102862529569294 0.013840254139052708 1.0000000180025095e-35 0.56968344794642389 0.006244811724603741 0.26969689915409245 0.026676147941145343 0.0032816105135228218 0.03718888413275865 3.5000000000000004 0.47492814856243182 0.026676147941145343 0.0087251227357952859 1.0000000180025095e-35
decision_type=2 2 2 2 2 2 2 2 2 2 2 2 2 2 2 2 2 2 2 2 2 2 2 2 2 2 2 2 2 2
left_child=2 4 -1 9 5 26 7 8 -4 10 11 28 15 14 -14 19 17 18 -17 20 -8 22 -22 -21 -23 -18 27 -2 -3 -24
right_child=1 3 6 -5 -6 -7 12 -9 -10 -11 -12 -13 13 -15 -16 16 25 -19 -20 23 21 24 29 -25 -26 -27 -28 -29 -30 -31
leaf_value=-0.05073739518621774 -0.050593945620858977 -0.054460943470082505 0.074850448778187195 -0.054480167181895148 0.073680175877435874 0.052576910269809596 0.081586454401509356 0.077061746397089834 -0.051160908424965935 0.07446089710072222 0.068443315502205004 0.077789355643409108 -0.05205359841256027 0.069697847018520442 0.073480709645895509 0.078386341028027037 0.072629009736644545 0.072783557792154355 -0.054826731710047517 0.0713080565404835 0.077196071328776983 0.071327480458784745 0.073652495062207265 0.073327042331615272 0.07353231485267675 0.074028004848760362 -0.053329676902600522 -0.053890118551525146 -0.060179860105948314 0.072586403914208772
leaf_weight=12.701956606470047 192.84913148358464 2.2025725534185763 2.4097947552800205 7.9922320609912267 2.1809897422790518 2.9516372680664054 51.921916525810957 10.115759873762725 4.8841169252991676 22.03557825088501 9.9493937231600267 2.2961914539337158 2.1367367897182694 34.804637325927615 4.6305909706279635 2.7641823645681169 59.703322792425752 20.221697326749563 2.5776813616976142 39.317110791802406 53.719685316085815 41.849910780787468 58.685637950897217 726.54343891143799 36.853493928909302 69.864964008331299 6.6844637943431726 3.0717138024047008 1.4851501239463685 44.971653938293457
leaf_count=984 18006 59 2 214 1 6 30 22 314 10 12 1 113 36 10 12 36 14 78 20 24 26 27 335 17 32 268 104 15 21
internal_value=0.054362 -0.0319572 0.0714616 0.0403739 -0.0479601 -0.0492507 0.0726858 0.040784 -0.00952872 0.0603401 0.0408113 -0.00513227 0.0731299 0.0638614 0.0338441 0.0734486 0.071264 0.0605219 0.0141052 0.0737702 0.0752241 0.0738248 0.0745574 0.0732234 0.0723599 0.0733834 -0.0507342 -0.0506456 -0.0567641 0.07319
internal_weight=1534.38 253.699 1280.68 45.9611 207.738 205.557 1267.98 17.4097 7.29391 37.9689 15.9333 5.98391 1250.57 41.572 6.76733 1208.99 155.132 25.5636 5.34186 1053.86 288.002 236.08 157.377 765.861 78.7034 129.568 202.605 195.921 3.68772 103.657
internal_count=20849 18696 2153 311 18385 18384 1169 338 316 97 87 75 831 159 123 672 172 104 90 500 145 115 72 355 43 68 18378 18110 74 48
is_linear=0
shrinkage=0.05


Tree=21
num_leaves=31
num_cat=0
split_feature=5 6 1 5 3 6 4 5 4 3 2 2 2 2 5 1 4 6 3 6 5 1 3 5 1 2 6 5 6 3
split_gain=838.205 93.3201 37.9863 13.2982 23.9396 12.6489 7.93717 7.4294 7.11969 11.6533 6.99083 26.4994 6.92906 6.68665 2.6103 7.68415 0.728853 0.985477 0.659957 3.18734 17.7137 0.422177 0.710303 0.772124 0.127201 0.438006 1.19008 1.37485 0.15403 0.174208
threshold=0.61168676490966423 0.024248155883799551 6.5000000000000009 0.46216228778122764 1.0000000180025095e-35 0.030404255738759909 1.0000000180025095e-35 0.71021633856751809 1.0000000180025095e-35 1.5000000000000002 4.5000000000000009 21.500000000000004 2.5000000000000004 3.5000000000000004 0.64630581293608913 3.5000000000000004 1.0000000180025095e-35 0.050112893505481405 1.0000000180025095e-35 0.010234575731995951 0.26969689915409245 1.5000000000000002 1.5000000000000002 0.48011880266979329 1.5000000000000002 4.5000000000000009 0.026676147941145343 0.32671335553782699 0.011116279507993735 1.5000000000000002
decision_type=2 2 2 2 2 2 2 2 2 2 2 2 2 2 2 2 2 2 2 2 2 2 2 2 2 2 2 2 2 2
left_child=3 2 8 18 5 6 -5 -3 14 -10 21 -12 -9 -11 15 -2 17 -13 19 20 -1 22 23 -6 25 -20 27 -27 29 -26
right_child=1 7 -4 4 10 -7 -8 12 9 13 11 16 -14 -15 -16 -17 -18 -19 24 -21 -22 -23 -24 -25 28 26 -28 -29 -30 -31
leaf_value=0.073902155057536681 -0.051491805945295344 0.06771269245070051 0.067474022816750343 -0.05135463403260622 0.06991021912695651 0.072036421523367866 0.043621147021373603 0.062819548821540866 -0.05095320781278373 0.065956762484935719 -0.052270118485543943 0.035271012347827646 -0.053128284315950215 -0.050903571136826524 -0.050884988588736961 0.045619002902053514 0.076953409283334759 0.072285736803112829 0.072028515041922467 0.071613799313877777 -0.055041580009389003 0.070835193148051187 0.06977992790082925 0.031496569219885966 0.071120129558078019 0.069251648011523545 0.072260799363201497 0.02935057259252033 0.071751128616143439 0.074195431588684899
leaf_weight=12.993234442546965 7.456620271317659 22.207203303463761 7.5278844144195309 9.0986339719966072 2.208737496286628 4.2441968917846671 2.9012133572250596 2.4240423236042252 9.0944288475438935 4.8816096596419802 5.9921260662376907 3.1151900989934811 2.7506198491901159 1.6337707024067638 181.79971997998655 2.8027045400813222 11.012243054807186 4.2534286975860596 87.423250168561935 83.557010369375348 3.3502353243529788 73.649142573587596 9.6572953015565872 3.208272441290319 65.76692564599216 4.3567140586674231 17.052360057830811 4.2794292131438851 684.98786874487996 153.60536893084645
leaf_count=7 670 35 9 725 4 2 41 21 808 28 418 56 110 120 16868 27 7 2 50 52 108 77 29 45 52 6 8 58 326 80
internal_value=0.0532388 -0.031799 -0.0428613 0.069785 0.054607 -0.00215254 -0.0283923 0.0551405 -0.0468609 -0.0143871 0.0627593 0.0390415 0.00118685 0.0366533 -0.0495003 -0.0249625 0.0688089 0.0566372 0.0715419 0.0676639 0.0474701 0.0692748 0.0616512 0.0471594 0.0719227 0.0703419 0.0646021 0.0494796 0.0721204 0.0732735
internal_weight=1489.29 242.579 215.197 1246.71 129.34 16.244 11.9998 27.3819 207.669 15.6098 113.096 24.373 5.17466 6.51538 192.059 10.2593 18.3809 7.36862 1117.37 99.9005 16.3435 88.7234 15.0743 5.41701 1017.47 113.112 25.6885 8.63614 904.36 219.372
internal_count=20849 18696 18530 2153 1406 768 766 166 18521 956 638 483 131 148 17565 697 65 58 747 167 115 155 78 49 580 122 72 64 458 132
is_linear=0
shrinkage=0.05


Tree=22
num_leaves=31
num_cat=0
split_feature=7 7 6 2 6 4 7 2 3 3 6 3 7 6 7 2 3 6 6 6 7 2 6 2 0 7 6 0 0 2
split_gain=702.913 42.3881 42.6201 29.1387 27.1616 19.3866 13.3591 13.1644 10.0883 6.08015 4.65875 4.35095 22.0589 4.82428 7.06793 9.57216 4.27518 7.47255 2.74696 3.89842 2.16974 1.65686 4.56398 28.8382 1.54957 0.917529 2.52692 6.91902 0.789721 3.57938
threshold=0.30996399644545392 0.43542881278117024 0.022226539321003422 21.500000000000004 0.050112893505481405 1.0000000180025095e-35 0.21821931409656012 4.5000000000000009 1.0000000180025095e-35 1.0000000180025095e-35 0.0022344410131799144 1.0000000180025095e-35 0.50696498429313719 0.0089661772434227564 0.71748051682258629 22.500000000000004 1.5000000000000002 0.0012061840587895753 0.014744368493971835 0.0014748685111789916 0.31228261591571188 4.5000000000000009 0.0055584511297559697 21.500000000000004 20.222569374079253 0.50696498429313719 0.026676147941145343 139.24294864870001 20.459713049707108 1.0000000180025095e-35
decision_type=2 2 2 2 2 2 2 2 2 2 2 2 2 2 2 2 2 2 2 2 2 2 2 2 2 2 2 2 2 2
left_child=4 2 3 7 5 -1 -7 8 -2 -8 -10 12 -3 14 15 -14 17 -5 19 -11 -12 -13 23 -23 -22 26 27 -24 -26 -30
right_child=1 11 -4 16 -6 6 9 -9 10 18 20 21 13 -15 -16 -17 -18 -19 -20 -21 24 22 25 -25 28 -27 -28 -29 29 -31
leaf_value=-0.050555877873159322 -0.05080749543835314 -0.05122257987334871 0.066747842343600775 0.070032952587426076 0.082507292907453983 -0.050545312504389497 -0.050805802481261 -0.051422283789592897 -0.051352108572415046 0.061520079949602652 0.092220697289163434 0.069894349578740786 -0.05299819072604435 0.067391051307816183 0.066618915915208438 0.072011450830718068 0.072479254645437141 -0.054138314782354861 0.084907414357405619 -0.051280837453907192 -0.050601522731103604 -0.055109893003769665 -0.052578425703421722 0.068331436268481191 0.069329217797630682 0.068849942989901131 0.069222618083018536 0.064789558734573136 0.061751946247492362 -0.051044197928254292
leaf_weight=153.98710789345205 4.4188664536923161 4.4203528640791765 49.69072484690696 2.8358275340870032 4.27355933189392 6.1323976125568143 1.4552232753485412 19.754700137302279 1.211946504190563 2.5065042572095995 2.5314608067274076 794.88256282266229 3.8405036460608235 86.571716452017426 8.4070271002128703 2.5467740800231695 11.598048442974687 2.1154627865180373 4.7526869745925069 1.1030237516388295 0.46577630005776871 5.633474617265164 1.7670634314417863 29.546794962137938 2.0107202529907227 213.48111655376852 14.363185383379458 4.3391683790832758 2.4952201228588824 0.97939349897205819
leaf_count=15743 419 330 51 25 2 602 132 1829 98 25 5 497 171 75 9 5 29 106 5 76 44 207 70 34 1 143 8 9 22 77
internal_value=0.0521922 0.0651125 0.0338857 0.00149731 -0.0419899 -0.0451207 0.00735286 -0.0250738 0.0118066 0.0435186 0.0403467 0.0677848 0.0581139 0.0628819 0.0364954 -0.00315359 0.0558748 0.0169802 0.0599333 0.0270496 0.0534482 0.0687463 0.0653554 0.0485646 0.0369553 0.0678803 0.0577682 0.0308248 0.04439 0.029958
internal_weight=1444.12 1269.91 100.108 50.4174 174.211 169.937 15.9498 33.8681 14.1134 9.81744 9.69452 1169.8 105.786 101.366 14.7943 6.38728 16.5493 4.95129 8.36221 3.60953 8.48257 1064.01 269.131 35.1803 5.95111 233.951 20.4694 6.10623 5.48533 3.47461
internal_count=20849 4264 2706 2655 16585 16583 840 2495 666 238 247 1558 590 260 185 176 160 131 106 101 149 968 471 241 144 230 87 79 100 99
is_linear=0
shrinkage=0.05


Tree=23
num_leaves=31
num_cat=0
split_feature=7 7 6 2 6 1 1 2 2 2 6 3 7 6 1 3 1 3 6 1 7 6 0 7 0 7 2 7 2 2
split_gain=653.349 39.4319 39.2903 27.0339 25.5557 14.8951 14.602 13.3374 6.08255 5.95039 11.4958 4.09178 20.4779 4.44989 8.28452 3.94208 7.77543 2.00655 3.73795 1.8817 5.3766 5.85215 5.68883 1.46397 2.52545 5.34972 0.902125 3.13565 15.9344 0.814039
threshold=0.30996399644545392 0.43542881278117024 0.022226539321003422 21.500000000000004 0.050112893505481405 4.5000000000000009 2.5000000000000004 4.5000000000000009 4.5000000000000009 22.500000000000004 0.014744368493971835 1.0000000180025095e-35 0.50696498429313719 0.0089661772434227564 2.5000000000000004 1.5000000000000002 1.0000000180025095e-35 1.5000000000000002 0.0085145720443151763 1.0000000180025095e-35 0.62461637458143737 0.026676147941145343 105.41190538350232 0.81338551208624488 167.80222277587788 0.71748051682258629 4.5000000000000009 0.50696498429313719 21.500000000000004 22.500000000000004
decision_type=2 2 2 2 2 2 2 2 2 2 2 2 2 2 2 2 2 2 2 2 2 2 2 2 2 2 2 2 2 2
left_child=4 2 3 6 5 9 -2 17 -7 -1 -11 12 -3 14 -14 16 -5 18 -8 20 21 22 -13 24 25 -16 -21 28 -28 -29
right_child=1 11 -4 15 -6 8 7 -9 -10 10 -12 19 13 -15 23 -17 -18 -19 -20 26 -22 -23 -24 -25 -26 -27 27 29 -30 -31
leaf_value=-0.050507054284733434 -0.050775097637006605 -0.051164870926902896 0.065029152737427556 0.073486972005800746 0.08019511912112165 0.055313611354097708 -0.051207342009976647 -0.053493968499316424 -0.051706028514233116 -0.050743181044499132 0.074043835158364463 -0.053533895108036626 -0.052135260257626895 0.065831439149534321 -0.054433773353195838 0.070237053504349153 -0.053734573118855926 0.078729580893858897 0.062265826352241566 0.068538023574361215 0.069522353869697032 0.069809589335172728 0.048328484409866507 0.069547953404304294 0.074357761968184485 0.066879272921357105 -0.054544401211219173 0.063496891792483842 0.065143754414345653 0.069434870257160164
leaf_weight=147.08121153153479 20.345332711003721 4.2093926798552266 48.4845832567662 2.6775158494710931 4.17932105064392 5.0442386502400032 1.0399726880714282 4.2010060427710414 1.8020024718716738 5.1902502933517081 2.8640583148226142 3.1412155320867914 2.2608331460505715 84.250615602359176 1.7531442139297706 11.375548327341676 2.1778945019468665 4.4867339571937919 2.4020030153915286 748.61624411679804 20.35088259819895 4.064784049987793 2.4317970415577292 6.0431798696517944 2.4197659324854612 1.886864185333252 3.2848102217540172 104.59567513689399 18.124073156155646 128.78111684322357
leaf_count=15864 2039 330 51 15 2 50 89 340 143 505 21 118 133 75 45 29 116 8 19 459 12 2 21 3 3 1 133 134 22 67
internal_value=0.0511945 0.0637334 0.0331659 0.0014475 -0.0418807 -0.0450304 -0.0248873 0.0185345 0.0271449 -0.0482155 -0.00636975 0.0663481 0.0568359 0.0614459 0.0357226 0.0541385 0.0164217 0.0566987 0.0279806 0.0672945 0.0549529 0.0241886 -0.00908601 0.0521345 0.0347687 0.00845104 0.0676634 0.0650935 0.0467797 0.0667736
internal_weight=1399.57 1233.4 97.1906 48.706 166.161 161.982 32.475 12.1297 6.84624 155.136 8.05431 1136.21 102.824 98.6144 14.3638 16.231 4.85541 7.92871 3.44198 1033.39 29.9887 9.6378 5.57301 12.103 6.05977 3.64001 1003.4 254.786 21.4089 233.377
internal_count=20849 4264 2706 2655 16585 16583 2495 456 193 16390 526 1558 590 260 185 160 131 116 108 968 153 141 139 52 49 46 815 356 155 201
is_linear=0
shrinkage=0.05


Tree=24
num_leaves=31
num_cat=0
split_feature=5 6 1 5 3 1 6 0 3 2 6 5 2 6 6 6 1 0 5 2 6 6 3 6 1 2 5 0 6 5
split_gain=685.813 43.6362 32.1607 26.848 23.5009 9.5972 9.33071 5.3332 4.9861 12.8661 11.1025 3.75109 9.32784 15.0457 2.98466 5.84972 1.1025 2.92362 1.66522 4.44289 0.78271 3.57086 0.740385 1.28808 4.3245 0.689939 1.05068 1.19851 4.8091 0.617515
threshold=0.65313484629090202 0.03718888413275865 6.5000000000000009 0.55973067993470238 1.0000000180025095e-35 1.0000000180025095e-35 0.03718888413275865 17.453503771811572 1.5000000000000002 3.5000000000000004 0.0070743887854516378 0.46216228778122764 4.5000000000000009 0.013840254139052708 0.0020474856754845298 8.9898404961085606e-05 3.5000000000000004 31.898570695496215 0.60657807696387767 1.5000000000000002 0.0076877184288328586 0.024248155883799551 1.0000000180025095e-35 0.030404255738759909 3.5000000000000004 22.500000000000004 0.56609114701859709 157.91048069127996 0.03718888413275865 0.37703876156758848
decision_type=2 2 2 2 2 2 2 2 2 2 2 2 2 2 2 2 2 2 2 2 2 2 2 2 2 2 2 2 2 2
left_child=3 2 8 11 6 -6 -5 -7 -2 10 -10 29 22 -14 15 -9 17 -16 25 -20 -12 -22 23 24 -13 26 -19 28 -28 -1
right_child=1 -3 -4 4 5 7 -8 14 9 -11 20 12 13 -15 16 -17 -18 18 19 -21 21 -23 -24 -25 -26 -27 27 -29 -30 -31
leaf_value=0.067852639166305947 -0.050848508424714993 0.064502465531552658 0.061910113637806546 -0.051885681268120834 -0.051629572845303999 -0.050603378957725965 0.068042684530910599 0.070155797165258799 -0.052204964575939462 -0.051260738159293884 0.06263806057795504 -0.051642033583634298 -0.051516743638383204 0.058401841986945618 -0.050759421883769286 -0.051907939508990843 0.06714804264578067 0.072184489829871745 0.06523479345044024 -0.05535793195255341 -0.051860094185799746 0.065773002373582037 0.065563503561348754 0.06794899024658313 0.068559712329939168 0.078445136129167273 -0.060839569400753746 0.068361368758627555 0.067774448936412032 0.064325399985581538
leaf_weight=877.6492615211755 141.30218582879752 10.057354093529282 7.0949782170355311 9.6736435415223205 2.3203209592029443 1.2172268778085698 1.9485354423522956 2.1350462939590211 4.1922071631997806 23.294021436944604 4.4791846256703138 1.1692333715036505 4.9184945775195947 8.4820128111168724 0.68619731534272688 1.8167010238394139 21.871101482771337 4.5210395148023981 2.1679696617648001 1.179201736114919 0.92983184009790454 2.1070936201140285 59.934335657395422 3.8851058483123779 2.0782836833968759 4.3842586940154424 1.164137520827353 2.10337526910007 1.9347912073135376 144.51680098008364
leaf_count=498 15124 17 9 916 209 121 1 4 333 2198 18 88 445 33 62 138 22 12 11 87 88 7 92 2 4 5 51 4 1 249
internal_value=0.0502611 -0.0369024 -0.0424633 0.0647756 0.0319507 0.0475434 -0.0317789 0.0526366 -0.0466635 -0.0297691 0.0129892 0.0665357 0.0561417 0.0180576 0.055495 0.0140405 0.0595892 0.050476 0.0544559 0.0227502 0.0493521 0.0297566 0.0637512 0.0485227 0.0252824 0.0619784 0.0545535 0.0392313 0.0194596 0.0673539
internal_weight=1355.21 193.457 183.4 1161.76 59.1235 47.5014 11.6222 45.181 176.305 35.0023 11.7083 1102.63 80.4675 13.4005 43.9638 3.95175 40.0121 18.141 17.4548 3.34717 7.51611 3.03693 67.067 7.13262 3.24752 14.1076 9.72334 5.2023 3.09893 1022.17
internal_count=20849 17794 17777 3055 1644 727 917 518 17768 2644 446 1411 664 478 397 142 255 233 171 98 113 95 186 94 92 73 68 56 52 747
is_linear=0
shrinkage=0.05


Tree=25
num_leaves=31
num_cat=0
split_feature=5 7 7 5 7 5 2 6 1 5 7 6 2 6 1 5 7 7 6 7 6 7 6 6 5 6 6 6 7 6
split_gain=639.069 80.1633 48.098 23.5798 10.3304 12.0807 10.2367 10.0169 9.31132 3.98253 10.5629 7.00454 2.25609 3.98664 6.46495 0.473752 2.47796 3.39058 6.19823 0.194902 0.266787 0.115897 0.339713 0.0898911 0.0736815 0.100554 0.0695474 0.0384772 0.0160681 0.0130444
threshold=0.65313484629090202 0.21821931409656012 0.52102862529569294 0.77692039150474768 0.30996399644545392 0.26969689915409245 22.500000000000004 0.050112893505481405 6.5000000000000009 0.58045833459580731 0.55258286185066441 0.07401519825186316 3.5000000000000004 0.03718888413275865 6.5000000000000009 0.41572676676501963 0.49472527613725181 0.40590577401962674 0.03718888413275865 0.62461637458143737 0.024248155883799551 0.56968344794642389 0.006244811724603741 0.012770485319886527 0.26969689915409245 0.026676147941145343 0.0032816105135228218 0.03718888413275865 0.47492814856243182 0.026676147941145343
decision_type=2 2 2 2 2 2 2 2 2 2 2 2 2 2 2 2 2 2 2 2 2 2 2 2 2 2 2 2 2 2
left_child=1 -1 7 12 5 -3 -7 8 28 15 11 23 -4 14 -14 21 17 18 -17 20 -18 22 -6 -11 25 -24 -23 -26 29 -2
right_child=2 4 3 -5 9 6 -8 -9 -10 10 -12 -13 13 -15 -16 16 19 -19 -20 -21 -22 26 24 -25 27 -27 -28 -29 -30 -31
leaf_value=-0.050584094052138179 -0.050474156016601393 0.070198646798716 0.063360037344553782 -0.054398706442407234 0.071415724546984777 -0.051049361389193519 0.062497414395086472 0.066894121890807096 0.042076046424512424 -0.051359939921754839 0.062290555137395447 0.065184536165421705 -0.055705795389053216 0.067170740782239821 0.066937109798910918 -0.052785786273363701 0.058553908735581521 0.059842481836893474 0.069184125753249698 0.066779729022433801 0.06667355754723274 0.064106322902321822 0.069238712788530027 -0.069688420622667543 0.064234351013961286 0.066379096747214858 0.066435024217785452 0.066621613425373399 -0.053286291516398278 -0.05402875726268213
leaf_weight=15.170618735253809 143.76246165949851 8.311379052698614 12.772273231297737 7.2474694885313502 46.897081136703491 5.9993745936080796 2.9664283962920308 1.8876860141754139 2.7572371140122405 2.7215206278488071 22.00774871557951 1.7868263721466062 2.4903380312025529 3.8056305646896362 1.8900592327117918 2.1689252499490967 19.873737554997206 9.5188970593735558 2.0040066242218018 103.40231551975012 20.605521082878113 33.800097167491913 46.975498557090759 0.88699437305331219 36.133231721818447 88.953305602073669 623.56486392021179 31.675285339355469 5.5187684786505988 2.6281413859687737
leaf_count=1536 17139 6 14 214 30 489 23 1 6 213 26 1 60 2 1 105 32 39 1 56 11 20 24 17 26 48 335 17 257 100
internal_value=0.0494257 0.0635746 -0.0367593 0.0233433 0.0651345 0.0267739 -0.0134812 -0.0475878 -0.048985 0.0657409 0.0469202 -0.015776 0.0502268 0.0297355 -0.00278768 0.0662249 0.0636941 0.0433683 0.00578898 0.0656283 0.0626871 0.0666641 0.0675789 -0.0558652 0.0666958 0.0673673 0.0663153 0.0653495 -0.0506378 -0.050538
internal_weight=1310.18 1125.42 184.76 28.2058 1110.25 17.2772 8.9658 156.554 154.667 1092.98 27.4031 5.39534 20.9583 8.18603 4.3804 1065.57 157.573 13.6918 4.17293 143.882 40.4793 907.999 250.634 3.60852 203.737 135.929 657.365 67.8085 151.909 146.391
internal_count=20849 3055 17794 291 1519 518 512 17503 17502 1001 257 231 77 63 61 744 244 145 106 99 43 500 145 230 115 72 355 43 17496 17239
is_linear=0
shrinkage=0.05


Tree=26
num_leaves=31
num_cat=0
split_feature=5 7 7 5 7 5 2 1 5 7 5 2 2 2 5 5 0 5 7 7 0 2 3 7 7 2 5 7 5 2
split_gain=596.62 74.8074 45.7849 22.0625 9.76433 11.1993 9.50604 8.59563 3.78968 9.75836 4.43213 2.02261 2.72843 5.74677 1.40717 5.601 1.62945 0.493526 2.43033 3.19351 5.66513 0.518615 0.2334 0.0869946 0.0818333 0.115951 0.427361 0.10816 0.0593756 0.0268449
threshold=0.65313484629090202 0.21821931409656012 0.52102862529569294 0.77692039150474768 0.30996399644545392 0.26969689915409245 22.500000000000004 6.5000000000000009 0.58045833459580731 0.55258286185066441 0.59185574037052913 3.5000000000000004 22.500000000000004 21.500000000000004 0.69334968980408174 0.69090039809582982 64.560868604196301 0.41572676676501963 0.50696498429313719 0.40590577401962674 7.2238697099574898 21.500000000000004 1.5000000000000002 0.52102862529569294 0.56968344794642389 4.5000000000000009 0.21661244440873653 0.48560542529687939 0.37703876156758848 2.5000000000000004
decision_type=2 2 2 2 2 2 2 2 2 2 2 2 2 2 2 2 2 2 2 2 2 2 2 2 2 2 2 2 2 2
left_child=1 -1 7 11 5 -3 -7 14 17 10 -10 -4 13 -13 15 -2 -17 24 19 20 -19 -21 -20 -12 25 27 -27 -6 -26 -29
right_child=2 4 3 -5 8 6 -8 -9 9 -11 23 12 -14 -15 -16 16 -18 18 22 21 -22 -23 -24 -25 28 26 -28 29 -30 -31
leaf_value=-0.050555421335701359 -0.050815527245066078 0.068466644282665814 0.061692174522749478 -0.054181479778164836 0.068548259448927076 -0.050998595635869198 0.059259431960073217 0.040276538607452519 0.037201770484607662 0.060867146652416416 -0.051646935003939888 -0.055341705842451017 0.059271411651613308 0.064620536556771566 -0.050592712980632427 -0.050439055841499519 0.052590431442487422 0.066199021390269938 0.061606164282254752 0.047603521041017553 -0.052686845435229439 0.067431227245522821 0.066108900335182824 -0.072562075056383721 0.065377946902395123 0.068346041775465827 0.060226622015567381 0.065245293843045366 0.063344398216256689 0.0668154904147156
leaf_weight=14.438717065844683 9.044910083524881 8.1009084060788172 12.469433952122932 6.9209477663971475 68.790128491818905 5.7123191384598595 2.9719334170222282 2.7369320541620246 2.2447905517183271 21.411504426971078 2.2930099340155725 2.1467645140364757 3.8740296810865402 1.8661802541464565 134.83671416854486 0.47179902391508166 2.0565456333570182 1.9696793155744696 41.491461960598826 7.248569021932779 2.0397469843737781 6.0509649217128754 93.938726499676704 0.63482054695487011 597.00745630264282 34.472670674324036 30.585011139512062 55.472247242927551 38.191718876361847 53.447009086608887
leaf_count=1536 1051 6 14 214 38 489 23 6 27 26 195 57 4 2 16365 58 23 4 40 42 102 4 52 9 332 18 29 31 23 29
internal_value=0.0486722 0.0624966 -0.0366225 0.0229379 0.0640163 0.0261801 -0.013266 -0.0475155 0.064617 0.0459777 -0.0156556 0.0491577 0.0293404 0.000445548 -0.0491566 -0.0324251 0.0333647 0.0650978 0.0624746 0.0448325 0.00571728 0.0566246 0.0647294 -0.0561818 0.0655541 0.0663349 0.0645289 0.0669961 0.0652557 0.0660158
internal_weight=1264.94 1088.51 176.424 27.2774 1074.07 16.7852 8.68425 149.147 1057.29 26.5841 5.17262 20.3564 7.88697 4.01294 146.41 11.5733 2.52834 1030.71 152.739 17.309 4.00943 13.2995 135.43 2.92783 877.966 242.767 65.0577 177.709 635.199 108.919
internal_count=20849 3055 17794 291 1519 518 512 17503 1001 257 231 77 63 59 17497 1132 81 744 244 152 106 46 92 204 500 145 47 98 355 60
is_linear=0
shrinkage=0.05


Tree=27
num_leaves=31
num_cat=0
split_feature=5 7 7 5 7 5 2 5 0 1 2 2 5 5 2 5 5 5 7 0 0 7 1 3 3 1 3 5 7 0
split_gain=557.872 78.8942 39.8468 19.9326 11.1115 11.5099 9.0391 4.31716 7.48646 3.76759 8.88987 2.36018 1.97603 4.72536 2.11234 1.67992 4.5773 0.517582 2.39772 3.11532 4.94149 0.716803 1.80154 3.43848 0.246673 0.0806395 0.0572547 0.330078 0.169834 0.031279
threshold=0.66848493651542462 0.21821931409656012 0.52102862529569294 0.77692039150474768 0.30996399644545392 0.26969689915409245 22.500000000000004 0.58045833459580731 26.586070935241757 3.5000000000000004 1.5000000000000002 3.5000000000000004 0.69334968980408174 0.69090039809582982 2.5000000000000004 0.68303578599192039 0.70273297496554976 0.41572676676501963 0.50696498429313719 32.160128230491878 473.19937387509191 0.46736007295483939 1.0000000180025095e-35 1.5000000000000002 1.5000000000000002 6.5000000000000009 1.5000000000000002 0.32671335553782699 0.46736007295483939 12.976174973874604
decision_type=2 2 2 2 2 2 2 2 2 2 2 2 2 2 2 2 2 2 2 2 2 2 2 2 2 2 2 2 2 2
left_child=1 -1 12 11 5 -3 -7 17 -9 10 -10 -4 13 -2 -15 -13 -17 26 19 21 -21 22 -19 -24 -20 -14 27 29 -28 -6
right_child=2 4 3 -5 7 6 -8 8 9 -11 -12 15 25 14 -16 16 -18 18 24 20 -22 -23 23 -25 -26 -27 28 -29 -30 -31
leaf_value=-0.05051275765162784 -0.050959754674591053 0.066845400349397482 0.060102327515259603 -0.053975089999353049 0.066224452352980481 -0.050895458243352266 0.055156102517269469 -0.055181241265202498 0.056802001321658906 0.062829416524483969 -0.054165475640297847 0.06005108962446281 -0.050565023680185367 0.058172153363598961 -0.050849488844624084 0.055437023757147402 -0.054563263712135102 0.074349713239696733 0.060355237213282335 -0.053841715082249247 0.063253040083437101 0.064625456593135913 -0.053910933464840355 0.05462754718338704 0.065057344396827851 -0.068462862893348617 0.067441588019855114 0.060270511086982628 0.064536192584467564 0.064512356791286488
leaf_weight=15.584363061934708 5.4295240011997512 7.8879394084215191 12.167047498747712 6.6079468657262614 30.512106418609619 6.0622052331455034 3.0053065745159984 1.7580660702660704 5.9738571648485976 20.292667228728533 2.5862314603291452 1.8466609017923463 128.3291170601733 1.8860525572672489 0.58122102776542295 1.942451246082783 1.8430331815034149 2.3513973467052001 40.265098541975021 1.8754985989071422 1.7340286280959842 7.7402467969805002 1.1208318173885348 2.0909615634009242 90.76473306119442 0.63244377821683784 55.933382928371429 50.115474317222834 499.25627541542053 212.2393576130271
leaf_count=1780 648 6 14 214 17 571 27 119 21 20 177 3 16365 15 66 10 44 5 40 77 2 11 51 6 52 5 33 39 287 124
internal_value=0.0479644 0.0611553 -0.0386702 0.0201834 0.062823 0.0226768 -0.0157461 0.063486 0.0449908 0.0510946 0.0232758 0.0477147 -0.0491661 -0.0248868 0.0324897 0.020954 0.00188135 0.0640545 0.0613255 0.0436082 0.00241099 0.054786 0.041096 0.0167505 0.0636124 -0.0506528 0.0645305 0.0639649 0.0648289 0.0647276
internal_weight=1220.42 1059.15 161.265 24.4071 1043.57 16.9555 9.06751 1026.61 30.6108 28.8528 8.56009 17.7992 136.858 7.8968 2.46727 5.63215 3.78548 995.999 147.943 16.913 3.60953 13.3034 5.56319 3.21179 131.03 128.962 848.057 292.867 555.19 242.751
internal_count=20849 3465 17384 285 1685 604 598 1081 337 218 198 71 17099 729 81 57 54 744 244 152 79 73 62 57 92 16370 500 180 320 141
is_linear=0
shrinkage=0.05


Tree=28
num_leaves=31
num_cat=0
split_feature=5 7 7 5 7 5 4 5 0 7 1 2 5 4 5 5 7 5 5 5 2 2 7 4 7 1 0 7 0 1
split_gain=522.171 73.8074 38.0133 18.6414 10.5286 10.6967 8.64446 4.1091 6.9986 3.57106 7.64339 2.1586 1.90828 5.713 1.56173 4.2819 0.563309 1.62389 7.85764 0.207798 0.980229 1.49076 1.39567 0.077236 0.0762085 0.0701736 0.0510627 0.0508369 0.0431005 0.026423
threshold=0.66848493651542462 0.21821931409656012 0.52102862529569294 0.77692039150474768 0.30996399644545392 0.26969689915409245 1.0000000180025095e-35 0.58045833459580731 26.586070935241757 0.55258286185066441 3.5000000000000004 3.5000000000000004 0.69334968980408174 1.0000000180025095e-35 0.68303578599192039 0.70273297496554976 0.4288708452381923 0.37703876156758848 0.44018887201575585 0.37703876156758848 4.5000000000000009 22.500000000000004 0.62461637458143737 1.0000000180025095e-35 0.56968344794642389 6.5000000000000009 81.815778182774281 0.52102862529569294 43.402661237548259 3.5000000000000004
decision_type=2 2 2 2 2 2 2 2 2 2 2 2 2 2 2 2 2 2 2 2 2 2 2 2 2 2 2 2 2 2
left_child=1 -1 12 11 5 -3 -7 16 29 10 27 -4 13 -2 -13 -16 17 -6 -19 24 23 22 -22 26 -18 -14 28 -10 -21 -9
right_child=2 4 3 -5 7 6 -8 8 9 -11 -12 14 25 -15 15 -17 19 18 -20 20 21 -23 -24 -25 -26 -27 -28 -29 -30 -31
leaf_value=-0.050487606379152311 -0.05092413028721289 0.065320336869320567 0.058579399080508757 -0.053778988351416201 0.062402199249109107 -0.050971986872647861 0.053892210394393673 -0.052205239796798475 -0.05157267505668376 0.059699425024253711 0.059698890087682137 0.058796463755823251 -0.050538587031213604 0.047418863113640658 0.053929044806315378 -0.054333313081787959 0.064751323672718894 0.060488933943007854 -0.053003288294855781 0.063084503871158396 0.028198794767329532 0.063321935767871915 0.058789192630450106 0.064910114066231539 0.063506746470448364 -0.067545657836128217 0.064145862322939173 -0.071672092437389243 0.060337955637777933 -0.069076880174197539
leaf_weight=14.831503452267496 5.5462663783691815 7.6739493831992176 11.866873070597654 6.308014888316392 43.265291236341 5.8087682006880623 2.970170350279659 1.39940891414881 1.9584210948087304 21.735227923374623 3.8833798407576978 1.7931288387626398 122.13267534179613 2.0126984179951251 1.8980696550570431 1.7603795984759925 157.96146297454834 8.6533159073442203 1.8514060704037536 29.273623959161341 8.0115135554224235 19.872842311859131 6.9748699851334086 65.908047318458557 555.70289409160614 0.60956095159053703 36.118938338011503 0.37480251491069783 27.895315460860729 0.27819678559899319
leaf_count=1780 690 6 14 214 33 562 36 113 181 24 9 3 16365 39 10 44 92 17 107 22 39 12 6 38 332 5 23 4 23 6
internal_value=0.0473137 0.0602396 -0.038541 0.0198108 0.0618695 0.0221997 -0.0154934 0.062528 0.0441884 0.0501416 0.0167245 0.0466149 -0.0491215 -0.0247387 0.0205708 0.00183516 0.0630932 0.0581207 0.0404865 0.0633877 0.061937 0.0543428 0.042436 0.0635999 0.0637822 -0.050623 0.0626742 -0.0548014 0.0617443 -0.0550031
internal_weight=1176.33 1022.4 153.928 23.6265 1007.57 16.4529 8.77894 991.119 29.6294 27.9518 6.2166 17.3185 130.301 7.55896 5.45158 3.65845 961.49 53.77 10.5047 907.72 194.055 34.8592 14.9864 159.196 713.664 122.742 93.2879 2.33322 57.1689 1.67761
internal_count=20849 3465 17384 285 1685 604 598 1081 337 218 194 71 17099 729 57 54 744 157 124 587 163 57 45 106 424 16370 68 185 45 119
is_linear=0
shrinkage=0.05


Tree=29
num_leaves=31
num_cat=0
split_feature=5 7 7 5 7 6 6 5 5 0 7 7 7 2 5 6 6 6 7 6 4 5 6 5 2 2 6 7 4 6
split_gain=489.18 69.1117 36.2582 17.4393 9.99303 10.0902 8.59528 6.92087 3.94305 6.53936 3.31593 2.61999 2.36929 1.97597 1.45248 4.85942 0.711598 2.57123 0.604851 1.9043 3.65728 4.37654 6.63366 0.233921 1.00099 1.53689 2.39929 0.411336 0.0768284 0.110156
threshold=0.66848493651542462 0.21821931409656012 0.52102862529569294 0.77692039150474768 0.30996399644545392 0.014744368493971835 0.050112893505481405 0.26969689915409245 0.58045833459580731 26.586070935241757 0.55258286185066441 0.4498584112235971 0.36280291763404598 3.5000000000000004 0.68303578599192039 0.050112893505481405 0.00042636257431167998 0.07401519825186316 0.4288708452381923 0.022226539321003422 1.0000000180025095e-35 0.21661244440873653 0.0012061840587895753 0.37703876156758848 4.5000000000000009 22.500000000000004 0.03718888413275865 0.55258286185066441 1.0000000180025095e-35 0.015960691776764676
decision_type=2 2 2 2 2 2 2 2 2 2 2 2 2 2 2 2 2 2 2 2 2 2 2 2 2 2 2 2 2 2
left_child=1 -1 6 13 5 7 -2 -3 18 -10 11 12 -11 -4 -15 -16 -14 -18 19 20 21 -6 -23 -20 28 26 27 -26 29 -25
right_child=2 4 3 -5 8 -7 -8 -9 9 10 -12 -13 16 14 15 -17 17 -19 23 -21 -22 22 -24 24 25 -27 -28 -29 -30 -31
leaf_value=-0.050463695660819465 -0.050606648843696971 0.059195295999890131 0.057113880026065572 -0.053592653204276856 0.065243641233467348 0.058287101046709838 0.063489211323995418 -0.050831146871938938 -0.054772586489196785 -0.051399595910763776 0.058523504395230769 -0.059608242867631368 0.066767104103841401 0.057582644729653812 -0.05385268425675778 0.06353136029398164 -0.051283404403547207 0.062126131197554092 0.062934412499333389 0.063677266191177265 0.068120359536937694 0.052375808299288673 -0.056090562039162066 0.059014135679810023 0.011015135834315685 0.062505764105462089 0.06332620676179064 0.033566001871825783 0.063988443459839534 0.062848880227817663
leaf_weight=14.114678636193274 122.40772803267464 1.948645457625388 11.570392649620777 6.0207050614990285 3.5759131908416766 8.6501067187637073 1.6732342243194569 5.3621318661607802 1.6023089443333471 0.74786111619323747 21.080060256179422 0.95328878192231048 2.0075180842541158 1.7407191721722473 1.859996376093477 1.6762356758117676 0.73298690235242259 1.5708824396133423 687.77047300338745 34.920801401138306 7.997820856049656 2.6459406181238592 3.0168501795269549 26.556990148499608 3.878702989779411 19.144177675247192 6.6320391893386832 4.2245977185666561 63.573665618896484 63.520585816353559
leaf_count=1780 17098 2 14 214 2 34 1 568 119 80 24 30 5 3 53 1 78 1 424 21 10 24 100 28 30 12 4 11 38 40
internal_value=0.0467004 0.0593813 -0.0384057 0.0194475 0.0609762 0.0217392 -0.0490681 -0.0215042 0.0616311 0.0433767 0.0491815 0.0164282 0.0307554 0.0455498 0.020194 0.0017894 0.0450062 0.0260444 0.0621959 0.0569651 0.0433664 0.0219373 -0.00540962 0.0625076 0.0609422 0.0531628 0.0410244 0.0227719 0.0626576 0.0617183
internal_weight=1133.18 986.229 146.949 22.868 972.114 15.9609 124.081 7.31078 956.153 28.6949 27.0926 6.01254 5.05925 16.8473 5.27695 3.53623 4.31139 2.30387 927.459 52.1573 17.2365 9.2387 5.66279 875.301 187.531 33.8795 14.7353 8.1033 153.651 90.0776
internal_count=20849 3465 17384 285 1685 604 17099 570 1081 337 218 194 164 71 57 54 84 79 744 157 136 126 124 587 163 57 45 41 106 68
is_linear=0
shrinkage=0.05


Tree=30
num_leaves=31
num_cat=0
split_feature=5 7 7 5 7 5 6 2 5 0 7 3 2 5 6 7 6 2 2 5 3 6 7 7 7 6 7 6 7 6
split_gain=458.756 64.7899 34.594 16.3379 9.55705 9.3602 8.15646 7.7283 3.7767 6.12028 3.05409 5.06708 1.79151 1.3464 4.5804 0.601588 1.8584 2.67387 6.85105 0.258177 1.09966 3.88759 4.04127 1.9303 0.0743338 0.0656125 0.034179 0.0246952 0.0522439 0.0241737
threshold=0.66848493651542462 0.21821931409656012 0.52102862529569294 0.77692039150474768 0.30996399644545392 0.26969689915409245 0.050112893505481405 22.500000000000004 0.58045833459580731 26.586070935241757 0.55258286185066441 1.5000000000000002 3.5000000000000004 0.68303578599192039 0.050112893505481405 0.4288708452381923 0.022226539321003422 21.500000000000004 3.5000000000000004 0.37703876156758848 1.5000000000000002 0.01351637701194827 0.71748051682258629 0.49472527613725181 0.56968344794642389 0.0028745718196686886 0.52102862529569294 0.011448708818734233 0.62461637458143737 0.011996746680337197
decision_type=2 2 2 2 2 2 2 2 2 2 2 2 2 2 2 2 2 2 2 2 2 2 2 2 2 2 2 2 2 2
left_child=1 -1 6 12 5 -3 -2 -7 15 29 11 26 -4 -14 -15 16 17 18 -6 25 21 22 23 -21 -22 -17 -11 28 -27 -10
right_child=2 4 3 -5 8 7 -8 -9 9 10 -12 -13 13 14 -16 19 -18 -19 -20 20 24 -23 -24 -25 -26 27 -28 -29 -30 -31
leaf_value=-0.050440962991176945 -0.050580569333593874 0.062623342081783606 0.055697596425573308 -0.053415590409131547 0.052779981631196383 -0.050832934801816304 0.062659412626537417 0.050523098069736511 -0.05082445457008386 -0.051095556650706614 0.057391692202460542 0.047067047820162022 0.056402436815343404 -0.053660924387289449 0.062698429100188996 0.064173133596271012 0.062839901165523113 0.059133503789641675 -0.05420930589393002 0.036502082797639016 0.064671630465691951 0.061263728861738344 0.057852881767434118 -0.019436048635407956 0.061947620211216393 0.064292589076863554 -0.067943072142510025 0.061874057234021743 0.061997664221923515 -0.065067058261212868
leaf_weight=13.43219595402479 116.49635558342561 7.2657164558768264 11.278840899467474 5.7455765702761701 4.6713234595954445 5.3501088004559261 1.6121704578399647 2.9002480111084878 1.1233623316511536 1.3637111815623963 20.437374977394938 4.0325831696391106 1.6895924219861616 1.7754462053999305 1.6151270866394043 37.762124061584473 33.649052023887634 9.8643775652162713 2.2014476247131824 2.5260711414739472 35.232158184051514 46.102265387773514 6.6346114575862885 3.9597750417888165 86.60940121114254 35.157218933105469 0.38632387109100808 505.18877363204956 84.17414379119873 0.40545171312987793
leaf_count=1780 17098 6 14 214 27 571 1 27 111 155 24 34 3 53 1 23 21 19 90 22 21 33 5 26 56 21 5 326 54 8
internal_value=0.0461371 0.0585924 -0.0382906 0.0191178 0.0601555 0.0212406 -0.0490349 -0.0152032 0.0608107 0.0426445 0.0483146 0.0162339 0.0445929 0.0199385 0.0017678 0.0613747 0.0560676 0.0424522 0.0185098 0.0616918 0.0600187 0.0544297 0.0304163 0.00235042 0.0627353 0.0621492 -0.0548147 0.0620269 0.0626738 -0.0546017
internal_weight=1090.64 950.43 140.213 22.1046 936.998 15.5161 118.109 8.25036 921.482 27.7488 26.22 5.78262 16.359 5.08017 3.39057 893.733 50.3862 16.7371 6.87277 843.347 181.064 59.2227 13.1205 6.48585 121.842 662.282 1.75004 624.52 119.331 1.52881
internal_count=20849 3465 17384 285 1685 604 17099 598 1081 337 218 194 71 57 54 744 157 136 117 587 163 86 53 48 77 424 160 401 75 119
is_linear=0
shrinkage=0.05


Tree=31
num_leaves=31
num_cat=0
split_feature=5 7 7 5 7 6 6 5 5 0 6 0 2 7 6 5 6 7 6 4 5 6 5 2 2 6 7 4 6 6
split_gain=430.527 60.784 33.0093 15.3099 9.10232 8.79143 7.74165 6.14979 3.69013 5.71271 2.98702 3.46618 1.62352 1.42696 4.50165 1.24787 4.31983 0.623582 1.86731 3.29742 4.01288 5.90847 0.27695 1.04757 1.62661 2.41515 0.745319 0.0759606 0.14453 0.0557347
threshold=0.66848493651542462 0.21821931409656012 0.52102862529569294 0.77692039150474768 0.30996399644545392 0.014744368493971835 0.050112893505481405 0.26969689915409245 0.58045833459580731 26.586070935241757 0.019602292486637841 43.810396466208054 3.5000000000000004 0.59406677549667541 0.00031231586842974329 0.68303578599192039 0.050112893505481405 0.4288708452381923 0.022226539321003422 1.0000000180025095e-35 0.21661244440873653 0.0012061840587895753 0.37703876156758848 4.5000000000000009 22.500000000000004 0.03718888413275865 0.56968344794642389 1.0000000180025095e-35 0.014744368493971835 0.0028745718196686886
decision_type=2 2 2 2 2 2 2 2 2 2 2 2 2 2 2 2 2 2 2 2 2 2 2 2 2 2 2 2 2 2
left_child=1 -1 6 12 5 7 -2 -3 17 -10 11 -11 -4 14 -13 -14 -17 18 19 20 -6 -22 29 27 25 26 -25 28 -24 -19
right_child=2 4 3 -5 8 -7 -8 -9 9 10 -12 13 15 -15 -16 16 -18 22 -20 -21 21 -23 23 24 -26 -27 -28 -29 -30 -31
leaf_value=-0.050419350785481924 -0.050555568527465816 0.05633501439895007 0.054323556249926019 -0.053247330384678375 0.063509766673059118 0.055302076070239126 0.06189052543358714 -0.050793509301601085 -0.054374026056518344 -0.055984768023801618 0.061055327192404973 0.060535880821324189 0.055249488206846345 0.052617777604083704 -0.055425868793535144 -0.053478896230793216 0.061926703616852208 0.063319883689521725 0.062063612569839256 0.065480720878986015 0.048688711437901169 -0.055882301539124983 0.056698064939094683 0.0049967032150593886 0.061036021287412201 0.061751491126593908 0.03572146605573244 0.062371442928976374 0.061324282062872583 0.061304779142777432
leaf_weight=12.782438801601527 110.86818301025778 1.8426163643598545 10.993235411122443 5.4821957666426888 3.343641400337221 8.2922321101650578 1.5521105527877797 4.9077460402622819 1.4601650382392133 1.1425155107863272 15.49210102111101 1.9730764175765201 1.6398789128288616 5.388677264098078 1.4534024829044936 1.6944598900154233 1.5550147294998169 36.392147541046143 32.398126840591431 7.5787274353206149 2.5757656265050173 2.8403778546489775 23.438499264419079 4.0514864008873719 17.714671492576599 6.1495099067687988 3.848945738747716 59.074899196624756 60.361641792580485 600.88102233409882
leaf_count=1780 17098 2 14 214 2 34 1 568 119 72 11 8 3 7 120 53 1 23 21 10 24 100 27 32 12 4 9 38 41 401
internal_value=0.0456049 0.0578497 -0.038176 0.0187955 0.0593829 0.0208142 -0.0490031 -0.0215511 0.0600366 0.041804 0.0473221 0.0259561 0.0436625 0.0365763 0.0113486 0.0196921 0.0017477 0.0606067 0.0551134 0.0413317 0.0204386 -0.00615127 0.0609364 0.0591724 0.0509595 0.0382546 0.0199652 0.0609983 0.0600304 0.0614199
internal_weight=1049.17 915.384 133.785 21.3648 902.602 15.0426 112.42 6.75036 887.559 26.9099 25.4498 9.95767 15.8826 8.81516 3.42648 4.88935 3.24947 860.649 48.7366 16.3385 8.75978 5.41614 811.913 174.64 31.7646 14.0499 7.90043 142.875 83.8001 637.273
internal_count=20849 3465 17384 285 1685 604 17099 570 1081 337 218 207 71 135 128 57 54 744 157 136 126 124 587 163 57 45 41 106 68 424
is_linear=0
shrinkage=0.05


Tree=32
num_leaves=31
num_cat=0
split_feature=5 7 7 5 7 5 4 5 3 4 3 1 5 4 1 7 5 2 7 5 4 2 5 3 7 1 2 4 5 1
split_gain=404.395 57.0788 31.5005 14.3495 8.73827 8.21898 7.11074 3.55824 5.72524 4.72927 1.78254 4.94773 1.63583 4.59283 1.60378 2.17329 1.16103 3.8312 0.537906 1.15304 1.19572 5.5679 0.195649 0.829008 1.11625 1.33059 0.158134 0.29407 0.476368 0.0443149
threshold=0.66848493651542462 0.21821931409656012 0.52102862529569294 0.77692039150474768 0.30996399644545392 0.26969689915409245 1.0000000180025095e-35 0.55973067993470238 1.0000000180025095e-35 1.0000000180025095e-35 1.5000000000000002 2.5000000000000004 0.69334968980408174 1.0000000180025095e-35 3.5000000000000004 0.76573366385537411 0.77087295431715941 21.500000000000004 0.4288708452381923 0.37703876156758848 1.0000000180025095e-35 21.500000000000004 0.37703876156758848 1.5000000000000002 0.71748051682258629 3.5000000000000004 4.5000000000000009 1.0000000180025095e-35 0.65921338050856682 6.5000000000000009
decision_type=2 2 2 2 2 2 2 2 2 2 2 2 2 2 2 2 2 2 2 2 2 2 2 2 2 2 2 2 2 2
left_child=1 -1 12 14 5 -3 -7 18 9 -9 11 -10 13 -2 15 16 17 -4 19 -6 21 -21 -20 24 25 -24 -12 28 -28 -14
right_child=2 4 3 -5 7 6 -8 8 10 -11 26 -13 29 -15 -16 -17 -18 -19 22 20 -22 -23 23 -25 -26 -27 27 -29 -30 -31
leaf_value=-0.050398803050911115 -0.050772634569727693 0.060173613549791817 -0.055636148051158511 -0.053087429296021817 0.058707646186482859 -0.05093334451271149 0.048757731487007128 -0.05500386527497856 -0.055951985084939954 0.056561118761768753 0.060338326995756801 0.047840402513003928 -0.050444226184051012 0.044354786617527481 0.061005802961248357 0.061682606412692402 0.0411027643091968 0.047648898276743137 0.060742348184692589 -0.05294233486963839 0.061548174302118369 0.056448012763047895 0.03136483029536194 0.061358814527561117 0.059770097380130977 0.056180348167339467 0.024845250069507108 0.060751868076686283 0.05979228335809722 -0.064831767856449049
leaf_weight=12.163864209316669 4.5576668400317422 6.8674460873007757 1.9109426555223783 5.2301365355961016 37.569957979023457 4.9542119102552533 2.7994694630615413 2.468841220252215 1.3660932914353887 1.5439432840794323 17.373419847805057 7.1984535255469382 100.14892407739535 1.7583734407089648 6.7596325334161511 3.1441457374021411 1.9107824214734135 1.6935369446873663 612.78227281570435 1.6405134238302688 3.5873188199475408 3.9984815353527665 9.8320543607696909 103.55903375148773 30.902824461460114 11.988223657011984 1.9925737432204171 4.4501871019601822 1.9096995177678762 0.53807581961154838
leaf_count=1780 690 6 50 214 33 562 36 191 100 6 19 24 16365 39 8 3 6 4 424 78 7 12 38 70 22 10 35 4 8 5
internal_value=0.0451098 0.0571617 -0.0380617 0.0184791 0.0586676 0.0203404 -0.0149398 0.0593237 0.0444298 -0.0120786 0.0510426 0.0312849 -0.0489727 -0.0242893 0.0427544 0.0285072 0.00959449 -0.00710847 0.0600229 0.0548183 0.0389805 0.0246238 0.0603396 0.0587604 0.0536567 0.0449987 0.0576202 0.0519665 0.0419477 -0.0505211
internal_weight=1008.6 880.949 127.652 20.6492 868.785 14.6211 7.75368 854.164 38.3032 4.01278 34.2904 8.56455 107.003 6.31604 15.419 8.65941 5.51526 3.60448 815.861 46.7963 9.22631 5.63899 769.064 156.282 52.7231 21.8203 25.7259 8.35246 3.90227 100.687
internal_count=20849 3465 17384 285 1685 604 598 1081 387 197 190 124 17099 729 71 63 60 54 694 130 97 90 564 140 70 48 66 47 43 16370
is_linear=0
shrinkage=0.05


Tree=33
num_leaves=31
num_cat=0
split_feature=7 7 6 3 6 2 1 1 3 1 2 1 4 6 3 7 2 1 2 4 1 4 7 4 3 6 1 1 7 6
split_gain=340.242 21.2917 20.1582 18.2844 16.2326 9.44786 9.34507 5.58872 4.56768 3.97439 3.85042 6.00961 3.55003 3.31818 5.43052 8.83294 5.74503 2.37843 11.8047 1.17165 4.24741 0.935876 1.156 0.837067 1.14312 2.13517 3.81415 6.06269 0.737811 0.424304
threshold=0.30996399644545392 0.44169221199942432 0.022226539321003422 1.5000000000000002 0.014744368493971835 21.500000000000004 1.5000000000000002 4.5000000000000009 1.0000000180025095e-35 4.5000000000000009 22.500000000000004 4.5000000000000009 1.0000000180025095e-35 0.0095390916651275706 1.0000000180025095e-35 0.66759605958163371 22.500000000000004 1.5000000000000002 4.5000000000000009 1.0000000180025095e-35 4.5000000000000009 1.0000000180025095e-35 0.81338551208624488 1.0000000180025095e-35 1.5000000000000002 0.0027031936033404271 5.5000000000000009 4.5000000000000009 0.66759605958163371 0.03718888413275865
decision_type=2 2 2 2 2 2 2 2 2 2 2 2 2 2 2 2 2 2 2 2 2 2 2 2 2 2 2 2 2 2
left_child=4 2 3 8 9 7 -5 -6 -2 -1 11 -10 -11 14 15 16 -3 18 21 20 -8 22 -16 24 25 26 27 -19 -27 -4
right_child=1 13 29 6 5 -7 19 -9 10 12 -12 -13 -14 -15 17 -17 -18 23 -20 -21 -22 -23 -24 -25 -26 28 -28 -29 -30 -31
leaf_value=-0.050324026357694132 -0.052054947828998901 -0.052765619307427063 0.049103483681322141 -0.051703138661158436 -0.050900070532133093 0.057296286239035765 -0.051343788384672497 0.052463842838611309 -0.050836911254744488 -0.051289125903427518 0.050794242160687321 0.05924928195054089 0.055018855514186518 0.059004727093909082 0.014103363393955438 0.055630339972839608 0.047413906404576656 -0.081512730517835585 -0.052926730028906688 0.066414577989900414 0.058191277856456225 0.06234774375030893 0.05995927793012798 0.060613089155568324 0.057182391342140551 0.040089666551561084 0.060226296750369605 0.059541191874397006 0.059403477661025487 0.06024030868011683
leaf_weight=87.582357631064951 10.649432646576315 4.4982914938591412 14.216726098209618 2.3672344493679729 5.6968941409140808 5.9937424887903035 1.0887431385926873 1.6973448805510996 4.9583093686960638 1.4399317149072877 2.3851656899787486 1.653006402775645 1.7273870948702097 617.86055902577937 2.7277898960746869 8.8022976173087937 2.0988562563434243 1.7557047023437944 3.0397026170976451 9.1150643262080848 4.7300101220607758 11.332381510175765 2.77006995677948 61.426928388886154 51.258247221820056 8.0575370821170527 2.7950054407119751 1.3456666469573975 12.800011679530142 21.466227769851685
leaf_count=15503 1507 413 37 280 829 60 131 14 758 171 39 3 8 569 47 15 14 45 187 12 5 11 2 46 70 44 2 1 10 16
internal_value=0.0446328 0.05491 0.0289993 0.00311247 -0.040752 0.0106436 0.0405943 -0.0271729 -0.0298957 -0.0483342 -0.0036651 -0.0233124 0.00668895 0.0572844 0.0512004 0.0228472 -0.0208939 0.0539411 0.037757 0.0552249 0.0376962 0.0541353 0.0372076 0.0562473 0.0528097 0.0444321 0.0178657 -0.0203103 0.0519423 0.0558032
internal_weight=969.337 865.199 72.6299 36.947 104.138 13.388 17.3011 7.39424 19.6459 90.7497 8.99648 6.61132 3.16732 792.569 174.708 15.3994 6.59715 159.309 19.8699 14.9338 5.81875 16.8302 5.49786 139.439 78.0122 26.7539 5.89638 3.10137 20.8575 35.683
internal_count=20849 4264 2788 2735 16585 903 428 843 2307 15682 800 761 179 1476 907 442 427 465 247 148 136 60 49 218 172 102 48 46 54 53
is_linear=0
shrinkage=0.05


Tree=34
num_leaves=31
num_cat=0
split_feature=5 7 7 5 7 6 6 1 5 7 1 2 6 1 6 7 7 6 2 1 6 5 6 6 6 7 1 2 7 7
split_gain=361.341 50.5183 27.7812 13.1174 7.83361 7.21042 6.72577 5.44219 3.53045 2.83722 4.89032 1.68815 6.53859 1.5678 4.18064 5.23262 0.554196 1.59944 1.88548 5.75677 0.360207 0.213992 0.636958 0.119624 0.0368335 0.111683 0.0341202 0.0177325 0.0161129 0.00640438
threshold=0.66848493651542462 0.21821931409656012 0.52102862529569294 0.77692039150474768 0.30996399644545392 0.014744368493971835 0.050112893505481405 4.5000000000000009 0.55973067993470238 0.44169221199942432 6.5000000000000009 4.5000000000000009 0.01182175657943345 3.5000000000000004 0.024248155883799551 0.81338551208624488 0.4288708452381923 0.022226539321003422 21.500000000000004 2.5000000000000004 0.019602292486637841 0.37703876156758848 0.0044947073719378951 0.011448708818734233 0.011116279507993735 0.56968344794642389 6.5000000000000009 3.5000000000000004 0.56968344794642389 0.47492814856243182
decision_type=2 2 2 2 2 2 2 2 2 2 2 2 2 2 2 2 2 2 2 2 2 2 2 2 2 2 2 2 2 2
left_child=1 -1 6 13 5 7 26 -3 16 10 -10 20 28 14 15 27 17 18 19 -6 -11 24 -23 -24 25 -18 29 -4 -13 -2
right_child=2 4 3 -5 8 -7 -8 -9 9 11 -12 12 -14 -15 -16 -17 21 -19 -20 -21 -22 22 23 -25 -26 -27 -28 -29 -30 -31
leaf_value=-0.050362100844689672 -0.050361044949659373 -0.050930618157896894 -0.062522108256746492 -0.05313028664802414 -0.053887070766279924 0.051787265521903193 0.06006693069114033 0.055880173321039076 -0.051106195408442662 0.047751933412239933 0.063889347245610045 -0.051864224258466887 0.052761558479807562 0.059273848715167513 0.060394036835175052 0.061518483389601343 0.062686864367812178 0.060122612429530542 0.054623863837954749 0.051709138548672928 0.059855305305451224 0.048935023292574868 0.055350741656159663 0.05939964685211694 0.05932044558810589 0.059376828463551412 -0.06351920239864034 -0.053628340320456762 -0.061393023216245041 -0.052466916885083738
leaf_weight=11.027608632110057 91.83734734589234 4.3159030587412399 0.88627532869577619 5.036436629947274 1.8915037317201484 7.7157787214964628 1.3950709104537953 1.6479201717302201 2.0247946712188414 12.240478357765825 1.7013548612594607 0.83597110724076518 5.7284071454778314 6.3058511912822715 4.2659473419189453 1.5217874050140383 35.112083792686462 28.93733823299408 8.7701101861894113 4.0634157350286841 12.348928689956663 19.326600007712841 22.148616665974259 103.43976367264986 437.98135566711426 92.932208776473999 0.50155175477266212 1.5244998205453155 0.94532922795042396 3.7581218974664798
leaf_count=1780 16841 564 8 214 73 34 1 6 268 32 1 53 10 8 3 1 23 21 17 19 9 34 28 78 331 70 5 51 14 252
internal_value=0.0441332 0.0559288 -0.0380234 0.0163899 0.0573865 0.0198729 -0.0489297 -0.0214167 0.0580357 0.0426995 0.00140061 0.0474936 0.0267449 0.0405299 0.026113 -0.0110742 0.0587638 0.0532961 0.0398808 0.0181679 0.0538303 0.0590996 0.0573852 0.0586856 0.0595385 0.0602845 -0.0505121 -0.056898 -0.0569211 -0.0504438
internal_weight=932.168 815.135 117.033 19.5408 804.108 13.6796 97.4921 5.96382 790.428 35.8253 3.72615 32.0991 7.50971 14.5044 8.19851 3.93256 754.603 43.6624 14.725 5.95492 24.5894 710.941 144.915 125.588 566.026 128.044 96.097 2.41078 1.7813 95.5955
internal_count=20849 3465 17384 285 1685 604 17099 570 1081 387 269 118 77 71 63 60 694 130 109 92 41 564 140 106 424 93 17098 59 67 17093
is_linear=0
shrinkage=0.05


Tree=35
num_leaves=31
num_cat=0
split_feature=5 7 7 5 7 5 4 5 4 7 0 5 0 1 7 5 4 5 5 7 5 0 2 1 5 2 2 0 0 7
split_gain=339.906 47.5162 26.4812 12.369 7.54196 6.85589 6.10705 3.46128 3.18453 4.13638 4.43059 1.55005 4.40171 1.44669 1.97872 1.44473 3.92024 1.05245 4.14257 0.569426 1.072 2.14835 2.35632 0.298911 0.241205 0.653608 0.955664 0.0657208 0.0597163 0.0324766
threshold=0.66848493651542462 0.21821931409656012 0.52102862529569294 0.77692039150474768 0.30996399644545392 0.26969689915409245 1.0000000180025095e-35 0.55973067993470238 1.0000000180025095e-35 0.59406677549667541 44.314907182073448 0.62858558560514921 44.818889972644932 3.5000000000000004 0.76573366385537411 0.69334968980408174 1.0000000180025095e-35 0.70273297496554976 0.77405240509428908 0.4288708452381923 0.37703876156758848 22.29592645052881 2.5000000000000004 6.5000000000000009 0.37703876156758848 4.5000000000000009 22.500000000000004 67.872304019001788 45.303856759865774 0.52102862529569294
decision_type=2 2 2 2 2 2 2 2 2 2 2 2 2 2 2 2 2 2 2 2 2 2 2 2 2 2 2 2 2 2
left_child=1 -1 15 13 5 -3 -7 19 9 10 -9 12 -12 14 17 16 -2 -4 -19 20 -6 -22 -23 -13 -21 27 -27 28 -26 -14
right_child=2 4 3 -5 7 6 -8 8 -10 -11 11 23 29 -15 -16 -17 -18 18 -20 24 21 22 -24 -25 25 26 -28 -29 -30 -31
leaf_value=-0.050344371233635124 -0.050753023211563164 0.057444738769687677 0.040605947612934824 -0.05297623994722829 0.056519979812872989 -0.050890426341526233 0.045246002065171174 -0.054443194253746718 0.059096643764881475 0.050058103728788744 0.060036003077738598 0.03392759403503403 -0.051557265540761912 0.058323938113764351 0.059623123114847479 -0.050476692049014615 0.042109444904142 -0.057325429362259955 0.05278683774775339 0.058988607312901786 0.052845429695007752 0.044253336282819161 -0.053283635639568554 0.06302971690010617 0.058403731734017472 0.039065074722127141 0.058801626200317314 0.059628545779006809 0.055317007661988139 -0.066080704457985404
leaf_weight=10.493386790622024 3.9753488902933887 6.267466224730013 1.6123962877318279 4.8043858874589196 33.671201065182686 4.3637242410331964 2.6582654039375484 2.3986713448539394 15.233999030664561 10.389898783061652 1.5010043056681754 1.9099994646385312 0.68031185213476397 6.0935291163623333 2.7982435561716557 87.225076801143587 1.5915000829845665 1.9187946780584755 1.5394502505660055 543.31206977367401 5.976199390832333 1.291705394163728 1.1893480271100996 1.6398884057998657 40.551464812830091 11.880936165340245 12.678640723228455 48.925583530217409 25.53570556640625 0.88650835398584604
leaf_count=1780 690 6 13 214 33 562 36 201 25 19 2 70 60 8 3 16370 39 44 3 424 30 10 57 1 35 33 10 38 24 9
internal_value=0.043711 0.0553386 -0.0379452 0.0162233 0.0567733 0.0194317 -0.0144967 0.0574266 0.041986 0.0285541 0.00377427 0.0248759 -0.0011545 0.0400345 0.0258715 -0.0489006 -0.0242047 0.0072456 -0.00830855 0.0581643 0.0525227 0.0366081 -0.00250318 0.0473715 0.0585123 0.0566583 0.0492539 0.0582394 0.057211 -0.0597746
internal_weight=894.995 783.436 111.559 18.7668 772.943 13.2895 7.02199 759.653 34.6403 19.4063 9.01638 6.61771 3.06782 13.9624 7.86888 92.7919 5.56685 5.07064 3.45824 725.013 42.1285 8.45725 2.48105 3.54989 682.884 139.572 24.5596 115.013 66.0872 1.56682
internal_count=20849 3465 17384 285 1685 604 598 1081 387 362 343 142 71 71 63 17099 729 60 47 694 130 97 67 71 564 140 43 97 59 69
is_linear=0
shrinkage=0.05


Tree=36
num_leaves=31
num_cat=0
split_feature=5 7 7 5 7 5 2 5 4 7 0 5 0 5 4 4 5 5 7 1 7 5 1 2 5 5 2 2 0 4
split_gain=319.919 44.7151 25.2524 11.6356 7.22372 6.39915 5.84596 3.37566 3.04561 3.83561 4.17362 1.41942 4.14249 1.40911 3.70153 1.37632 2.55907 4.00079 0.61427 1.08199 1.4904 3.15465 0.304218 0.293405 0.678242 0.268971 0.693738 1.00621 0.0676132 0.0653114
threshold=0.66848493651542462 0.21821931409656012 0.52102862529569294 0.77692039150474768 0.30996399644545392 0.26969689915409245 22.500000000000004 0.55973067993470238 1.0000000180025095e-35 0.59406677549667541 44.314907182073448 0.62858558560514921 44.818889972644932 0.69334968980408174 1.0000000180025095e-35 1.0000000180025095e-35 0.70479351897953746 0.77405240509428908 0.4288708452381923 1.5000000000000002 0.40590577401962674 0.21661244440873653 6.5000000000000009 4.5000000000000009 0.21661244440873653 0.37703876156758848 4.5000000000000009 22.500000000000004 67.872304019001788 1.0000000180025095e-35
decision_type=2 2 2 2 2 2 2 2 2 2 2 2 2 2 2 2 2 2 2 2 2 2 2 2 2 2 2 2 2 2
left_child=1 -1 13 15 5 -3 -7 18 9 10 -9 12 -12 14 -2 16 -4 -18 19 20 21 -6 -13 -21 -25 -20 28 -28 29 -27
right_child=2 4 3 -5 7 6 -8 8 -10 -11 11 22 -14 -15 -16 -17 17 -19 25 23 -22 -23 -24 24 -26 26 27 -29 -30 -31
leaf_value=-0.050327513723493145 -0.050719710014769381 0.056357089311018661 0.051195278785069187 -0.052829830655868854 0.058591229622386366 -0.05075386258709124 0.044651231692254781 -0.054260792767510474 0.058420136773196366 0.048993825235232241 0.059288168528044298 0.032515650550032311 -0.059275445445006028 -0.05045596070215233 0.040726678465481399 0.0570930376601263 -0.056860231408625131 0.053883339752610351 0.058475836659908353 0.058958643103450163 0.053338708124994472 -0.053788733836000573 0.062233803185583414 0.059584401752015327 0.038193763835874403 0.055286150026816361 0.037753620428328472 0.058299611226003523 0.05907440174740413 0.058569591526731371
leaf_weight=9.984877367038278 3.7838900359347454 6.073939844965933 4.1364570804871637 4.5824186997488132 1.2512956857681268 4.1979239517822862 2.600205369759351 2.2891637030988949 14.654583818744866 10.092433124780653 1.4453522628173234 1.8937192079611123 1.5026125465519724 83.004292862024158 1.5639739762991665 6.0519648492336273 1.8414970654994252 1.4638402983546255 521.23126637935638 19.930388969834894 3.4113765107467771 1.2466019825078545 1.5793516635894775 8.0067933797836286 6.8986384654417625 38.65347751416266 11.684068947099149 12.161509990692139 46.964929688721895 24.902074694633484
leaf_count=1780 690 6 16 214 1 571 27 201 25 19 2 70 69 16370 39 8 45 2 424 24 9 52 1 6 38 39 33 10 38 20
internal_value=0.0433044 0.054778 -0.0378368 0.0160085 0.0561911 0.0190607 -0.0142625 0.056846 0.0413324 0.0280144 0.00370566 0.0243713 -0.00114511 -0.0488532 -0.0239764 0.0393857 0.0249853 -0.00781504 0.0575914 0.0516345 0.0318517 0.00250683 0.0460297 0.0549903 0.0496842 0.0579616 0.055967 0.0482323 0.0576358 0.0565727
internal_weight=859.085 752.657 106.428 18.0762 742.672 12.8721 6.79813 729.8 33.4572 18.8026 8.7102 6.42104 2.94796 88.3522 5.34786 13.4938 7.44179 3.30534 696.342 40.7451 5.90927 2.4979 3.47307 34.8358 14.9054 655.597 134.366 23.8456 110.52 63.5556
internal_count=20849 3465 17384 285 1685 604 598 1081 387 362 343 142 71 17099 729 71 63 47 694 130 62 53 71 68 44 564 140 43 97 59
is_linear=0
shrinkage=0.05


Tree=37
num_leaves=31
num_cat=0
split_feature=7 7 6 3 6 2 4 2 4 2 6 3 7 0 2 2 4 7 6 0 3 6 0 4 6 7 3 4 2 6
split_gain=266.857 17.3286 16.2206 15.2117 13.8424 7.59381 5.70903 6.20413 3.84178 3.82239 3.21524 5.20052 7.77015 4.89411 2.08721 23.4768 1.5504 3.44507 1.54441 0.624299 0.43587 0.523136 1.09854 1.74105 0.39915 1.04973 4.86852 5.32504 2.63042 0.384268
threshold=0.30996399644545392 0.44169221199942432 0.022226539321003422 1.0000000180025095e-35 0.014744368493971835 21.500000000000004 1.0000000180025095e-35 21.500000000000004 1.0000000180025095e-35 4.5000000000000009 0.010234575731995951 1.0000000180025095e-35 0.66759605958163371 167.80222277587788 4.5000000000000009 21.500000000000004 1.0000000180025095e-35 0.278306994020798 0.0022344410131799144 20.222569374079253 1.5000000000000002 0.0063884999519668367 19.764986217164797 1.0000000180025095e-35 0.0187679372045839 0.59406677549667541 1.5000000000000002 1.0000000180025095e-35 1.0000000180025095e-35 0.03718888413275865
decision_type=2 2 2 2 2 2 2 2 2 2 2 2 2 2 2 2 2 2 2 2 2 2 2 2 2 2 2 2 2 2
left_child=4 2 3 -2 16 8 7 9 -6 18 11 12 13 -3 20 -16 -1 -18 -5 -20 21 22 -13 -24 25 26 27 28 -12 -4
right_child=1 10 29 6 5 -7 -8 -9 -10 -11 24 14 -14 -15 15 -17 17 -19 19 -21 -22 -23 23 -25 -26 -27 -28 -29 -30 -31
leaf_value=-0.050280344290155134 -0.05224300817532717 -0.053347789502027204 0.046609684400324702 -0.052514076441173355 -0.051015831305110643 0.053665319664952277 0.056609317832566709 0.047630533861650309 0.037108611680068335 -0.051163024661422245 0.025037468637064349 0.060595247546204045 0.05289096750347641 0.044374539034273595 -0.057122375472623478 0.056583748214296174 -0.050418739079911706 0.032705059181403512 -0.05040591038572554 0.033888477485739803 0.057056778940463654 0.054620420035026013 -0.0065952534693113768 0.053663791361409252 0.05765400533778834 0.057346720679403822 0.057008153149906961 0.056349897385243403 -0.056739779863548626 0.058032380884429795
leaf_weight=68.945945655461401 9.0769946728833037 4.1631894567981345 12.303106999024751 0.71575629618018677 4.5702749718911928 5.4174619512632489 8.5440932735800743 5.3303606617264458 1.6955748465843496 4.7596411653794348 1.5739526338875283 3.4763827966526168 7.555513714440167 1.8508198768831787 5.2158354814164332 35.010071449447423 3.7809943608008316 1.8595181866548953 0.235672673210502 3.2312188856303692 79.349035906605422 16.384664215613157 2.3858735091052949 2.4089998118579388 395.01044096145779 87.082177015021443 27.736842873971909 3.6811774931848049 2.620495059993118 18.335334777832031
leaf_count=14884 1507 404 37 95 803 60 79 76 40 834 5 10 15 28 248 55 724 74 44 100 91 20 47 5 354 81 33 4 76 16
internal_value=0.0429183 0.0526447 0.0274636 0.00250427 -0.0402916 0.0103133 0.0242839 0.00493285 -0.0271689 -0.0205186 0.0549758 0.0487276 0.0191348 -0.0232736 0.0515118 0.0418402 -0.0482184 -0.0230152 0.0143532 0.0281583 0.0552525 0.0494457 0.0391951 0.0236796 0.0568802 0.0543892 0.0471571 0.0124632 -0.0260531 0.0534455
internal_weight=824.307 738.038 62.5322 31.8937 86.2698 11.6833 22.8167 14.2726 6.26585 8.94229 675.505 157.8 13.5695 6.01401 144.231 40.2259 74.5865 5.64051 4.18265 3.46689 104.005 24.6559 8.27126 4.79487 517.705 122.695 35.6125 7.87563 4.19445 30.6384
internal_count=20849 4264 2788 2735 16585 903 1228 1149 843 1073 1476 923 447 432 476 303 15682 798 239 144 173 82 62 52 553 199 118 85 81 53
is_linear=0
shrinkage=0.05


Tree=38
num_leaves=31
num_cat=0
split_feature=5 7 7 5 7 5 6 2 5 3 2 4 7 6 4 7 7 6 4 5 6 6 7 7 2 5 6 7 7 5
split_gain=286.716 39.7669 22.5883 10.4606 6.52479 5.68564 5.64976 5.22535 3.29865 5.92616 7.33325 1.51965 5.47567 1.32389 3.72412 3.66855 0.566158 1.54206 2.36636 2.9291 4.35441 0.274517 0.204361 0.490224 0.570007 0.093696 0.05809 0.0296498 0.0213501 0.0191612
threshold=0.66848493651542462 0.21821931409656012 0.52102862529569294 0.77692039150474768 0.30996399644545392 0.26969689915409245 0.050112893505481405 22.500000000000004 0.55187041443273244 1.5000000000000002 3.5000000000000004 1.0000000180025095e-35 0.66759605958163371 0.024248155883799551 1.0000000180025095e-35 0.66759605958163371 0.4288708452381923 0.022226539321003422 1.0000000180025095e-35 0.21661244440873653 0.0012320017272741729 0.0014486315633139484 0.59406677549667541 0.50696498429313719 21.500000000000004 0.48011880266979329 0.0091011447666225643 0.53576077067420302 0.40590577401962674 0.37703876156758848
decision_type=2 2 2 2 2 2 2 2 2 2 2 2 2 2 2 2 2 2 2 2 2 2 2 2 2 2 2 2 2 2
left_child=1 -1 6 13 5 -3 -2 -7 16 10 11 12 26 14 15 -4 17 18 19 -6 -21 -18 23 24 -11 29 -10 -12 -22 -23
right_child=2 4 3 -5 8 7 -8 -9 9 22 27 -13 -14 -15 -16 -17 21 -19 -20 20 28 25 -24 -25 -26 -27 -28 -29 -30 -31
leaf_value=-0.050297851554039846 -0.050448553119692909 0.054865219195181336 -0.056138979774441738 -0.052688625540192768 0.059153832155216073 -0.050697051908214531 0.058234400357568716 0.04206528728598477 -0.052127330938481022 0.01415039476137981 -0.051120355559679642 0.058548532813408695 0.058708137589779656 0.058212696642867962 0.054604778087248111 0.052653167247649083 0.051734838120525761 0.058083238336833681 0.059742590142801213 0.042549949344341392 -0.053193711739976404 0.057532693729537655 0.057999959494154929 0.056682834311446766 0.055478449500106476 0.054594243870195326 -0.072553976153185595 -0.06115629168522161 -0.06355173510423226 0.056689244098797657
leaf_weight=9.0544597664847952 79.33916117111221 5.7231084704399091 2.0666211573407076 4.2921464573591939 2.6091047525405866 3.8243114650249481 1.2140674591064442 2.5175271974876523 0.60244561266153895 1.8061112882569434 1.8610237953253093 3.8260026182979345 2.514185905456543 4.8370400667190552 4.481803223490715 1.239731174893677 23.41577313747257 24.729518890380859 6.0697355978190899 2.1866964749060571 1.4933405071496966 465.22251296043396 15.362535715103149 6.6465665251016617 1.5505991550162432 31.226512672379613 0.82425806159153581 1.2173498179763553 0.74602390080690373 78.730924436822534
leaf_count=1780 17098 6 57 214 2 571 1 27 46 49 252 4 2 4 7 3 26 21 6 21 60 412 13 6 5 41 10 22 8 75
internal_value=0.0425195 0.0538013 -0.0377799 0.0147432 0.0551779 0.0187335 -0.0488105 -0.0138731 0.0558315 0.0411524 0.0102181 0.0361023 0.0143105 0.0376678 0.0249078 -0.0153469 0.0566667 0.0507349 0.0368684 0.0171332 -0.0076374 0.0570417 0.0543785 0.0488168 0.0332415 0.0572577 -0.0639285 -0.0550891 -0.0566444 0.0574106
internal_weight=791.231 693.761 97.4706 16.9173 684.706 12.0649 80.5532 6.34184 672.641 36.2111 10.8453 7.76689 3.94089 12.6252 7.78816 3.30635 636.43 37.8344 13.1049 7.03517 4.42606 598.596 25.3658 10.0033 3.35671 575.18 1.4267 3.07837 2.23936 543.953
internal_count=20849 3465 17384 285 1685 604 17099 598 1081 409 336 62 58 71 67 60 672 118 97 91 89 554 73 60 54 528 56 274 68 487
is_linear=0
shrinkage=0.05


Tree=39
num_leaves=31
num_cat=0
split_feature=5 7 7 5 7 6 6 1 5 3 1 4 7 1 6 7 5 3 6 7 6 7 7 1 6 7 7 7 6 6
split_gain=270.314 37.49 21.5398 9.86787 6.27669 5.39891 5.36757 4.31448 3.17063 5.53469 5.47618 1.99145 5.98469 1.29101 3.48516 4.12755 0.564939 1.41757 6.72346 3.2182 4.06383 0.221063 0.497477 0.799267 2.20437 0.1081 0.0584216 0.0345055 0.0255924 0.0225451
threshold=0.66848493651542462 0.21821931409656012 0.52102862529569294 0.77692039150474768 0.30996399644545392 0.014744368493971835 0.050112893505481405 4.5000000000000009 0.55187041443273244 1.5000000000000002 2.5000000000000004 1.0000000180025095e-35 0.66759605958163371 3.5000000000000004 0.024248155883799551 0.81338551208624488 0.37703876156758848 1.5000000000000002 0.012246653813243651 0.81338551208624488 0.0012320017272741729 0.59406677549667541 0.50696498429313719 6.5000000000000009 0.07401519825186316 0.42315554613810852 0.62461637458143737 0.49472527613725181 0.006752950084619346 0.018007876592860808
decision_type=2 2 2 2 2 2 2 2 2 2 2 2 2 2 2 2 2 2 2 2 2 2 2 2 2 2 2 2 2 2
left_child=1 -1 6 13 5 7 -2 -3 16 10 -10 12 26 14 15 -4 25 18 19 20 -18 22 23 24 -11 -6 29 -22 -19 -12
right_child=2 4 3 -5 8 -7 -8 -9 9 21 11 -13 -14 -15 -16 -17 17 28 -20 -21 27 -23 -24 -25 -26 -27 -28 -29 -30 -31
leaf_value=-0.050283281111087125 -0.050428927575421903 -0.050968613578217914 -0.055776962650244871 -0.052556424933989487 0.053921922423236061 0.047384665384241811 0.05776857232283903 0.052769903933587117 -0.053636481832546649 -0.052392200885560583 -0.053462713107282379 0.057533750481929338 0.058212414814813332 0.05584304180745512 0.057848198970636568 0.058619751650875213 0.020582414722649552 0.05861862888302536 0.055915501576635267 0.057812618465515636 -0.053217536427087514 0.057550037601828558 0.0559653452805845 0.060369410106740989 0.057075193692165217 0.057138622938700104 -0.078719123065763119 -0.064940901079999475 0.056603712370991557 -0.067738710366664276
leaf_weight=8.6153013333678228 75.498372508445755 3.5222317352890951 2.1235095432493853 4.0928266753908238 27.688582316040993 6.7605153485201299 1.1639328002929676 1.4009203491732476 2.5431489546317589 0.79771029949188221 0.90864536934532203 3.6890491163358092 2.4114166498184204 5.2661039978265762 3.5098620653152466 1.2542291879653933 4.0636939913965744 21.816711854189634 34.569988165050745 2.3317357301712036 1.1058794769924136 14.724643111228943 6.4014152437448502 1.4226242303848267 1.0859593152999878 460.5524839758873 0.44874720275402058 1.4514543060213325 56.759749764576554 0.39755106624215841
leaf_count=1780 17098 564 59 214 32 34 1 6 249 52 74 6 2 8 3 1 25 23 39 2 54 13 6 1 1 425 2 13 59 3
internal_value=0.0421874 0.0533413 -0.0377033 0.0145933 0.0547004 0.0183802 -0.0487862 -0.021449 0.0553581 0.0406855 0.0101341 0.0307796 0.0070904 0.0372063 0.022957 -0.0132989 0.0561955 0.0531536 0.0459146 0.00729757 -0.0104924 0.0536883 0.0478308 0.0320814 0.0107171 0.0569562 -0.0631549 -0.0598713 0.0571632 -0.0578077
internal_weight=758.379 665.47 92.9088 16.2465 656.855 11.6837 76.6623 4.92315 645.171 34.8309 10.3986 7.85541 4.16636 12.1537 6.8876 3.37774 610.34 122.099 43.5228 8.95276 6.62103 24.4324 9.70771 3.30629 1.88367 488.241 1.75494 2.55733 78.5765 1.3062
internal_count=20849 3465 17384 285 1685 604 17099 570 1081 409 336 87 81 71 63 60 672 215 133 94 92 73 60 54 53 457 79 67 82 77
is_linear=0
shrinkage=0.05


Tree=40
num_leaves=31
num_cat=0
split_feature=5 7 7 5 7 6 5 2 5 3 2 7 0 6 6 2 7 7 6 2 2 6 7 7 2 5 0 5 3 7
split_gain=254.998 35.3652 20.5306 9.321 6.08154 5.09994 5.06304 4.71694 3.00453 5.21486 6.53875 1.2511 1.24282 3.3086 1.20508 1.35139 2.62732 0.614432 1.60488 1.54432 4.11276 0.332526 0.216152 0.458946 0.516084 0.10079 0.0332007 0.0222491 0.0707425 0.0215486
threshold=0.66848493651542462 0.21821931409656012 0.52102862529569294 0.77692039150474768 0.30996399644545392 0.050112893505481405 0.26969689915409245 22.500000000000004 0.55187041443273244 1.5000000000000002 3.5000000000000004 0.66759605958163371 19.764986217164797 0.03718888413275865 0.024248155883799551 3.5000000000000004 0.66759605958163371 0.4288708452381923 0.022226539321003422 21.500000000000004 3.5000000000000004 0.0014486315633139484 0.59406677549667541 0.50696498429313719 21.500000000000004 0.48011880266979329 33.499609772204266 0.37703876156758848 1.5000000000000002 0.53576077067420302
decision_type=2 2 2 2 2 2 2 2 2 2 2 2 2 2 2 2 2 2 2 2 2 2 2 2 2 2 2 2 2 2
left_child=1 -1 5 14 6 -2 -3 -8 17 10 11 12 -10 -14 15 -4 -17 18 19 20 -6 -19 23 24 -11 27 -27 -23 -29 -12
right_child=2 4 3 -5 8 -7 7 -9 9 22 29 -13 13 -15 -16 16 -18 21 -20 -21 -22 25 -24 -25 -26 26 -28 28 -30 -31
leaf_value=-0.05026942503751685 -0.050410108428000623 0.053174234704429807 0.040039635676841004 -0.052430767914189436 0.043565852706028266 0.05733251186696136 -0.050684793731071646 0.039729737919521356 0.051351635375143728 0.013386974609260428 -0.051018297719216177 0.057496624671940222 -0.063397041233813498 0.056926585109190547 0.057316649197495351 -0.052873199446082368 0.049512851886921699 0.050116377636702597 0.057229493807042543 0.049557665506455295 -0.054136991199848564 0.05671928033600742 0.057128587237686192 0.055267873142183656 0.053915168433107036 0.055373277510499141 0.051968780200398738 0.053681576721897342 0.05694001860958247 -0.059957598833085525
leaf_weight=8.1973300904501212 71.842410476179793 5.3765479475259763 4.7117251697927696 3.9023122345097354 3.5191987985745055 1.1153744459152211 3.5284416971262544 2.4401161605492234 1.4806704293005153 1.7242989693768342 1.686546430224553 3.3835371732711792 1.227584419073537 1.0687072277069092 4.4449136257171631 1.3492843620479109 1.1697982586920259 21.81420433614403 22.769972860813141 7.3233699202537537 1.5521780429407952 426.82439452409744 14.107222497463225 6.1641181409358978 1.4427342154085634 13.302075985819103 15.511892044916747 25.971228128299117 46.446416139602661 1.1230393433943389
leaf_count=1780 17098 6 11 214 21 1 571 27 17 49 252 3 41 1 4 53 3 26 21 16 60 412 13 6 5 17 24 31 44 22
internal_value=0.0418799 0.0529148 -0.0376371 0.0144692 0.0542579 -0.0487629 0.0179814 -0.0137208 0.0549234 0.0403395 0.0100511 0.0354151 0.0156336 -0.00739774 0.0368288 0.0242345 -0.00532771 0.0557562 0.0493486 0.0348709 0.0136623 0.0561659 0.0532235 0.0473196 0.0318495 0.0564158 0.0535405 0.0565818 0.0557714 -0.0545915
internal_weight=726.522 637.986 88.5358 15.578 629.788 72.9578 11.3451 5.96856 618.443 33.4085 9.97009 7.1605 3.77696 2.29629 11.6757 7.23081 2.51908 585.035 35.1647 12.3947 5.07138 549.87 23.4384 9.33115 3.16703 528.056 28.814 499.242 72.4176 2.80959
internal_count=20849 3465 17384 285 1685 17099 604 598 1081 409 336 62 59 42 71 67 56 672 118 97 81 554 73 60 54 528 41 487 75 274
is_linear=0
shrinkage=0.05


Tree=41
num_leaves=31
num_cat=0
split_feature=5 7 7 5 7 6 6 1 5 2 2 1 6 7 7 6 2 1 7 5 6 6 5 0 5 6 7 1 6 6
split_gain=240.553 33.3593 19.6079 8.76484 5.8589 4.84605 4.76466 3.8973 2.89607 2.66864 7.82162 1.20033 3.20547 3.79996 0.630516 1.61419 1.43793 4.26969 0.619732 1.48881 2.65596 0.367903 0.114737 0.0353612 0.0258478 0.0790818 0.0242685 0.0145656 0.0121867 0.0118539
threshold=0.66848493651542462 0.21821931409656012 0.52102862529569294 0.77692039150474768 0.30996399644545392 0.050112893505481405 0.014744368493971835 4.5000000000000009 0.55187041443273244 4.5000000000000009 21.500000000000004 3.5000000000000004 0.024248155883799551 0.81338551208624488 0.4288708452381923 0.022226539321003422 21.500000000000004 2.5000000000000004 0.55258286185066441 0.58045833459580731 0.07401519825186316 0.0014486315633139484 0.48011880266979329 33.499609772204266 0.37703876156758848 0.015960691776764676 0.53576077067420302 6.5000000000000009 0.012770485319886527 0.011116279507993735
decision_type=2 2 2 2 2 2 2 2 2 2 2 2 2 2 2 2 2 2 2 2 2 2 2 2 2 2 2 2 2 2
left_child=1 -1 5 11 6 27 7 -3 14 18 26 12 13 -4 15 16 17 -6 19 -10 28 -16 24 -24 29 -26 -11 -2 -21 -23
right_child=2 4 3 -5 8 -7 -8 -9 9 10 -12 -13 -14 -15 21 -17 -18 -19 -20 20 -22 22 23 -25 25 -27 -28 -29 -30 -31
leaf_value=-0.050256248414612459 -0.050336457992598317 -0.050980923267296342 -0.055680556312542255 -0.052311329150491741 -0.053817036558496338 0.056923942077885564 0.045298744913508285 0.051267644924949611 0.052164394398435357 -0.050883475221770016 0.048330740639582676 0.054751039065896505 0.056995024043360487 0.057809941617419314 0.049277564099652935 0.056829390351525622 0.048410005857089114 0.045488425136367888 0.053385168271753852 -0.051424313220892484 0.056593815677992543 0.056881405136179466 0.054822322636963544 0.051240683903945095 0.052602591917558762 0.056359383758459614 -0.060580434324322641 -0.059971836479698115 -0.062436443018033541 0.056213497357470811
leaf_weight=7.7995344528462729 67.967977755935863 3.2379582019057107 2.0000617280602437 3.7202556566335252 1.6012036260217408 1.0683989524841297 6.4419663641601801 1.3085755370557306 4.1515094335190978 1.6002149705309405 5.8508919815067202 4.9126646425575018 3.2224401235580444 1.1684566736221316 21.094612374901772 21.808094263076782 7.127171085216105 3.3407073523849249 17.404459745623171 0.46035229903645813 1.0293641090393066 83.490350008010864 12.777284191921355 14.959754947572945 19.462050631642342 49.988173544406891 1.0811662201303986 0.39449676126241584 0.55307908076792955 325.1110428571701
leaf_count=1780 17093 564 59 214 64 1 34 6 16 257 34 8 3 1 26 21 16 17 22 54 1 81 17 24 25 50 20 5 5 331
internal_value=0.0415667 0.0524881 -0.0375337 0.0142579 0.0538151 -0.0487407 0.017639 -0.0215519 0.0544856 0.0398869 0.0159226 0.0361672 0.021882 -0.0138286 0.055322 0.04871 0.0340389 0.013313 0.0485513 0.0349694 2.45014e-05 0.0557472 0.056017 0.0528906 0.0561984 0.0553066 -0.0547934 -0.0503921 -0.0574342 0.05635
internal_weight=696.134 611.68 84.4548 15.0239 603.88 69.4309 10.9885 4.54653 592.891 32.131 8.53227 11.3036 6.39096 3.16852 560.76 33.8772 12.0691 4.94191 23.5988 6.1943 2.0428 526.883 505.789 27.737 478.052 69.4502 2.68138 68.3625 1.01343 408.601
internal_count=20849 3465 17384 285 1685 17099 604 570 1081 409 311 71 63 60 672 118 97 81 98 76 60 554 528 41 487 75 277 17098 59 412
is_linear=0
shrinkage=0.05


Tree=42
num_leaves=31
num_cat=0
split_feature=5 7 7 5 7 3 5 3 1 5 4 4 7 1 7 5 4 5 5 5 3 7 3 7 7 1 1 7 7 4
split_gain=226.938 31.4719 18.6881 8.2828 5.6792 4.65328 2.83246 4.78896 4.70169 2.37605 3.86698 1.73811 5.13155 1.11091 1.53759 1.08655 2.70543 0.749492 2.93818 0.688008 1.60126 4.26143 4.89656 0.226948 0.449779 0.717607 1.59756 0.136929 0.0450595 0.0173181
threshold=0.66848493651542462 0.21821931409656012 0.52102862529569294 0.77692039150474768 0.30996399644545392 1.0000000180025095e-35 0.55187041443273244 1.5000000000000002 2.5000000000000004 0.26969689915409245 1.0000000180025095e-35 1.0000000180025095e-35 0.66759605958163371 3.5000000000000004 0.76573366385537411 0.69334968980408174 1.0000000180025095e-35 0.70273297496554976 0.77405240509428908 0.37703876156758848 1.5000000000000002 0.56968344794642389 1.0000000180025095e-35 0.59406677549667541 0.50696498429313719 6.5000000000000009 3.5000000000000004 0.42315554613810852 0.62461637458143737 1.0000000180025095e-35
decision_type=2 2 2 2 2 2 2 2 2 2 2 2 2 2 2 2 2 2 2 2 2 2 2 2 2 2 2 2 2 2
left_child=1 -1 15 13 5 -3 19 8 -8 -7 -11 12 28 14 17 16 -2 -4 -19 27 21 22 -21 24 25 26 -9 -6 -10 -22
right_child=2 4 3 -5 6 9 7 23 11 10 -12 -13 -14 -15 -16 -17 -18 18 -20 20 29 -23 -24 -25 -26 -27 -28 -29 -30 -31
leaf_value=-0.050243718329420345 -0.050607933141324474 -0.052432534143727796 0.035431950090530982 -0.052197796028114488 0.052187590009818298 0.056124746843621093 -0.053234746101294007 -0.051884736178589103 -0.056691259688225887 -0.050957938453471921 0.049573784266686072 0.056134047484109731 0.056936589592033328 0.053996506189361387 0.056244631178020435 -0.050363478023908809 0.03794183797177364 -0.056094775120514875 0.048438540553306167 -0.057168331811037268 0.055294514340973246 0.052422588560970679 0.032324411015811308 0.056393211792150823 0.054207615637584229 0.058813152542271332 0.046965444563639935 0.056028252994814988 -0.075687264650911149 0.056924204414599326
leaf_weight=7.4209502856247118 2.8412472719792268 1.9566886918619264 1.261072548571972 3.5463195331394664 24.620629243552685 4.8638424873352033 2.2715940228663403 0.65935963671654629 1.1632045479491355 1.7637568910140546 2.0900485045276582 3.273375615477562 2.1286222338676453 4.736725565046072 2.1134320665150881 61.994305757572874 1.2386180874891577 1.563132548471913 1.1794153116643427 1.9351320299319903 43.22961711557582 29.870699167251587 7.2732461923733354 12.982730448246 5.7093608528375626 1.2739496231079102 1.0753254517912865 404.23496919870377 0.42669261991977681 26.170326173305511
leaf_count=1780 690 326 13 214 32 5 249 50 77 256 17 6 2 8 3 16370 39 44 3 60 56 34 39 13 6 1 3 425 2 26
internal_value=0.0412652 0.0520705 -0.0374702 0.0141425 0.0533819 0.017249 0.0540606 0.0393559 0.00925978 0.0328892 0.0035638 0.0295636 0.0061739 0.0358183 0.021742 -0.0487186 -0.0237249 0.00352877 -0.0111409 0.0549079 0.0513506 0.0432552 0.0135176 0.0522031 0.0459633 0.0303185 0.00939216 0.0558078 -0.0617894 0.0559091
internal_weight=666.868 586.394 80.4743 14.4001 578.973 10.6743 568.299 30.9642 9.26349 8.71765 3.85381 6.9919 3.71852 10.8538 6.11705 66.0742 4.07987 4.00362 2.74255 537.335 108.479 39.0791 9.20838 21.7007 8.718 3.00863 1.73469 428.856 1.5899 69.3999
internal_count=20849 3465 17384 285 1685 604 1081 409 336 278 273 87 81 71 63 17099 729 60 47 672 215 133 99 73 60 54 53 457 79 82
is_linear=0
shrinkage=0.05


Tree=43
num_leaves=31
num_cat=0
split_feature=5 7 7 5 7 5 6 4 5 3 4 7 6 4 7 6 4 5 5 6 3 7 7 7 7 7 6 6 7 7
split_gain=214.291 29.7165 17.8227 7.80508 5.47822 7.41947 4.44894 4.14352 1.99043 3.79394 3.49481 5.83257 1.10143 2.98566 2.84861 0.641072 1.51763 4.30744 0.561391 1.36945 5.88941 1.80256 4.42824 0.131453 0.0419746 0.0328153 0.0168594 0.0115996 0.0101799 0.00394373
threshold=0.66848493651542462 0.21821931409656012 0.52102862529569294 0.77692039150474768 0.35963692606151626 0.44018887201575585 0.050112893505481405 1.0000000180025095e-35 0.55187041443273244 1.5000000000000002 1.0000000180025095e-35 0.66759605958163371 0.024248155883799551 1.0000000180025095e-35 0.66759605958163371 0.020781001596177493 1.0000000180025095e-35 0.21661244440873653 0.37703876156758848 0.012246653813243651 1.5000000000000002 0.62461637458143737 0.4288708452381923 0.59406677549667541 0.4288708452381923 0.62461637458143737 0.011996746680337197 0.0028745718196686886 0.56968344794642389 0.55258286185066441
decision_type=2 2 2 2 2 2 2 2 2 2 2 2 2 2 2 2 2 2 2 2 2 2 2 2 2 2 2 2 2 2
left_child=1 -1 6 12 5 15 -2 -7 18 10 11 25 13 14 -4 16 17 -3 24 20 21 22 -20 -11 -6 26 -10 -26 -21 -29
right_child=2 4 3 -5 8 7 -8 -9 9 23 -12 -13 -14 -15 -16 -17 -18 -19 19 28 -22 -23 -24 -25 27 -27 -28 29 -30 -31
leaf_value=-0.050231802043300668 -0.05035745316324141 0.057073289657931396 -0.055211668571841732 -0.052089872972800058 0.053178113219056737 -0.050839311796085508 0.056297290961911411 0.033263097325014715 -0.052097207957001263 0.047881768420392962 0.054022455693242544 0.049984216184284225 0.056223424227785847 0.051762087095932843 0.04966977024991065 0.054953563974602604 0.058113095366385328 -0.054051327137765504 0.03836739953169091 0.054272976339919649 0.055185556853737917 0.032023839717044929 -0.062943229459848885 0.056043227115887356 0.056792971150015518 -0.068520081934393073 -0.060820539858309292 0.056007375179955569 0.055708984788270521 0.055557187603207318
leaf_weight=7.0606586120557031 61.917131880996749 2.1644077301025457 1.756249841768293 3.3801762301009139 17.270980469882488 3.744111855281516 0.99345618486404319 2.4053777931258082 1.5858518627937908 8.1831477456726152 3.1893924381583929 2.1666837781667709 3.9280590415000916 3.763909425586462 1.0253960117697714 9.3929570317268354 3.6062451899051666 1.4604739430360494 1.9968264950439358 16.147657370194793 23.677235656883568 3.4587980806827545 2.3455895753577352 12.424722909927366 22.745078563690186 0.56477837916463602 0.85115968203172077 57.877938687801361 52.359364151954651 305.03596198558807
leaf_count=1780 17098 2 57 214 20 706 1 44 175 39 11 4 4 7 3 10 4 52 17 21 31 5 27 13 23 6 17 62 57 339
internal_value=0.0409894 0.0516976 -0.0373675 0.0139723 0.0529952 0.0289809 -0.0486732 -0.0179426 0.0540234 0.0412784 0.0128638 -0.0125347 0.0352927 0.022732 -0.0165493 0.0463385 0.035148 0.0123009 0.0547575 0.0514039 0.0427715 0.00509383 -0.0163563 0.0528024 0.0555896 -0.0576606 -0.055144 0.0556976 0.0553705 0.055629
internal_weight=638.48 561.715 76.7644 13.8538 554.655 22.7736 62.9106 6.14949 531.881 28.9657 8.35787 5.16847 10.4736 6.54556 2.78165 16.6241 7.23113 3.62488 502.915 99.9855 31.4784 7.80121 4.34242 20.6079 402.93 3.00179 2.43701 385.659 68.507 362.914
internal_count=20849 3465 17384 285 1685 818 17099 750 867 265 213 202 71 67 60 68 58 54 602 158 80 49 44 52 444 198 192 424 78 401
is_linear=0
shrinkage=0.05


Tree=44
num_leaves=31
num_cat=0
split_feature=7 7 6 3 6 1 0 7 7 6 3 7 1 3 0 1 6 4 4 0 1 4 1 4 6 7 0 1 4 6
split_gain=177.692 12.7984 11.507 11.0069 10.504 6.9098 5.01781 4.54476 3.71294 2.88884 3.87281 5.10045 5.73884 3.18915 3.26123 2.5379 2.03714 1.97657 1.33423 1.54188 2.86122 0.479061 2.45959 0.386972 2.10745 0.38645 0.663753 1.12938 1.79317 0.349962
threshold=0.30996399644545392 0.44169221199942432 0.022226539321003422 1.0000000180025095e-35 0.014744368493971835 2.5000000000000004 32.160128230491878 0.40590577401962674 0.21821931409656012 0.0095390916651275706 1.5000000000000002 0.66759605958163371 1.5000000000000002 1.0000000180025095e-35 167.80222277587788 4.5000000000000009 0.0034802866415202696 1.0000000180025095e-35 1.0000000180025095e-35 10.595155689298823 3.5000000000000004 1.0000000180025095e-35 4.5000000000000009 1.0000000180025095e-35 0.050112893505481405 0.52102862529569294 130.3105665283847 3.5000000000000004 1.0000000180025095e-35 0.0187679372045839
decision_type=2 2 2 2 2 2 2 2 2 2 2 2 2 2 2 2 2 2 2 2 2 2 2 2 2 2 2 2 2 2
left_child=4 2 3 -2 15 7 8 -5 -6 10 11 12 -3 14 -14 -1 -9 -17 19 -15 -21 22 -7 24 -10 26 27 28 -12 -11
right_child=1 9 -4 5 6 21 -8 16 23 29 25 -13 13 18 -16 17 -18 -19 -20 20 -22 -23 -24 -25 -26 -27 -28 -29 -30 -31
leaf_value=-0.050211106740283687 -0.052631441870660378 -0.053457491790995432 0.050546149422734554 -0.051069501477597673 -0.050204391144281914 -0.050951890664891697 -0.052006896656825445 0.043601684117758381 -0.050832366371870441 0.051597846123550256 -0.051577641418082847 0.049330610598437526 -0.053914038541410719 0.045542624152266398 0.043645326913669319 -0.050761626820351749 -0.052228345311557733 0.049080019460830196 0.056327516789527077 -0.057597005818069896 0.033472599993857668 0.059246799057581637 0.051656896251363243 0.058975861448775417 0.061934583961859635 0.053545269034010468 0.055436076470591067 0.048668000818745824 0.048369231881983575 0.055073533719875889
leaf_weight=50.862101746955886 6.8252273681573596 2.7052831903565702 22.966860759072006 3.9707229689229306 1.1403981992043535 0.67656911863013913 2.4084249509032816 3.0155125586315994 0.56472249259240936 96.370150280185044 0.90230344189330736 21.964699221309274 2.2240182093810303 3.8864330039359629 1.3932357472367582 0.85989234247244817 0.67954383953474451 1.1704540788196027 5.207001443952322 1.3505321978591385 2.3865756704472005 5.311035911552608 4.2698482982814312 3.4952262388542295 1.5556460618972778 62.589899381622672 5.0229575666598976 2.8779361937195063 0.89282353315502405 291.45757947536185
leaf_count=15503 1507 326 53 881 315 145 486 89 96 215 57 39 246 11 13 171 94 8 8 63 14 11 8 5 1 105 12 9 4 354
internal_value=0.0407358 0.0498017 0.0250575 0.00140381 -0.0394602 0.0219806 0.00995899 -0.0139311 0.032049 0.0521573 0.0451376 0.0328863 0.014028 0.0251278 -0.0163377 -0.0480228 0.0259779 0.00679508 0.0368179 0.0234926 0.000561472 0.0488188 0.0376221 0.0487528 0.0319011 0.0521064 0.0428179 0.0292549 -0.00186811 0.0542099
internal_weight=611.004 548.947 47.7153 24.7485 62.0569 17.9232 9.16442 7.66578 6.75599 501.231 113.404 41.1178 19.1531 16.4478 3.61725 52.8924 3.69506 2.03035 12.8305 7.62354 3.73711 10.2575 4.94642 5.61559 2.12037 72.2859 9.69602 4.67306 1.79513 387.828
internal_count=20849 4264 2788 2735 16585 1228 903 1064 417 1476 907 720 681 355 259 15682 183 179 96 88 77 164 153 102 97 187 82 70 61 569
is_linear=0
shrinkage=0.05


Tree=45
num_leaves=31
num_cat=0
split_feature=5 7 7 5 7 5 6 2 5 3 2 4 6 4 7 4 6 5 5 6 3 7 7 6 7 7 7 7 2 6
split_gain=193.416 26.5338 15.6762 7.18589 4.99698 6.64101 4.03994 3.78856 1.99999 3.58916 4.54185 1.14364 1.10419 2.81384 2.6159 0.57844 1.32321 3.86839 0.57171 1.35488 5.47641 1.52762 4.00176 0.306228 0.150083 0.0491234 0.0125788 0.0104356 0.00901121 0.00880032
threshold=0.66848493651542462 0.21821931409656012 0.52102862529569294 0.77692039150474768 0.35963692606151626 0.44018887201575585 0.050112893505481405 22.500000000000004 0.55187041443273244 1.5000000000000002 3.5000000000000004 1.0000000180025095e-35 0.024248155883799551 1.0000000180025095e-35 0.66759605958163371 1.0000000180025095e-35 0.03718888413275865 0.21661244440873653 0.37703876156758848 0.012246653813243651 1.5000000000000002 0.62461637458143737 0.4288708452381923 0.0076877184288328586 0.59406677549667541 0.4288708452381923 0.56968344794642389 0.53576077067420302 3.5000000000000004 0.0028745718196686886
decision_type=2 2 2 2 2 2 2 2 2 2 2 2 2 2 2 2 2 2 2 2 2 2 2 2 2 2 2 2 2 2
left_child=1 -1 6 12 5 15 -2 -7 18 10 11 23 13 14 28 16 17 -3 25 20 21 22 -20 -10 -11 -6 -21 -12 -4 -27
right_child=2 4 3 -5 8 7 -8 -9 9 24 27 -13 -14 -15 -16 -17 -18 -19 19 26 -22 -23 -24 -25 -26 29 -28 -29 -30 -31
leaf_value=-0.05020966305067473 -0.050345627724200516 0.056345149914101611 -0.060090953835050476 -0.052097001631471865 0.052273505167062251 -0.050697976252076615 0.055659160734748636 0.032471479529350138 0.029913688011890479 0.046357747444375874 -0.051075851601667513 0.056134932668994747 0.05556829330735609 0.050092331524893313 0.048028523199587031 0.055872501680854531 0.053329212736873237 -0.053675892755391447 0.036832121516178713 0.053447707700228692 0.054271104673222839 0.029869772925337976 -0.062217909846954633 -0.0021881957959002307 0.055416985271681762 0.056104217897868049 0.055113875672133106 -0.058409407309894856 -0.052512775288585403 0.055046619612508924
leaf_weight=6.3910676962696007 56.331917695235461 1.9919378161430379 0.61258679255843018 3.2679929330479345 15.962412029504774 3.4369875574484459 0.91337442398071189 2.2759910910390317 1.3290526457130938 7.6380441305227604 0.95882968138903357 2.854062020778656 3.5977070927619934 3.5144485272467136 0.95825320668518532 7.2348778266459695 4.7554824948310852 1.3340058811008928 1.9144661924801791 14.834446694701908 21.820338515564799 3.278312511742115 2.1818803315982223 1.6844070791266856 11.388498544692991 20.907577276229858 47.918441474437714 0.98183383978903294 1.0907568989787249 332.21180593967438
leaf_count=1780 17098 2 6 214 20 714 1 36 29 39 141 3 4 7 3 9 5 52 17 21 31 5 27 18 13 23 57 22 51 401
internal_value=0.0404222 0.0510352 -0.0373836 0.0120878 0.0523067 0.0284425 -0.0486543 -0.0175641 0.0533354 0.040066 0.0115215 0.0334526 0.033549 0.0207221 -0.0180591 0.045603 0.0364092 0.0122167 0.0541078 0.0505801 0.0416817 0.00443197 -0.0159259 0.01197 0.0517802 0.0549866 0.05472 -0.0547861 -0.0552382 0.0551092
internal_weight=585.572 515.285 70.287 13.0417 508.894 21.0293 57.2453 5.71298 487.864 26.8347 7.80819 5.86752 9.77375 6.17605 2.6616 15.3163 8.08143 3.32594 461.03 91.9479 29.195 7.37466 4.09635 3.01346 19.0265 369.082 62.7529 1.94066 1.70334 353.119
internal_count=20849 3465 17384 285 1685 818 17099 750 867 265 213 50 71 67 60 68 59 54 602 158 80 49 44 47 52 444 78 163 57 424
is_linear=0
shrinkage=0.05


Tree=46
num_leaves=31
num_cat=0
split_feature=5 6 5 3 1 1 6 4 3 5 2 2 4 2 2 2 6 2 6 3 1 5 2 6 6 1 1 6 6 1
split_gain=182.778 11.646 11.2352 8.61837 7.01996 3.695 3.17874 2.59946 3.40005 2.13912 4.13962 17.7068 1.9617 2.75346 3.63341 1.62915 1.54374 2.27571 0.568827 2.42169 4.57003 1.01296 0.511031 1.09639 1.28377 0.342733 0.2177 0.7372 0.515339 1.32973
threshold=0.66848493651542462 0.03718888413275865 0.55973067993470238 1.0000000180025095e-35 6.5000000000000009 1.0000000180025095e-35 0.03718888413275865 1.0000000180025095e-35 1.5000000000000002 0.37703876156758848 4.5000000000000009 21.500000000000004 1.0000000180025095e-35 3.5000000000000004 21.500000000000004 3.5000000000000004 0.024248155883799551 2.5000000000000004 0.0018976489379050373 1.5000000000000002 5.5000000000000009 0.44018887201575585 2.5000000000000004 0.026676147941145343 0.0070743887854516378 6.5000000000000009 1.5000000000000002 0.011448708818734233 0.0020150199083768337 1.0000000180025095e-35
decision_type=2 2 2 2 2 2 2 2 2 2 2 2 2 2 2 2 2 2 2 2 2 2 2 2 2 2 2 2 2 2
left_child=2 4 9 6 7 -5 -4 16 -9 -1 18 -12 13 22 -15 -10 -2 -18 19 20 21 -11 23 24 -7 -16 27 28 -20 -30
right_child=1 -3 3 5 -6 12 -8 8 15 10 11 -13 -14 14 25 -17 17 -19 26 -21 -22 -23 -24 -25 -26 -27 -28 -29 29 -31
leaf_value=0.05440843124195599 -0.050476836516518422 0.051100478489567107 -0.051667686216899503 -0.051248841971470699 0.041072253905177068 0.025842029724055211 0.054971343890487537 -0.050680842663650839 0.048719266884046118 -0.17177622376737742 -0.057082977454825427 0.050604488652004502 0.053831652968079971 -0.05314816129149607 0.018591103929912558 -0.050399303092036635 0.048900296376603571 -0.052006721824103125 0.054897359236178681 0.056930356054597023 0.056620173658359453 -0.055076127382822464 0.05280575383668154 0.055632490224970646 -0.068399805919233933 0.057181695323694097 0.054166618886417578 0.053728782560545731 0.038341708697696548 -0.05391087432388262
leaf_weight=364.14475364424288 53.37242536386475 3.5284193647094062 4.6449895007535842 1.2166624437086309 2.43220514897257 1.3652269677259012 0.82256633043289173 2.7871227629948399 2.0720742833800618 0.3246621638536441 4.8740945111494538 17.604824501555413 10.773942935746163 2.1719058894086638 1.2084730919450521 0.51825070194900025 0.98323760437779073 1.2942063382361082 0.87356317439116482 4.4651078935712576 1.0325162410736084 0.43520964193157852 4.682705098297447 1.8036677241325376 0.49143963120877732 1.0982036590576172 58.964268320938572 8.4722904926165921 1.1859849211759863 0.58244791720062483
leaf_count=498 16335 16 1138 289 8 60 1 753 27 8 560 77 45 426 56 115 19 111 2 10 1 51 17 2 19 1 118 24 12 50
internal_value=0.0401831 -0.037313 0.0507081 0.021201 -0.0422289 0.0337229 -0.0356244 -0.0455488 -0.0123522 0.052638 0.0461135 0.0272547 0.0381043 0.0248887 -0.00673624 0.0288884 -0.0487566 -0.00844228 0.051667 0.037223 -0.0118711 -0.104937 0.0418651 0.0278686 0.000897232 0.036964 0.0529567 0.0465378 0.023478 0.00795756
internal_weight=560.227 66.9879 493.24 30.2798 63.4595 24.8122 5.46756 61.0273 5.37745 462.96 98.815 22.4789 23.5956 12.8216 4.47858 2.59032 55.6499 2.27744 76.3361 6.2575 1.79239 0.759872 8.34304 3.66033 1.85667 2.30668 70.0786 11.1143 2.642 1.76843
internal_count=20849 17384 3465 2054 17368 915 1139 17360 895 1411 913 637 626 581 483 142 16465 130 276 70 60 59 98 81 79 57 206 88 64 62
is_linear=0
shrinkage=0.05


Tree=47
num_leaves=31
num_cat=0
split_feature=5 7 7 5 7 5 6 2 5 3 2 7 6 0 2 5 5 6 3 7 7 6 5 7 7 7 7 6 7 7
split_gain=172.736 24.0037 14.3706 6.4649 4.8328 5.98822 3.66456 3.3626 1.93185 3.25608 4.06978 1.03227 0.999609 0.989673 0.983545 1.92501 0.57063 1.33934 5.10683 1.31802 3.48921 0.539402 0.963336 0.166927 0.0669731 0.0137817 0.00795453 0.00654314 0.00256366 0.0028637
threshold=0.66848493651542462 0.21821931409656012 0.52102862529569294 0.77692039150474768 0.35963692606151626 0.44018887201575585 0.050112893505481405 22.500000000000004 0.55187041443273244 1.5000000000000002 3.5000000000000004 0.66759605958163371 0.024248155883799551 19.764986217164797 3.5000000000000004 0.68303578599192039 0.37703876156758848 0.012246653813243651 1.5000000000000002 0.62461637458143737 0.4288708452381923 0.020781001596177493 0.26969689915409245 0.59406677549667541 0.4288708452381923 0.56968344794642389 0.53576077067420302 0.0028745718196686886 0.35322126486877098 0.35963692606151626
decision_type=2 2 2 2 2 2 2 2 2 2 2 2 2 2 2 2 2 2 2 2 2 2 2 2 2 2 2 2 2 2
left_child=1 -1 6 12 5 21 28 -7 16 10 11 13 14 -10 -4 -16 24 18 19 20 -18 22 -3 -11 -6 -19 -12 -26 -2 -30
right_child=2 4 3 -5 8 7 -8 -9 9 23 26 -13 -14 -15 15 -17 17 25 -20 -21 -22 -23 -24 -25 27 -27 -28 -29 29 -31
leaf_value=-0.050195565361310396 -0.050162562154303238 0.049346156817707494 0.035610007190387448 -0.051898646604351506 0.051131907585114315 -0.050677886120301253 0.055086124817419459 0.029651610635272076 0.048943160715005464 0.044940434189086352 -0.050976358827537663 0.055342221175882882 0.055008602137183032 -0.010850951476706993 0.046234493490409895 -0.052341348221159795 0.033971062008088256 0.05276634554315468 0.053466638034949193 0.028096948390011034 -0.061030361235579617 0.052948885770464908 0.0090095643152051617 0.054869031759145349 0.055477072575082713 0.054587649419540453 -0.057645578278579052 0.054524132367520774 -0.054332833370342309 -0.050849524356536127
leaf_weight=5.8584303411189458 42.30187451466918 3.7138919234275836 3.7419781098142249 2.973449850222095 14.719118379056452 3.1642488096840671 0.83805519342422385 2.21449681580998 1.1209510636981606 7.1197954369708922 0.87245798041112699 2.593549907207489 3.3018312454223633 1.8084538285620508 0.90307757118716825 1.0967076674569396 1.8506861142814188 13.61378531437367 20.077433672267944 3.101023256778717 2.0230288067832589 7.9846983402967453 2.4610742940567434 10.442464888095854 19.149939954280853 43.817452013492584 0.91705300961621106 303.5073898434639 0.6363491911906739 8.1082813085522485
leaf_count=1780 15248 6 11 214 20 714 1 36 13 39 141 3 4 34 3 53 17 21 31 5 27 10 52 13 23 57 22 401 133 1717
internal_value=0.0399412 0.0503833 -0.0372098 0.012059 0.051647 0.0273065 -0.0486211 -0.0176052 0.0527116 0.039171 0.0111363 0.032369 0.0330876 0.0120296 0.0204819 -0.00782575 0.05351 0.0498352 0.0406624 0.00380414 -0.015643 0.0443669 0.0332697 0.0508439 0.0544302 0.0541559 -0.0543941 0.0545807 -0.0503237 -0.051103
internal_weight=536.033 472.131 63.9016 12.017 466.273 19.5384 51.8846 5.37875 446.735 24.8747 7.31247 5.52295 9.04359 2.9294 5.74176 1.99979 421.86 84.4834 27.0522 6.97474 3.87371 14.1597 6.17497 17.5623 337.376 57.4312 1.78951 322.657 51.0465 8.74463
internal_count=20849 3465 17384 285 1685 818 17099 750 867 265 213 50 71 47 67 56 602 158 80 49 44 68 58 52 444 78 163 424 17098 1850
is_linear=0
shrinkage=0.05


Tree=48
num_leaves=31
num_cat=0
split_feature=5 5 3 5 3 2 1 1 1 5 2 2 4 2 2 2 4 0 2 3 0 3 1 3 4 1 1 5 2 3
split_gain=163.265 10.3198 8.75194 8.67573 7.57208 3.77727 3.33793 2.37806 2.15193 2.0507 3.9199 16.0292 1.83024 2.47342 3.25548 1.61382 0.628465 1.81007 0.499201 0.44727 2.08662 0.421864 0.781399 0.594612 2.49961 0.34411 0.235545 0.285964 0.113628 0.109397
threshold=0.66848493651542462 0.55973067993470238 1.5000000000000002 0.77692039150474768 1.0000000180025095e-35 3.5000000000000004 1.0000000180025095e-35 6.5000000000000009 4.5000000000000009 0.37703876156758848 4.5000000000000009 21.500000000000004 1.0000000180025095e-35 3.5000000000000004 21.500000000000004 21.500000000000004 1.0000000180025095e-35 142.43913000854596 2.5000000000000004 1.5000000000000002 157.91048069127996 1.5000000000000002 2.5000000000000004 1.0000000180025095e-35 1.0000000180025095e-35 6.5000000000000009 3.5000000000000004 0.44018887201575585 2.5000000000000004 1.0000000180025095e-35
decision_type=2 2 2 2 2 2 2 2 2 2 2 2 2 2 2 2 2 2 2 2 2 2 2 2 2 2 2 2 2 2
left_child=1 9 7 5 8 16 -6 -2 -3 29 21 -12 13 18 -15 -7 17 -4 19 20 -8 22 23 24 -11 -16 27 -13 -25 -1
right_child=2 4 3 -5 6 15 12 -9 -10 10 11 26 -14 14 25 -17 -18 -19 -20 -21 -22 -23 -24 28 -26 -27 -28 -29 -30 -31
leaf_value=0.050915419773060425 -0.05042068006517441 -0.051229657046689983 -0.053399930201917092 -0.050592048268005632 -0.05123073864489415 -0.050599311058198072 -0.063017720111615785 0.024149049755200221 0.030309137014046819 -0.054370963827766294 -0.056865796157741955 0.053678201452132639 0.052947040511565027 -0.053065645825500642 0.016674905175678049 0.025513055078716203 0.054998566963941481 0.04884679801866923 0.051999940108175595 0.042991824663638371 0.054422889728332285 0.054010483565314252 0.051178708807121977 0.033854277821221641 0.050814879317971365 0.05648448941981879 0.054583867613362237 0.033231257835013871 0.049767807160371595 0.054110364289660734
leaf_weight=29.38682428561151 43.487742600264028 4.0231776160653707 0.58028194075450512 6.5195760130882254 1.1228790869936371 1.915593615267426 0.63648834056220949 1.0960928900167335 1.0128879752010105 0.90109037538059333 4.5319653099868473 3.1067863674834397 9.9884960749186575 2.0028792065568268 1.1652729748748243 1.0942830613348631 4.5619701389223337 1.7036425652913747 4.3109405050054193 1.8660251160617918 0.93211293336935341 43.929694234393537 19.194942694390193 2.1108183790929615 1.5134090792853385 1.0162192583084106 9.4001071187667531 3.8034161117393523 2.3939429414458573 303.53331212606281
leaf_count=62 14787 1125 108 1856 289 546 45 6 14 93 560 10 45 426 56 55 13 13 17 32 4 80 46 28 10 1 15 52 19 436
internal_value=0.0397045 0.0500662 -0.0371056 -0.00584511 0.0207102 0.0237549 0.0328494 -0.0485874 -0.03483 0.0520111 0.0453544 0.0263186 0.0371568 0.0239363 -0.00703872 -0.0229276 0.0442794 0.0228687 0.0406698 0.0264489 0.00676924 0.0510187 0.0459859 0.0315803 0.0115596 0.0352197 0.0494321 0.0424241 0.0423111 0.0538283
internal_weight=512.843 451.884 60.9592 16.3753 28.0774 9.85577 23.0413 44.5838 5.03607 423.806 90.8862 20.8423 21.9184 11.9299 4.18437 3.00988 6.84589 2.28392 7.74557 3.43463 1.5686 70.0439 26.1142 6.91926 2.4145 2.18149 16.3103 6.9102 4.50476 332.92
internal_count=20849 3465 17384 2591 2054 735 915 14793 1139 1411 913 637 626 581 483 601 134 121 98 81 49 276 196 150 103 57 77 62 47 498
is_linear=0
shrinkage=0.05


Tree=49
num_leaves=31
num_cat=0
split_feature=5 7 7 5 7 5 6 2 5 2 2 1 6 7 5 6 2 1 6 1 1 7 5 0 7 7 7 1 2 6
split_gain=154.316 21.7809 13.2023 5.79363 4.81762 5.32492 3.31139 2.99265 1.86837 1.4988 5.00245 0.949535 2.43127 2.69328 0.573994 1.34289 1.5608 2.57519 0.573685 1.65269 2.43427 0.392216 0.381086 0.631977 0.0968075 0.0148926 0.010443 0.00787687 0.00516792 0.0048842
threshold=0.66848493651542462 0.21821931409656012 0.52102862529569294 0.77692039150474768 0.35963692606151626 0.44018887201575585 0.050112893505481405 22.500000000000004 0.55187041443273244 4.5000000000000009 21.500000000000004 3.5000000000000004 0.024248155883799551 0.81338551208624488 0.37703876156758848 0.012246653813243651 4.5000000000000009 3.5000000000000004 0.020781001596177493 4.5000000000000009 2.5000000000000004 0.55258286185066441 0.56609114701859709 20.459713049707108 0.42315554613810852 0.56968344794642389 0.53576077067420302 6.5000000000000009 3.5000000000000004 0.011116279507993735
decision_type=2 2 2 2 2 2 2 2 2 2 2 2 2 2 2 2 2 2 2 2 2 2 2 2 2 2 2 2 2 2
left_child=1 -1 6 11 5 18 27 -7 14 21 26 12 13 28 24 16 -16 -18 19 20 -3 22 -10 -24 -6 -17 -11 -2 -4 -26
right_child=2 4 3 -5 8 7 -8 -9 9 10 -12 -13 -14 -15 15 25 17 -19 -20 -21 -22 -23 23 -25 29 -27 -28 -29 -30 -31
leaf_value=-0.050184397180358845 -0.050248383078071862 -0.054396268900795124 -0.057984665315361283 -0.051718963565496878 0.049662176239717019 -0.050664004581396187 0.054555936960035911 0.02704864963806013 0.049261572254902734 -0.050927600648365635 0.046040771156486436 0.051605806198328844 0.054605500102038768 0.055189387416909187 0.047159407286077148 0.052150822057129925 -0.012890656726088221 0.048985353531419862 0.051911941977687295 0.05494547485979058 0.04277260781903082 0.050372845818546612 0.050452611971087351 -0.00082922067391817244 0.05448391852825088 0.054126568078882678 -0.058695680409596607 -0.058032640345399483 -0.05225778705672908 0.054002196727587951
leaf_weight=5.3842534641735247 45.924128014827147 1.1183280227705856 0.67908555828034722 2.7040348006412378 12.738713450729845 2.9166252596769473 0.76535660028457542 2.1535455440171063 2.0327509427443209 0.85076978104188927 4.224641956621781 3.6479665841907263 2.309678316116333 0.8518727421760558 18.302076368592683 12.516595222987233 3.2622721118386826 3.4702806193381548 7.3573731184005737 3.2283825874328613 1.5214017229154704 12.577499306760727 1.0143339512869718 1.4735396301839498 68.506929993629456 40.077260732650757 0.8803470921702683 0.32729798555374046 0.93813227815553546 226.88281297683716
leaf_count=1780 17093 41 8 214 19 714 1 36 8 144 22 8 3 1 37 21 36 7 10 4 13 22 12 37 94 57 20 5 51 331
internal_value=0.0394704 0.0497522 -0.0370043 0.0119615 0.0510121 0.0259102 -0.0485965 -0.0176557 0.0521355 0.0383085 0.0167074 0.0323958 0.0177314 -0.016762 0.0529618 0.0491192 0.0395874 0.0190032 0.0426118 0.0309514 0.00160677 0.0458328 0.0332013 0.020079 0.0539299 0.0536564 -0.054878 -0.0503035 -0.0546626 0.0541139
internal_weight=490.638 432.491 58.1476 11.1308 427.106 18.2957 47.0168 5.07017 408.811 23.0539 5.95576 8.42674 4.77877 2.46909 385.757 77.6285 25.0346 6.73255 13.2255 5.86811 2.63973 17.0981 4.52062 2.48787 308.128 52.5939 1.73112 46.2514 1.61722 295.39
internal_count=20849 3465 17384 285 1685 818 17099 750 867 265 186 71 63 60 602 158 80 43 68 58 54 79 57 49 444 78 164 17098 59 425
is_linear=0
shrinkage=0.05


Tree=50
num_leaves=31
num_cat=0
split_feature=6 3 1 4 4 0 4 1 2 2 3 2 2 2 2 0 2 1 2 6 1 6 4 6 6 6 6 4 0 2
split_gain=47.2708 42.1268 21.1475 9.27287 7.74173 3.75625 3.48833 4.14655 7.85014 5.84044 3.37767 5.90257 7.37958 3.15704 3.07941 2.73412 2.3731 2.14125 1.6967 1.61633 1.20727 1.8926 5.65503 2.1808 1.1969 1.73756 0.906407 5.63308 0.899434 0.754676
threshold=0.010234575731995951 1.0000000180025095e-35 1.5000000000000002 1.0000000180025095e-35 1.0000000180025095e-35 22.29592645052881 1.0000000180025095e-35 3.5000000000000004 4.5000000000000009 21.500000000000004 1.0000000180025095e-35 4.5000000000000009 21.500000000000004 4.5000000000000009 3.5000000000000004 18.658234525047334 21.500000000000004 3.5000000000000004 2.5000000000000004 0.0025353762233976704 1.5000000000000002 0.016909826596304276 1.0000000180025095e-35 0.010905701197462449 0.0022021284852602884 8.9898404961085606e-05 0.022226539321003422 1.0000000180025095e-35 7.4807598775558874 22.500000000000004
decision_type=2 2 2 2 2 2 2 2 2 2 2 2 2 2 2 2 2 2 2 2 2 2 2 2 2 2 2 2 2 2
left_child=1 4 3 5 16 15 7 8 24 -10 11 26 -13 -6 -5 18 -1 -18 28 -11 21 22 23 -12 25 -4 27 -2 -3 -17
right_child=10 2 6 14 13 -7 -8 -9 9 19 20 12 -14 -15 -16 29 17 -19 -20 -21 -22 -23 -24 -25 -26 -27 -28 -29 -30 -31
leaf_value=-0.050662178126534896 -0.053392967186267681 0.041200746466791144 0.049590915273079607 0.050812246728827684 0.043871952764880068 -0.050998183094529817 0.053097472916861357 0.046420793539711735 -0.053858343058494774 -0.053540789988827386 0.033720323018937563 -0.052189415536537248 0.041741539824494064 -0.050976172431029657 -0.050843660815161819 0.0091444390534205847 -0.051669370906299666 0.025211461588410679 -0.050660604885896493 0.041527888140460663 0.053055710837243586 0.049806766337721353 0.053166932532994884 -0.052950249864134193 0.043650580637620805 -0.051547381265916237 0.053225263277385249 0.052810312926736047 -0.050283493106474432 0.055613479165782659
leaf_weight=23.803077244898308 1.5302288634702579 0.97963823168539022 0.85406993888319138 6.0737962829880408 3.904441886348649 9.6434294781647605 36.967388162622228 27.704598394688219 5.1601297245360893 0.51948596374131772 1.0379798954818382 3.849698873003943 4.577093621250242 1.1315986406989393 0.84912476269528259 2.2952338387258351 1.5809151534922414 2.1204084239434451 3.2231632289476693 3.2081698246765882 247.53756407275796 30.236866983352229 6.1162812400143594 2.413157906383276 14.575005691731347 0.8446483826264739 17.988264394691214 6.7831262261606753 0.37019555806182325 1.4107468235306444
leaf_count=8964 349 45 17 57 141 3095 179 289 1558 81 83 1004 97 363 215 327 434 56 1143 99 758 226 39 469 323 210 61 30 124 13
internal_value=0.0392471 0.0157757 0.0300232 -0.0108045 -0.034435 -0.0297891 0.0413149 0.0330758 0.0183821 -0.0194088 0.049976 0.0352474 -0.00116991 0.0225596 0.0383437 -0.00508458 -0.0448707 -0.007626 -0.0309513 0.0282791 0.0517561 0.0436739 0.0242916 -0.0268828 0.0390213 -0.000697763 0.0469152 0.0332616 0.0161109 0.0268337
internal_weight=469.29 147.219 114.679 24.8453 32.5404 17.9224 89.8335 52.8661 25.1615 8.88779 322.07 34.7284 8.42679 5.03604 6.92292 8.27898 27.5044 3.70132 4.573 3.72766 287.342 39.8043 9.56742 3.45114 16.2737 1.69872 26.3016 8.31336 1.34983 3.70598
internal_count=20849 17733 7775 5019 9958 4747 2756 2577 2288 1738 3116 1541 1101 504 272 1652 9454 490 1312 180 1575 817 591 552 550 227 440 379 169 340
is_linear=0
shrinkage=0.05


Tree=51
num_leaves=31
num_cat=0
split_feature=5 7 7 5 7 5 2 6 5 2 6 6 1 7 5 4 6 5 4 4 7 2 1 6 6 7 1 2 1 7
split_gain=139.979 19.7068 11.9539 5.29142 4.68171 5.35955 5.04343 2.99766 1.72013 1.65619 3.92966 0.855479 2.19712 2.43052 0.843231 0.648693 0.495339 0.773951 1.15456 0.378133 1.02593 0.171416 0.0672171 0.207655 0.0143019 0.00602499 0.00601229 0.0038481 0.0030768 0.00126382
threshold=0.66848493651542462 0.21821931409656012 0.52102862529569294 0.77692039150474768 0.38614249969323833 0.41572676676501963 21.500000000000004 0.050112893505481405 0.55187041443273244 4.5000000000000009 0.01182175657943345 0.024248155883799551 3.5000000000000004 0.81338551208624488 0.59185574037052913 1.0000000180025095e-35 0.0053801687988060129 0.32671335553782699 1.0000000180025095e-35 1.0000000180025095e-35 0.66759605958163371 2.5000000000000004 1.5000000000000002 0.019602292486637841 0.0078800968024168184 0.56968344794642389 6.5000000000000009 3.5000000000000004 4.5000000000000009 0.49472527613725181
decision_type=2 2 2 2 2 2 2 2 2 2 2 2 2 2 2 2 2 2 2 2 2 2 2 2 2 2 2 2 2 2
left_child=1 -1 7 11 5 15 28 26 16 19 25 12 13 27 -8 -3 17 -6 -19 20 21 -10 23 -18 -24 -11 29 -4 -7 -2
right_child=2 4 3 -5 8 6 14 -9 9 10 -12 -13 -14 -15 -16 -17 22 18 -20 -21 -22 -23 24 -25 -26 -27 -28 -29 -30 -31
leaf_value=-0.050170368964702783 -0.050194372187217173 0.033478422726298217 -0.0571939997196717 -0.051641359742530361 0.052816721156426383 -0.050808153266703272 0.0011497843663276566 0.054091127265968889 0.01167231945180101 -0.051014199988705038 0.044719749436551617 0.054080421163681086 0.049955197790787657 0.054667450358866956 0.048599711508033293 0.054776351560415007 0.045484619220511849 0.025978323764205564 0.05316172210433015 0.054417085968889167 0.05420461028406745 0.031691417712331353 0.052211089917766546 0.053721304971577122 0.053650608742551391 -0.057286173910748667 -0.057174094784162882 -0.052052015307914229 -0.056777938302765778 -0.051866318797201084
leaf_weight=4.9289281975943586 40.949707815656438 6.2471769382245848 0.63124193437397325 2.5106554388767108 25.51737342774868 3.179510605288669 1.4720048070885239 0.6991344690322866 2.3331872373819369 0.75536682736128458 2.9145013997331262 2.7817786335945129 2.6979126147925854 0.78089427947998036 2.5727635752409697 8.3591418210417032 10.894653616705908 8.3437091077212227 7.3445007503032675 6.5172659158706656 4.9586276412010193 1.9739941195584831 18.518261480145156 25.709693908691406 252.81554526463151 0.77653358550742269 0.31499377265572448 0.85896821971982718 0.23155347444117058 1.1623509183991689
leaf_count=1780 16977 38 8 214 38 765 31 1 29 114 14 4 7 1 41 12 27 36 11 9 7 19 31 40 401 16 5 51 6 116
internal_value=0.038946 0.0491834 -0.0370589 0.0114444 0.0504344 0.02806 -0.0064331 -0.0485998 0.0517708 0.0375956 0.0106416 0.0318793 0.0194505 -0.0167869 0.0313314 0.0456671 0.0525921 0.0474437 0.0387043 0.0451891 0.0386985 0.0208471 0.053281 0.0512698 0.0535524 -0.0541935 -0.050292 -0.0542301 -0.0512134 -0.0502405
internal_weight=449.752 396.364 53.3876 10.2615 391.435 22.0622 7.45583 43.1262 369.373 20.2295 4.4464 7.7508 4.96902 2.2711 4.04477 14.6063 349.144 41.2056 15.6882 15.7831 9.26581 4.30718 307.938 36.6043 271.334 1.5319 42.4271 1.49021 3.41106 42.1121
internal_count=20849 3465 17384 285 1685 893 843 17099 792 208 144 71 67 60 72 50 584 85 47 64 55 48 499 67 432 130 17098 59 771 17093
is_linear=0
shrinkage=0.05


Tree=52
num_leaves=31
num_cat=0
split_feature=5 7 7 5 7 5 5 6 1 6 3 2 6 1 2 7 5 3 6 1 5 5 5 2 6 6 7 7 6 5
split_gain=132.306 20.9267 11.838 5.89657 3.16908 5.86504 3.52405 2.74327 2.68263 2.2391 2.9159 2.33925 1.17992 0.967158 1.30717 2.10993 0.795297 1.84522 5.3572 4.68401 0.0649957 0.0235752 0.0209582 0.00552715 0.00400386 0.00340583 0.00826265 0.00253426 0.00162205 0.00171819
threshold=0.61168676490966423 0.52102862529569294 0.21821931409656012 0.77692039150474768 0.4288708452381923 0.44018887201575585 0.59185574037052913 0.050112893505481405 6.5000000000000009 0.024248155883799551 1.5000000000000002 22.500000000000004 0.020781001596177493 4.5000000000000009 21.500000000000004 0.31526301176429256 0.37703876156758848 1.5000000000000002 0.012246653813243651 2.5000000000000004 0.46216228778122764 0.53246471623904046 0.62415323069859208 20.500000000000004 0.0092474451137293072 0.011116279507993735 0.56968344794642389 0.55258286185066441 0.011996746680337197 0.66217129979670952
decision_type=2 2 2 2 2 2 2 2 2 2 2 2 2 2 2 2 2 2 2 2 2 2 2 2 2 2 2 2 2 2
left_child=2 7 -1 9 5 12 23 8 -2 10 11 22 13 14 15 -4 25 18 19 20 -18 24 -3 -7 -19 26 -6 -22 29 -24
right_child=1 3 4 -5 16 6 -8 -9 -10 -11 -12 -13 -14 -15 -16 -17 17 21 -20 -21 27 -23 28 -25 -26 -27 -28 -29 -30 -31
leaf_value=-0.050189713580198629 -0.05024048524622287 -0.066898074445474368 0.032658631812161582 -0.051560974598781485 0.054773029824641307 -0.050837575569416843 0.038553460497357833 0.053875708667062233 0.026450944737732601 0.053936329971133568 0.040862651180532256 0.04750583693957626 0.05256390962898936 0.054270864519117237 0.039172413292701096 -0.055539721364754019 -0.071897611664474351 0.05455579110063629 0.050287008341912576 0.026945134702599995 -0.052047777146519494 0.051440952248469118 -0.056606175443599173 -0.055444100822324108 0.053491239586667051 0.053410346713678974 0.05346849504231397 -0.056543737422179101 -0.056730797090609311 -0.051774671245812157
leaf_weight=2.9265498071908942 43.527446346706711 0.4601394515484557 1.5175619595684167 2.3918386991135767 17.010266035795212 1.7064139392459758 1.7222865207586435 0.66762912273406883 1.1709438376128662 6.7230470180511475 3.7380708875134587 0.73687892034649838 16.242717891931534 2.8537741899490356 3.5608244072645903 1.2258207751438019 0.90981581807136835 13.494304418563841 19.985641951207072 4.7773697543889284 0.61378830042667665 13.586113035678862 0.26584101817570605 1.0529928966425357 25.567417144775391 197.63426405191422 42.376993656158447 0.64051622012630105 0.55260469764471054 0.59781201940495521
leaf_count=984 18378 4 36 214 23 320 93 1 6 10 17 2 25 4 9 20 6 19 39 25 32 23 11 40 42 331 70 12 7 46
internal_value=0.0387208 -0.0296058 0.0499726 0.0206199 0.0507724 0.0351676 -0.0175675 -0.0467288 -0.0482314 0.0338247 0.0125362 -0.0279824 0.0444721 0.0301205 0.0191881 -0.00675088 0.0521578 0.0477899 0.0371435 -0.000698728 -0.0617235 0.053235 -0.0576274 -0.0525954 0.053859 0.0535101 0.0538422 -0.0543437 -0.0546154 -0.0532619
internal_weight=430.238 60.8323 369.405 15.4662 366.479 29.8824 4.48169 45.366 44.6984 13.0744 6.35135 2.61328 25.4007 9.15798 6.30421 2.74338 336.596 79.575 26.9271 6.94149 2.16412 52.6478 1.8764 2.75941 39.0617 257.022 59.3873 1.2543 1.41626 0.863653
internal_count=20849 18696 2153 311 1169 547 453 18385 18384 97 87 70 94 69 65 56 622 198 114 75 50 84 68 360 61 424 93 44 64 57
is_linear=0
shrinkage=0.05


Tree=53
num_leaves=31
num_cat=0
split_feature=7 7 3 4 1 7 7 2 7 3 0 1 3 0 7 2 0 0 4 2 3 2 7 0 1 4 1 0 2 2
split_gain=109.863 9.36944 7.45371 6.54151 4.62739 3.44705 2.89342 2.14932 1.82756 4.10027 3.7971 1.93557 3.10858 1.73251 1.57997 1.27088 2.53231 1.24732 1.21183 1.2231 1.20963 1.14985 1.06495 1.22763 0.956779 0.497679 1.06724 1.45872 0.410653 0.584098
threshold=0.30996399644545392 0.44169221199942432 1.0000000180025095e-35 1.0000000180025095e-35 1.5000000000000002 0.40129851081728674 0.21821931409656012 2.5000000000000004 0.59406677549667541 1.0000000180025095e-35 167.80222277587788 1.5000000000000002 1.5000000000000002 38.451171092495876 0.41690257979900996 21.500000000000004 10.123476348527062 9.9243083918951296 1.0000000180025095e-35 1.0000000180025095e-35 1.0000000180025095e-35 3.5000000000000004 0.41690257979900996 50.842225484572488 1.5000000000000002 1.0000000180025095e-35 2.5000000000000004 7.2238697099574898 3.5000000000000004 4.5000000000000009
decision_type=2 2 2 2 2 2 2 2 2 2 2 2 2 2 2 2 2 2 2 2 2 2 2 2 2 2 2 2 2 2
left_child=3 2 7 15 5 -4 -5 24 9 10 18 12 13 21 -7 -1 17 -17 19 -3 -8 -11 -9 -24 -2 26 27 -6 -14 -30
right_child=1 8 4 6 25 14 20 22 -10 11 -12 -13 28 -15 -16 16 -18 -19 -20 -21 -22 -23 23 -25 -26 -27 -28 -29 29 -31
leaf_value=-0.050276753076590387 -0.050296704466373569 0.012931829949699906 -0.051633885682075345 -0.050133365674793533 0.047762886191197479 0.042106994568229493 -0.050447699834141616 -0.054259163602240569 0.052060561915381803 0.036893799099191681 0.047699646128632145 0.049846093521084267 0.051411782683652742 -0.055899621932388101 -0.052478063875883156 -0.050221183678311604 -0.05100628038294043 0.056598090941850893 0.037985991436987512 -0.053800929264088686 0.040872928987336105 -0.051209138714677561 -0.055771397797576505 0.031901326660561662 0.036437259697211191 0.053191735868517456 0.044535632704176549 -0.050545996647128305 0.051117981013180429 0.011069672297528014
leaf_weight=31.502893137629144 0.39019913738593404 0.9441426681587467 2.3571482883999151 1.4350695027969766 0.75866495631635256 2.8219836843200032 0.40101333195343603 3.6681736900936812 236.52133071958087 1.6197718100156615 3.3906405650777742 79.187955867731944 6.1710530431009829 1.3470532861538229 0.5234017795883118 0.35937482747249183 2.5255348356440663 1.1408399648498744 0.66736180637963105 2.5174399532843381 3.787925279699266 0.48011170001700509 0.69898426090367116 0.9312223200686276 1.7174715280998496 10.521293835248798 8.3923280807211977 0.75071605143602937 1.7473843581974506 1.900883428286761
leaf_count=14732 149 28 627 602 20 75 132 1117 492 19 32 254 18 92 96 120 887 5 21 378 107 70 91 55 115 35 162 246 7 65
internal_value=0.0385342 0.0471533 0.0219491 -0.038965 0.0345005 -0.0053223 0.0111395 -0.0223269 0.0496649 0.0439972 0.00849138 0.046885 0.0292097 -0.0116412 0.0273087 -0.0468963 -0.0204427 0.0310096 -0.023706 -0.0355996 0.0321307 0.0167502 -0.0393154 -0.00569014 0.02038 0.0456198 0.0375741 -0.00113269 0.0435498 0.0302513
internal_weight=411.179 370.027 33.5316 41.1527 26.1255 5.70253 5.62401 7.40605 336.495 99.9738 7.51958 92.4542 13.2663 3.44694 3.34539 35.5286 4.02575 1.50021 4.12894 3.46158 4.18894 2.09988 5.29838 1.63021 2.10767 20.423 9.90171 1.50938 9.81932 3.64827
internal_count=20849 4264 2788 16585 1261 798 841 1527 1476 984 459 525 271 181 171 15744 1012 125 427 406 239 89 1263 146 264 463 428 266 90 72
is_linear=0
shrinkage=0.05


Tree=54
num_leaves=31
num_cat=0
split_feature=6 3 1 4 4 0 4 1 2 2 3 2 2 2 2 0 2 1 2 6 1 6 4 6 6 6 6 4 6 0
split_gain=39.6305 33.9822 16.8694 7.41893 6.39095 3.26819 3.18489 3.50291 6.54291 4.76697 2.82788 4.95834 6.07592 2.6003 2.59495 2.25207 1.92884 1.66816 1.43273 1.3792 1.09661 1.63568 4.7758 1.86127 1.00145 1.45602 0.755696 4.63161 0.744397 0.655632
threshold=0.010234575731995951 1.0000000180025095e-35 1.5000000000000002 1.0000000180025095e-35 1.0000000180025095e-35 22.29592645052881 1.0000000180025095e-35 3.5000000000000004 4.5000000000000009 21.500000000000004 1.0000000180025095e-35 4.5000000000000009 21.500000000000004 4.5000000000000009 3.5000000000000004 18.658234525047334 21.500000000000004 3.5000000000000004 2.5000000000000004 0.0025353762233976704 1.5000000000000002 0.016909826596304276 1.0000000180025095e-35 0.010905701197462449 0.0022021284852602884 8.9898404961085606e-05 0.022226539321003422 1.0000000180025095e-35 0.0044947073719378951 22.021907444659572
decision_type=2 2 2 2 2 2 2 2 2 2 2 2 2 2 2 2 2 2 2 2 2 2 2 2 2 2 2 2 2 2
left_child=1 4 3 5 16 15 7 8 24 -10 11 26 -13 -6 -5 18 -1 -18 28 -11 21 22 23 -12 25 -4 27 -2 -3 -17
right_child=10 2 6 14 13 -7 -8 -9 9 19 20 12 -14 -15 -16 29 17 -19 -20 -21 -22 -23 -24 -25 -26 -27 -28 -29 -30 -31
leaf_value=-0.050659018507461885 -0.053049080083854061 -0.050290087319105628 0.048346129292669668 0.049365374059765502 0.042597916115212311 -0.050977962790419655 0.052044065837740995 0.044524135307709864 -0.054167961442129792 -0.053670202560267916 0.032689040738100555 -0.05234988441260148 0.04017794653551026 -0.051029389071888864 -0.050845347249891537 0.0082528454386529993 -0.051571843680658272 0.02161825015787075 -0.050621005038751089 0.039278143990112702 0.052203964558563534 0.048729621840042203 0.052039272815127782 -0.053043367014322274 0.041659336306370948 -0.051659016186778366 0.052407299847374626 0.0519730499971384 0.039935590860162178 0.054238594821450208
leaf_weight=19.782374878646813 1.2893105772091136 0.31219567847438445 0.72064882586710399 5.1590227023698381 3.3251314198132595 8.0943939824355748 31.044521344592795 23.685226002708077 4.4255987344076848 0.46678751194849644 0.90704488661140059 3.2473792849341399 3.911023922264576 0.95444534404668946 0.73848410160280753 2.0161849085707217 1.3334894919535139 1.8706794979516415 2.6793598446529359 2.7523348650429398 206.376271270914 25.446552720852196 5.2024120148271322 2.0960276620462537 12.468043313128872 0.73536827717907727 15.049833354074506 5.651438900269568 0.85378725628834218 1.2591563663445415
leaf_count=8964 349 120 17 57 141 3095 179 289 1558 81 83 1004 97 363 215 316 434 56 1143 99 758 226 39 469 323 210 61 30 49 24
internal_value=0.0382591 0.0149545 0.028765 -0.0107902 -0.034385 -0.0292432 0.0397103 0.0312493 0.0166718 -0.0204941 0.0490533 0.0343471 -0.00179691 0.0217168 0.036817 -0.00453631 -0.0448299 -0.00884151 -0.0304877 0.0258002 0.0508393 0.04247 0.0230577 -0.0271488 0.037077 -0.00216194 0.0461128 0.0324642 0.0157774 0.0259314
internal_weight=393.855 124.677 97.4111 21.1126 27.2661 15.2151 76.2985 45.254 21.5688 7.64472 269.177 29.149 7.1584 4.27958 5.89751 7.12068 22.9865 3.20417 3.84534 3.21912 240.028 33.652 8.20548 3.00307 13.9241 1.45602 21.9906 6.94075 1.16598 3.27534
internal_count=20849 17733 7775 5019 9958 4747 2756 2577 2288 1738 3116 1541 1101 504 272 1652 9454 490 1312 180 1575 817 591 552 550 227 440 379 169 340
is_linear=0
shrinkage=0.05


Tree=55
num_leaves=31
num_cat=0
split_feature=5 7 7 5 7 5 5 6 1 6 3 7 5 3 6 1 6 6 0 5 5 7 7 6 6 6 0 0 6 7
split_gain=115.816 17.479 10.1803 5.28421 3.04101 4.22726 2.94428 2.3608 2.36114 2.18558 2.59725 1.64888 0.900476 1.95254 5.45041 3.82174 0.85191 0.265615 0.11551 0.0555474 0.0391325 0.0165225 0.0162857 0.00323182 0.00268947 0.00216491 0.00190979 0.00202305 0.00163018 0.00414687
threshold=0.61168676490966423 0.52102862529569294 0.21821931409656012 0.77692039150474768 0.41103259336657988 0.44018887201575585 0.59185574037052913 0.050112893505481405 6.5000000000000009 0.024248155883799551 1.5000000000000002 0.66759605958163371 0.37703876156758848 1.5000000000000002 0.012246653813243651 2.5000000000000004 0.0052042945460223098 0.0012320017272741729 26.257861822080589 0.46216228778122764 0.53246471623904046 0.46736007295483939 0.62461637458143737 0.011996746680337197 0.0092474451137293072 0.0073430475062775061 70.027407052338987 76.078146249091247 0.011116279507993735 0.56968344794642389
decision_type=2 2 2 2 2 2 2 2 2 2 2 2 2 2 2 2 2 2 2 2 2 2 2 2 2 2 2 2 2 2
left_child=2 7 -1 9 5 16 26 8 -2 10 11 22 21 14 15 19 17 -4 -18 -14 24 -6 23 -3 -15 -21 -7 -28 29 -23
right_child=1 3 4 -5 12 6 -8 -9 -10 -11 -12 -13 13 20 -16 -17 18 -19 -20 25 -22 28 -24 -25 -26 -27 27 -29 -30 -31
leaf_value=-0.050167579824926062 -0.050237620530009845 -0.051359508489354028 0.035796369038059613 -0.051571712718550856 0.051052219052663717 -0.050984199235549012 0.036681223270758422 0.053305070979570858 0.024461405892850979 0.053367665750354058 0.038341010778155556 0.030327490162549264 -0.070579761376222433 0.053919752625309618 0.049412534091809387 0.021615605658527264 0.052459011896124133 0.0074393037747064088 0.043460284421273573 -0.051990800641596148 0.049992911259136824 0.054040656623553632 -0.065200612619526588 -0.056817806063926252 0.052987552407532904 -0.056321940499557591 -0.059215084168550564 -0.052809593416790361 0.052918838306466646 0.052981620249049066
leaf_weight=2.5532306192908427 38.293461001827382 0.46788591006770575 1.4489252076018666 2.266159080900251 11.548096641898153 1.460805515409447 1.5899262066232038 0.58158546686172385 1.0879215151071537 5.872892439365387 3.3939577406272292 0.78109859582036723 0.85892903245985808 11.849141120910643 17.551757428795099 4.5123181275557727 6.562864473089574 1.920140594942495 7.8097920943982899 0.67000548867508747 12.011373543180524 12.311675697565077 0.52584633603692044 0.6450855303555727 22.296453535556793 0.50673045823350549 0.15183816547505546 0.65505461080465466 168.1348323225975 37.092228204011917
leaf_count=984 18378 49 13 214 22 263 92 1 6 10 17 5 6 19 39 28 14 30 27 39 26 19 8 8 42 9 7 81 323 70
internal_value=0.0379704 -0.0298754 0.049278 0.0183045 0.0500691 0.0319503 -0.0154867 -0.0466972 -0.048174 0.0318541 0.010122 -0.0294553 0.0513765 0.0464246 0.034889 -0.00404104 0.0422647 0.0196348 0.0475693 -0.0609124 0.0524476 0.0528952 -0.0579492 -0.0545232 0.053311 -0.0538559 -0.0520626 -0.054015 0.052993 0.0532455
internal_weight=377.412 53.9159 323.496 13.9529 320.943 21.5993 3.85762 39.963 39.3814 11.6868 5.81387 2.41992 299.344 70.2567 24.0997 6.54798 17.7417 3.36907 14.3727 2.03566 46.157 229.087 1.63882 1.11297 34.1456 1.17674 2.2677 0.806893 217.539 49.4039
internal_count=20849 18696 2153 311 1169 527 443 18385 18384 97 87 70 642 208 121 82 84 43 41 54 87 434 65 57 61 48 351 88 412 89
is_linear=0
shrinkage=0.05


Tree=56
num_leaves=31
num_cat=0
split_feature=5 7 7 5 4 5 6 6 3 7 5 3 6 6 7 7 3 6 5 7 7 6 5 7 4 7 6 7 0 6
split_gain=109.576 16.6285 9.06305 4.98313 4.27494 3.76553 2.2422 2.11295 2.40955 1.55644 1.42117 2.42346 4.97273 4.03329 2.0639 2.34856 2.05512 1.05761 1.83382 0.30631 0.284738 0.282434 0.179596 0.130316 0.255518 0.471467 0.0293425 0.014025 0.00914835 0.00276046
threshold=0.61168676490966423 0.52102862529569294 0.30996399644545392 0.77692039150474768 1.0000000180025095e-35 0.21661244440873653 0.050112893505481405 0.024248155883799551 1.5000000000000002 0.66759605958163371 0.37703876156758848 1.5000000000000002 0.012246653813243651 0.00075419128249512395 0.62461637458143737 0.48560542529687939 1.0000000180025095e-35 0.00024141026186848724 0.66217129979670952 0.42315554613810852 0.71748051682258629 0.0012320017272741729 0.37703876156758848 0.52102862529569294 1.0000000180025095e-35 0.50696498429313719 0.03718888413275865 0.62461637458143737 68.996635843373923 0.011996746680337197
decision_type=2 2 2 2 2 2 2 2 2 2 2 2 2 2 2 2 2 2 2 2 2 2 2 2 2 2 2 2 2 2
left_child=2 6 4 7 5 -1 17 8 9 27 19 12 13 -12 15 16 -15 18 -2 -4 -14 -18 -6 24 25 -13 -7 29 -25 -3
right_child=1 3 10 -5 22 26 -8 -9 -10 -11 11 23 20 14 -16 -17 21 -19 -20 -21 -22 -23 -24 28 -26 -27 -28 -29 -30 -31
leaf_value=0.056362599214084402 0.040786031765338175 -0.051293538114560458 0.045243209866216161 -0.051494920364000656 0.053396738717098748 -0.05074419175163794 0.053133504977700988 0.053192818344563852 0.037271628716532959 0.029244908207458238 -0.17198657510411558 0.023887891173790865 0.039855359999899996 -0.053150323068442529 0.039281087750794065 -0.05859222919767381 0.055411777096357452 -0.050282379256641724 -0.050148950341838028 0.052854929853486998 0.052891401116374526 0.020085581697251678 0.030265920252929436 0.053120686613597978 0.054304653728563183 0.053195139696358931 -0.070158546778481753 -0.064404258476434592 0.051463920576714187 -0.056457199896056479
leaf_weight=1.0014351606368999 0.89295640878844951 0.44562482007313364 14.084556542336939 2.1587707212893283 1.6947871744632723 3.9266469702124596 0.5549623966217031 5.6043669581413269 3.3187159737572074 0.76980719435960043 0.32680157944560217 2.7084686364978534 7.3141507203690734 0.84666248084977302 3.082529217004776 1.7886836533434687 1.158451348077506 35.156161821796559 1.4623582407366482 214.59108412265778 9.8031482696533185 1.1059638750739393 1.66224571573548 23.145492285490036 5.0695560872554779 2.7816019654273987 0.20477083325386036 0.50622850656509388 13.01894851028919 0.6174444779753685
leaf_count=1 45 49 32 214 3 1261 1 10 17 5 25 35 29 98 9 30 5 17562 777 425 19 42 56 43 8 5 1 8 26 8
internal_value=0.037776 -0.0297613 0.0490179 0.0180936 -0.00192841 -0.0306219 -0.0466333 0.0314325 0.00987779 -0.0289885 0.0504557 0.0443375 0.0319154 0.000178364 0.00722694 -0.0129389 0.013309 -0.0481093 -0.0156733 0.0523861 0.0473212 0.0381581 0.0419434 0.0510974 0.0462107 0.0387367 -0.0517065 -0.0575545 0.0525243 -0.0542927
internal_weight=360.803 51.4874 309.316 13.421 8.48989 5.13285 38.0664 11.2622 5.65782 2.3391 300.826 72.1505 25.4264 8.30909 7.98229 4.89976 3.11108 37.5115 2.35531 228.676 17.1173 2.26442 3.35703 46.7241 10.5596 5.49007 4.13142 1.5693 36.1644 1.06307
internal_count=20849 18696 2153 311 1322 1263 18385 97 87 70 831 374 257 209 184 175 145 18384 822 457 48 47 59 117 48 40 1262 65 69 57
is_linear=0
shrinkage=0.05


Tree=57
num_leaves=31
num_cat=0
split_feature=5 6 1 5 2 6 4 3 5 2 5 6 5 3 2 1 6 3 5 3 5 5 5 1 6 1 3 3 2 5
split_gain=103.71 14.0659 6.97499 3.59902 4.33951 6.85886 1.51979 2.04339 1.35728 1.23615 1.0723 1.06416 1.85511 2.25787 2.76589 3.84842 1.33359 0.78091 0.891282 0.604435 2.13059 0.482147 1.54616 0.452449 1.02088 0.259901 0.234353 0.18151 0.729319 1.49435
threshold=0.61168676490966423 0.024248155883799551 6.5000000000000009 0.46216228778122764 4.5000000000000009 0.01182175657943345 1.0000000180025095e-35 1.5000000000000002 0.71021633856751809 2.5000000000000004 0.76340114324169617 0.0042482339453318646 0.32671335553782699 1.5000000000000002 21.500000000000004 5.5000000000000009 0.00084683621818164214 1.0000000180025095e-35 0.55187041443273244 1.5000000000000002 0.59185574037052913 0.64630581293608913 0.64324983591223728 2.5000000000000004 0.03718888413275865 1.5000000000000002 1.5000000000000002 1.0000000180025095e-35 4.5000000000000009 0.21661244440873653
decision_type=2 2 2 2 2 2 2 2 2 2 2 2 2 2 2 2 2 2 2 2 2 2 2 2 2 2 2 2 2 2
left_child=3 2 6 11 17 -6 21 -8 -3 -10 -9 12 -1 14 15 16 -14 18 23 20 -7 22 -2 24 -5 26 -19 28 -13 -30
right_child=1 8 -4 4 5 19 7 10 9 -11 -12 27 13 -15 -16 -17 -18 25 -20 -21 -22 -23 -24 -25 -26 -27 -28 -29 29 -31
leaf_value=0.049869819486932143 -0.054066725759662294 0.046668909187983269 0.040979391289019784 -0.053416036221671209 -0.052214868870864066 -0.055039984311381657 -0.050526458636195884 0.044091957065974435 0.043573999635637184 -0.0510995179557052 -0.050416937415195873 0.052203001024069731 -0.18063392077500406 0.048278176687948822 0.042110840002626049 0.054264138843933045 -0.062868278226878946 0.021002102758086033 -0.051002858873905169 0.049035903975227502 0.05366594085939741 -0.050418995377997482 0.029956305410480819 0.051114865161978884 0.052760960099730282 0.049915689333262916 0.045135142839033769 0.052297310639520693 0.053346147269373791 -0.0038081614418395285
leaf_weight=18.867316964082423 1.7560138111002737 5.6468984112143508 2.4672319665551177 0.41654737363569783 3.4035323638236132 0.70116066886112083 1.9527803140226743 1.3873486830852924 0.62755036749877013 0.76521869190037251 0.38298484054394077 17.929476325633008 0.2960721119306976 3.8957896563224494 1.7630146231967954 0.7240617275238036 1.2783196615055201 1.5898276250809456 0.39615963399410237 3.7825502947671339 1.2621093052439389 33.37413812847808 0.79557475668843824 1.1870037550106642 0.49591252207756042 18.02452955651097 2.7392397799994797 212.1569067472592 2.8185592889785758 1.9245630705263463
leaf_count=43 621 35 9 69 947 59 808 33 21 110 115 48 20 24 12 1 73 49 114 28 21 16868 76 12 1 77 29 476 5 45
internal_value=0.0375954 -0.0296552 -0.0405902 0.0487766 0.0334726 0.00403375 -0.045666 -0.0152574 0.0357655 -0.00844176 0.0236464 0.0507652 0.0413307 0.0210836 -0.00500159 -0.0411389 -0.0850147 0.0443119 0.0177842 0.0373526 0.0148428 -0.0488174 -0.0278687 0.0307641 0.00429006 0.0472735 0.0362724 0.0518429 0.0475906 0.0301553
internal_weight=344.808 49.1557 42.1161 295.653 33.9986 9.14935 39.6488 3.72311 7.03967 1.39277 1.77033 261.654 26.8246 7.95726 4.06147 2.29845 1.57439 24.8492 2.49562 5.74582 1.96327 35.9257 2.55159 2.09946 0.91246 22.3536 4.32907 234.83 22.6726 4.74312
internal_count=20849 18696 18530 2153 1406 1055 18521 956 166 131 148 747 173 130 106 94 93 351 196 108 80 17565 697 82 70 155 78 574 98 50
is_linear=0
shrinkage=0.05


Tree=58
num_leaves=31
num_cat=0
split_feature=5 7 7 5 7 5 5 6 1 6 1 0 6 6 1 3 1 5 3 6 1 1 5 5 5 7 1 6 6 7
split_gain=98.1484 15.1999 8.88384 4.47662 3.23964 5.28173 2.82004 2.03723 2.06267 1.9384 2.35109 1.97741 1.13094 1.10204 0.943754 1.2524 2.69516 0.718903 1.6347 4.06098 3.53157 0.0438709 0.0406873 0.014839 0.00692293 0.00321899 0.00383294 0.00180205 0.00118576 0.00274961
threshold=0.61168676490966423 0.52102862529569294 0.21821931409656012 0.77692039150474768 0.44169221199942432 0.44018887201575585 0.59185574037052913 0.050112893505481405 6.5000000000000009 0.024248155883799551 3.5000000000000004 10.123476348527062 0.020781001596177493 0.014744368493971835 4.5000000000000009 1.5000000000000002 1.0000000180025095e-35 0.37703876156758848 1.5000000000000002 0.012246653813243651 2.5000000000000004 2.5000000000000004 0.46216228778122764 0.53246471623904046 0.68051178042254767 0.3736935917452095 2.5000000000000004 0.0092474451137293072 0.011116279507993735 0.56968344794642389
decision_type=2 2 2 2 2 2 2 2 2 2 2 2 2 2 2 2 2 2 2 2 2 2 2 2 2 2 2 2 2 2
left_child=2 7 -1 9 5 12 25 8 -2 10 11 -3 14 -8 15 16 -4 28 19 20 22 -18 -19 27 -13 -7 -27 -20 29 -6
right_child=1 3 4 -5 17 6 13 -9 -10 -11 -12 24 -14 -15 -16 -17 21 18 23 -21 -22 -23 -24 -25 -26 26 -28 -29 -30 -31
leaf_value=-0.050154304066032662 -0.050210589747568868 0.047790793652768407 0.04253543922978574 -0.051353559493747009 0.053440168681045501 -0.051447064771809707 -0.050366625241563101 0.052835872599338363 0.021832868399535379 0.052890713585948157 0.039198066245309027 -0.060647767310779546 0.051247690768501067 0.056152720342791354 0.053116170198476802 0.035479421676684483 -0.05260219202270279 -0.068895747308522812 0.053371012038629678 0.04834691165339676 0.02522039838530853 -0.071542987377266207 -0.053515271312054968 0.050644433330523923 -0.053758537391990074 -0.051422729504680312 -0.058382092759040438 0.052554179230276103 0.052491753686370338 0.052548072423276942
leaf_weight=2.2625012821517876 33.036171303247102 0.6302905550692216 1.2142596133053358 1.9612655655946571 11.800614714622496 1.7048959294334052 0.30567641102243204 0.50792437791824241 1.0243349559605111 5.1315760910511017 2.9823227254673839 0.53007030917797227 13.49216018617153 1.1808228823356328 2.6980483531951904 3.8674377575516701 0.58166742231696822 0.76583158969879395 10.363248944282534 15.488886658567933 3.9217137903906405 0.64441394875757396 0.98052810621447861 10.39749491587281 1.1685859211720524 0.35609791171737004 0.44520455645397305 19.37739959359169 148.58002361655235 32.223601341247559
leaf_count=984 18378 6 8 214 21 323 92 1 6 10 12 16 27 3 5 18 27 5 19 37 21 14 40 22 53 36 10 42 329 70
internal_value=0.0374037 -0.029524 0.0485261 0.0179577 0.0493224 0.0326836 -0.0203133 -0.0465617 -0.048044 0.030975 0.00980073 -0.0278439 0.0420889 0.0342486 0.0283675 0.0177817 -0.0102655 0.0510584 0.0463422 0.0350954 -0.00111653 -0.0625573 -0.0602601 0.0522704 -0.0559083 -0.0526756 -0.0552894 0.0528388 0.0525593 0.0527872
internal_weight=329.625 46.9725 282.653 12.4041 280.39 26.4907 3.9927 34.5684 34.0605 10.4428 5.31127 2.32895 22.498 1.4865 9.00583 6.30778 2.44034 253.899 61.2951 21.157 5.66807 1.22608 1.74636 40.1381 1.69866 2.5062 0.801302 29.7406 192.604 44.0242
internal_count=20849 18696 2153 311 1169 563 464 18385 18384 97 87 75 99 95 72 67 49 606 186 103 66 41 45 83 69 369 46 61 420 91
is_linear=0
shrinkage=0.05


Tree=59
num_leaves=31
num_cat=0
split_feature=5 7 7 5 7 5 5 6 1 6 1 7 6 6 1 3 1 5 3 6 1 5 5 2 7 1 6 2 6 7
split_gain=92.9606 14.4529 8.41492 4.22955 3.16004 4.96201 2.67268 1.93474 1.99125 1.86486 2.19002 1.59725 1.11544 1.03904 0.922543 1.15143 2.52664 0.735507 1.62767 3.87242 3.30349 0.0345038 0.0167108 0.00979804 0.00274698 0.00326129 0.00154612 0.00103646 0.00101552 0.00235422
threshold=0.61168676490966423 0.52102862529569294 0.21821931409656012 0.77692039150474768 0.44169221199942432 0.44018887201575585 0.59185574037052913 0.050112893505481405 6.5000000000000009 0.024248155883799551 3.5000000000000004 0.71748051682258629 0.020781001596177493 0.014744368493971835 4.5000000000000009 1.5000000000000002 1.0000000180025095e-35 0.37703876156758848 1.5000000000000002 0.012246653813243651 2.5000000000000004 0.46216228778122764 0.53246471623904046 2.5000000000000004 0.3736935917452095 2.5000000000000004 0.0092474451137293072 22.500000000000004 0.011116279507993735 0.56968344794642389
decision_type=2 2 2 2 2 2 2 2 2 2 2 2 2 2 2 2 2 2 2 2 2 2 2 2 2 2 2 2 2 2
left_child=2 7 -1 9 5 12 24 8 -2 10 11 23 14 -8 15 16 -4 28 19 20 21 -19 26 -3 27 -26 -20 -7 29 -6
right_child=1 3 4 -5 17 6 13 -9 -10 -11 -12 -13 -14 -15 -16 -17 -18 18 22 -21 -22 -23 -24 -25 25 -27 -28 -29 -30 -31
leaf_value=-0.050146773536129931 -0.050200773121623569 -0.059992169042189007 0.041373319434835527 -0.051287440815514812 0.053262750331128463 -0.0506405955450413 -0.050348823098656459 0.052689923886926199 0.020909730574995133 0.052741918047728542 0.03820237126925808 0.036101184306836002 0.050959604198617538 0.05557504949076883 0.052955378698518053 0.034370502155465145 -0.062049195973739028 -0.067794157873646996 0.053198080285701221 0.047884092386818781 0.024340671677679674 -0.053345587273538442 0.050312375241689959 -0.052018644835608745 -0.051353232825173456 -0.057921532535305943 0.052423444398895375 -0.053537256101206625 0.052364349083404982 0.052417663792076553
leaf_weight=2.1524728346848852 31.430968532105908 0.71959476545452916 1.186661364510661 1.8679579650051881 11.261537671089171 1.2090503277722744 0.29086861689575005 0.4844571053981771 1.0162912532687176 4.8947294056415558 2.90894406568259 0.68216165620833624 12.9048755466938 1.1346142273396251 2.5740587711334229 3.7944974293932319 1.1755702332593498 0.74001692980528122 9.8890625238418597 14.872329598758368 3.8618378192186356 0.93559909018222243 9.9540460892021638 0.82930407288949937 0.33917765005026002 0.42677363893017173 18.477158546447754 0.41474633710458864 141.66887617111206 30.726369798183441
leaf_count=984 18378 11 8 214 21 308 92 1 6 10 12 4 27 3 5 18 41 5 19 37 21 40 22 60 36 10 42 15 329 70
internal_value=0.0372479 -0.0294257 0.0483196 0.0177944 0.049111 0.0323506 -0.0202235 -0.0464926 -0.0479735 0.0306539 0.00961985 -0.0276472 0.0416215 0.0339614 0.027819 0.0173098 -0.0100951 0.0508708 0.0460002 0.0345946 -0.00109783 -0.0597266 0.052075 -0.055723 -0.0525447 -0.055013 0.0526935 -0.0513805 0.0524284 0.0526443
internal_weight=314.825 44.8344 269.99 11.9027 267.838 25.4509 3.81523 32.9317 32.4473 10.0347 5.14 2.23106 21.6357 1.42548 8.73079 6.15673 2.36223 242.387 58.7301 20.4098 5.53745 1.67562 38.3203 1.5489 2.38975 0.765951 28.3662 1.6238 183.657 41.9879
internal_count=20849 18696 2153 311 1169 563 464 18385 18384 97 87 75 99 95 72 67 49 606 186 103 66 45 83 71 369 46 61 323 420 91
is_linear=0
shrinkage=0.05


Tree=60
num_leaves=31
num_cat=0
split_feature=5 7 7 5 7 5 5 1 6 6 3 2 6 6 1 2 5 3 6 2 6 5 5 7 1 6 2 6 7 5
split_gain=88.0538 13.7445 7.97105 3.99283 3.0846 4.66034 2.53326 1.84026 1.92114 1.79914 2.04793 1.50255 1.10008 0.979774 0.906199 2.75213 0.7535 1.62245 3.69135 3.11803 0.0349194 0.0187854 0.0106445 0.00234887 0.00277646 0.0013268 0.000892182 0.000869966 0.00201627 0.000756946
threshold=0.61168676490966423 0.52102862529569294 0.21821931409656012 0.77692039150474768 0.44169221199942432 0.44018887201575585 0.59185574037052913 6.5000000000000009 0.050112893505481405 0.024248155883799551 1.5000000000000002 20.500000000000004 0.020781001596177493 0.014744368493971835 2.5000000000000004 21.500000000000004 0.37703876156758848 1.5000000000000002 0.012246653813243651 4.5000000000000009 0.0015889988020590547 0.53246471623904046 0.62415323069859208 0.3736935917452095 2.5000000000000004 0.0092474451137293072 22.500000000000004 0.011116279507993735 0.56968344794642389 0.68051178042254767
decision_type=2 2 2 2 2 2 2 2 2 2 2 2 2 2 2 2 2 2 2 2 2 2 2 2 2 2 2 2 2 2
left_child=2 7 -1 9 5 12 23 8 -2 10 11 22 14 -8 15 -4 27 18 19 -18 -21 25 -3 26 -25 -19 -7 28 -6 -24
right_child=1 3 4 -5 16 6 13 -9 -10 -11 -12 -13 -14 -15 -16 -17 17 21 -20 20 -22 -23 29 24 -26 -27 -28 -29 -30 -31
leaf_value=-0.050139610069112064 -0.050191395780863991 -0.063490104909965428 -0.054419687855444335 -0.051224555986113043 0.05309495809116014 -0.050609642817406257 -0.050331881407595452 0.020015032611419126 0.052551865730395025 0.052601162935121099 0.036401895841949909 0.036597059003917638 0.050670853823344519 0.055010335843500763 0.038870305700877593 0.045624128128896352 0.023450514380763326 0.053034444939427022 0.047407794564336185 -0.070782501187143035 -0.054811502891445256 0.049974581852712863 -0.055701548226838732 -0.05128713813559406 -0.057488791068448723 0.052299700403853636 -0.0533616899808943 0.052243743415318317 0.052294227714691235 -0.052879649375605624
leaf_weight=2.0477806450799099 29.903507353272296 0.39063859358429764 1.1731018754653686 1.7789828819222737 10.745303988456724 1.1507699055364353 0.276773570338264 1.0088306255638588 0.46200993657112022 4.6681548655033112 2.9177291733212769 0.61916566919535387 12.343697518110273 1.0900786244310436 5.6337925700936466 1.6604370693676174 3.8175435154698816 9.4350580871105212 14.285576704423873 0.49731099791824807 1.0976559235714374 9.5309823118150216 0.35940477321855702 0.32304106082301576 0.40893800684716552 17.616552442312241 0.39578414312563825 135.06284120678902 29.29507440328598 0.70143748994451016
leaf_count=984 18378 3 43 214 21 308 92 6 1 10 17 7 27 3 24 5 19 19 37 12 35 22 16 36 10 42 15 329 70 44
internal_value=0.0370916 -0.0293168 0.0481155 0.0176101 0.0489019 0.0320148 -0.0201356 -0.046421 -0.0486282 0.0302912 0.00941342 -0.0286158 0.0411498 0.0336796 0.0272699 0.0042054 0.0506868 0.045654 0.0340848 -0.0010793 -0.0597913 0.0518834 -0.056434 -0.0524184 -0.0547518 0.052556 -0.0513139 0.0523044 0.0525091 -0.0538357
internal_weight=300.698 42.8099 257.888 11.4355 255.84 24.4564 3.64539 31.3743 30.3655 9.65653 4.98838 2.07065 20.811 1.36685 8.46733 2.83354 231.384 56.2807 19.6981 5.41251 1.59497 36.5826 1.45148 2.27853 0.731979 27.0516 1.54655 175.103 40.0404 1.06084
internal_count=20849 18696 2153 311 1169 563 464 18385 18379 97 87 70 99 95 72 48 606 186 103 66 47 83 63 369 46 61 323 420 91 60
is_linear=0
shrinkage=0.05


Tree=61
num_leaves=31
num_cat=0
split_feature=5 7 7 5 5 1 7 7 1 5 2 2 3 1 3 7 1 0 0 7 5 5 5 0 5 5 0 5 5 7
split_gain=83.4084 13.072 7.59485 3.76729 2.74169 1.77877 1.58173 1.6767 1.65931 1.42339 2.2551 10.0503 1.40551 2.27454 0.38897 0.770865 0.930668 0.989059 0.849156 0.377378 0.169801 1.18776 0.135406 0.0258563 0.0211893 0.0132195 0.0102764 0.00758124 0.00283794 0.00105073
threshold=0.61168676490966423 0.52102862529569294 0.30996399644545392 0.77692039150474768 0.21661244440873653 6.5000000000000009 0.2396101482698676 0.24106763456983801 4.5000000000000009 0.37703876156758848 4.5000000000000009 21.500000000000004 1.5000000000000002 3.5000000000000004 1.5000000000000002 0.71748051682258629 4.5000000000000009 91.949178116919327 15.023560009806179 0.42315554613810852 0.69334968980408174 0.69090039809582982 0.44018887201575585 276.25075634236902 0.41572676676501963 0.46216228778122764 68.996635843373923 0.64324983591223728 0.26969689915409245 0.52102862529569294
decision_type=2 2 2 2 2 2 2 2 2 2 2 2 2 2 2 2 2 2 2 2 2 2 2 2 2 2 2 2 2 2
left_child=2 5 4 12 -1 20 -6 -8 23 19 14 24 13 27 15 16 17 18 -11 -4 21 -2 -13 28 -12 -16 -26 -3 -9 -28
right_child=1 3 9 -5 6 -7 7 8 -10 10 11 22 -14 -15 25 -17 -18 -19 -20 -21 -22 -23 -24 -25 26 -27 29 -29 -30 -31
leaf_value=0.05362505059547245 -0.050334208507702163 -0.061508514427123677 0.042838842366577388 -0.051164747338675758 -0.05032679778703375 0.019149069815197178 0.055116713528470473 -0.059040227498973766 0.045900785439536206 0.033391706332873965 -0.065320442589562322 0.052984934082889762 0.04432715193071339 0.032730620732876824 0.052567383178239807 0.052378225565323615 0.05294721173072027 0.044565983215413607 -0.021451242201953651 0.052199969802524331 -0.050160750117868837 0.026493616323171511 0.041713238116079507 -0.070853753894255508 -0.052492714101684795 0.050398270508327105 -0.057927364292024879 -0.05264270704858981 -0.051157276911673814 -0.061278928537867795
leaf_weight=1.617995649576186 3.4387244378449457 0.36157281394116425 11.496913336217402 1.6941490785684425 2.4433200529310852 1.0019112080335606 1.0407295176992195 0.12967409193515755 0.58750726003199805 1.1387841216055696 0.76720686815679018 5.1032791733741742 5.9979011109098792 2.2188485488295555 15.483510106801988 8.5508111715316755 2.9775331020355225 2.0361729501746595 1.8563607271062208 169.38253259658813 24.862578889704309 0.58928667963482428 5.5751396260457113 0.22127211210317899 1.1709409741451966 12.856414695736019 0.49322920234408218 0.72384193108882755 0.95514526381157339 0.44468103721737862
leaf_count=3 1933 7 32 214 1080 6 8 1 4 12 7 11 24 12 36 20 6 9 36 425 16365 81 35 6 125 36 35 54 220 6
internal_value=0.0369342 -0.0291998 0.0479119 0.0174121 -0.00344033 -0.0463465 -0.0206098 0.00413453 -0.0238855 0.049413 0.04263 0.0247559 0.0299016 0.00371625 0.048026 0.0419379 0.030791 0.017679 -0.000599403 0.051605 -0.0486179 -0.0390945 0.0471 -0.0552768 -0.0582051 0.0515834 -0.0556165 -0.0555961 -0.0520996 -0.0595164
internal_weight=287.218 40.8888 246.329 10.9963 6.99564 29.8925 5.37765 2.93433 1.8936 239.334 58.4541 13.5545 9.30216 3.30426 44.8996 16.5597 8.00885 5.03132 2.99514 180.879 28.8906 4.02801 10.6784 1.30609 2.87606 28.3399 2.10885 1.08541 1.08482 0.93791
internal_count=20849 18696 2153 311 1322 18385 1319 239 231 831 374 219 97 73 155 83 63 57 48 457 18379 2014 46 227 173 72 166 61 221 41
is_linear=0
shrinkage=0.05


Tree=62
num_leaves=31
num_cat=0
split_feature=5 7 7 4 5 5 5 3 2 7 5 4 4 7 2 0 4 5 5 5 4 5 3 7 7 4 0 0 5 2
split_gain=79.1057 11.8248 7.03434 3.79746 3.01251 3.00251 2.20376 2.54136 2.40674 1.13863 1.17048 1.45314 0.893382 2.3707 0.734721 2.26458 0.628041 1.13376 0.841313 0.433121 1.01648 0.421094 0.950563 1.13489 0.298203 0.387902 0.596316 0.282835 0.280961 1.0611
threshold=0.66848493651542462 0.30996399644545392 0.52102862529569294 1.0000000180025095e-35 0.77692039150474768 0.21661244440873653 0.55187041443273244 1.5000000000000002 3.5000000000000004 0.4288708452381923 0.26969689915409245 1.0000000180025095e-35 1.0000000180025095e-35 0.66759605958163371 21.500000000000004 145.89473099869019 1.0000000180025095e-35 0.70479351897953746 0.77087295431715941 0.69334968980408174 1.0000000180025095e-35 0.37703876156758848 1.5000000000000002 0.71748051682258629 0.59406677549667541 1.0000000180025095e-35 75.094729121894062 45.303856759865774 0.37703876156758848 22.500000000000004
decision_type=2 2 2 2 2 2 2 2 2 2 2 2 2 2 2 2 2 2 2 2 2 2 2 2 2 2 2 2 2 2
left_child=1 3 19 5 16 -1 9 8 12 10 -3 14 13 -8 15 -12 17 -4 -19 20 -2 -11 23 27 25 26 -9 -23 -5 -30
right_child=2 6 4 28 -6 -7 7 24 -10 21 11 -13 -14 -15 -16 -17 -18 18 -20 -21 -22 22 -24 -25 -26 -27 -28 -29 29 -31
leaf_value=0.05464260277091823 -0.050399319852984736 0.051344889739936686 0.042571068598531117 0.052513526846929851 -0.051107862938270687 -0.051434481905121635 -0.058935085202868588 -0.0054731140775499528 -0.053889574987290523 0.052086417087900919 -0.05477142074632825 0.048702982749151184 0.052388645477248488 0.052900993494247789 0.025865072374384936 0.043754008637518133 0.046590365056684235 -0.053100460531260801 0.024077616442067684 -0.050242333435134894 0.033576020569326251 0.03369587835502133 0.052302616213240782 0.049100981226005917 0.052318244046882262 0.051828715830312767 0.044400473277806551 0.013943672854568462 -0.050500577404941932 0.045889718390363543
leaf_weight=0.77744305133819391 1.1417087196605304 7.2929918318986884 1.4670969701837742 1.2920434474945071 1.6132728853262959 4.6994883163133636 0.89042535948101176 1.1106274543562906 1.4433893321547655 160.97186574339867 1.3963398326886802 3.3897905759513378 1.4785760594531894 1.0129098594188688 2.3161606662906706 1.0015338333323596 2.302582886070013 0.82030099222902186 0.61999452905729413 23.973620495642535 0.52655415888875712 3.1946865953505066 26.678173333406448 8.7612116783857328 5.441356897354126 1.8596975514665244 1.3019087244756518 4.1884811255149543 0.38720465148799088 1.0871669426560402
leaf_count=1 690 18 16 3 214 2266 56 41 274 424 72 8 4 2 13 7 8 42 5 16370 39 17 66 22 13 5 14 25 109 5
internal_value=0.0367647 0.0465975 -0.0365222 -0.0122582 0.00859602 -0.036377 0.0486732 0.029822 0.000162395 0.0499236 0.0368128 0.0237347 0.0232316 0.000581423 0.00578046 -0.0136197 0.0270834 0.0116343 -0.0198781 -0.0485281 -0.0238942 0.0509142 0.0465076 0.0369314 0.0445556 0.0346686 0.0214408 0.0224904 0.035492 0.0205754
internal_weight=274.439 241.973 32.4651 8.24335 6.82325 5.47693 233.73 14.5389 4.8253 219.191 15.3968 8.10382 3.38191 1.90334 4.71403 2.39787 5.20998 2.90739 1.4403 25.6419 1.66826 203.794 42.8226 16.1444 9.71359 4.27223 2.41254 7.38317 2.76642 1.47437
internal_count=20849 3465 17384 2384 285 2267 1081 409 336 672 118 100 62 58 92 79 71 63 47 17099 729 554 130 64 73 60 55 42 117 114
is_linear=0
shrinkage=0.05


Tree=63
num_leaves=31
num_cat=0
split_feature=7 7 6 3 6 1 2 2 6 4 3 1 6 6 1 7 1 4 1 7 2 6 7 3 1 4 3 6 4 1
split_gain=65.1663 6.63496 5.41505 5.00616 4.28167 2.96563 3.05384 2.39567 2.1001 2.49907 2.82521 3.35296 2.75476 1.63679 1.39418 1.19888 0.994627 0.902556 0.792519 1.13359 1.19619 0.616751 1.06903 2.2414 4.18303 1.05994 0.618799 1.55459 0.283192 1.30906
threshold=0.30996399644545392 0.44169221199942432 0.022226539321003422 1.0000000180025095e-35 0.014744368493971835 2.5000000000000004 21.500000000000004 21.500000000000004 0.0053801687988060129 1.0000000180025095e-35 1.5000000000000002 4.5000000000000009 0.0027031936033404271 0.0029140656885061227 4.5000000000000009 0.66759605958163371 4.5000000000000009 1.0000000180025095e-35 2.5000000000000004 0.62461637458143737 1.0000000180025095e-35 0.0187679372045839 0.66759605958163371 1.5000000000000002 1.5000000000000002 1.0000000180025095e-35 1.0000000180025095e-35 0.0054405293029924622 1.0000000180025095e-35 4.5000000000000009
decision_type=2 2 2 2 2 2 2 2 2 2 2 2 2 2 2 2 2 2 2 2 2 2 2 2 2 2 2 2 2 2
left_child=4 2 3 -2 16 6 -5 14 9 10 11 12 15 -14 -6 -3 -1 -18 19 20 -12 22 23 24 -10 26 27 -26 29 -7
right_child=1 8 -4 5 7 28 -8 -9 21 -11 18 -13 13 -15 -16 -17 17 -19 -20 -21 -22 -23 -24 -25 25 -27 -28 -29 -30 -31
leaf_value=-0.050156819081021424 -0.055265885783886554 -0.054293188607762104 0.046217230597601439 -0.051876556462622118 -0.052508980152939561 -0.052124837525853722 0.036705837778160215 0.042957749578910541 -0.055384697209796691 0.05108147620041481 0.049209712316209769 0.042837180849397923 0.047872938864219304 -0.05110026803505624 0.042461865005566347 -0.14829772140253367 -0.05087872363241476 0.044160311078691283 0.048421984874336799 0.045710528172691167 -0.054814489882543997 0.051610257446436152 0.051485243650594439 0.048859776383078611 0.053209036544934453 0.051641253263719447 0.028711213149568145 -0.05405782792605214 0.053058400178536913 0.045501583047740699
leaf_weight=20.541977761546157 3.3436952237971154 1.558065811521373 10.180428798077626 2.3914063788251934 1.6888081817887717 0.41058255394455079 1.6403221066575495 2.2165718245087191 1.5636166338808859 12.700576489791274 0.41918630339205287 2.24384426465258 1.115248007699847 0.66790431470144529 0.50109845458064217 0.43354941066354502 0.45990351680666097 0.54684516950510442 6.2895986561197788 1.4668519599363206 0.81108260480687022 121.54851370374672 34.819362699985504 18.888803126756102 0.56672710180282393 4.1801805818686262 3.4205519126262516 0.83608975436072797 2.605079376604408 2.0975958164781332
leaf_count=15503 1507 305 53 994 829 145 70 60 123 62 3 11 25 160 14 8 171 8 28 9 66 354 99 80 1 17 32 93 11 8
internal_value=0.0366067 0.0448704 0.0191509 -0.0029128 -0.0385954 0.0162291 -0.0158365 0.00631319 0.0476009 0.0347591 0.0209437 -0.00556718 -0.0343403 0.0108012 -0.0307776 -0.0747568 -0.0477787 0.000744524 0.0386987 0.0160243 -0.0193706 0.0495156 0.0455544 0.0385436 0.0201033 0.0332131 0.0172423 -0.0107228 0.0415124 0.0295204
internal_weight=262.154 236.199 22.6691 12.4887 25.9552 9.14499 4.03173 4.40648 213.53 27.7059 15.0053 6.01861 3.77477 1.78315 2.18991 1.99162 21.5487 1.00675 8.98672 2.69712 1.23027 185.824 64.2753 29.456 10.5672 9.00355 4.82337 1.40282 5.11326 2.50818
internal_count=20849 4264 2788 2735 16585 1228 1064 903 1476 677 615 509 498 185 843 313 15682 179 106 78 69 799 445 346 266 143 126 94 164 153
is_linear=0
shrinkage=0.05


Tree=64
num_leaves=31
num_cat=0
split_feature=5 6 1 5 2 2 6 2 3 2 5 6 2 6 5 6 1 3 6 1 0 6 0 1 1 2 5 0 6 5
split_gain=71.8375 9.77794 5.15528 3.04111 4.00371 11.3622 1.04619 1.70307 1.00956 1.96606 1.28892 0.825262 1.1503 0.64503 1.85588 0.532186 0.511539 1.05744 2.96835 0.254778 0.715704 0.185308 0.294209 0.0833156 0.0468953 0.0648947 0.0403582 0.061878 0.126468 0.0306789
threshold=0.61168676490966423 0.024248155883799551 6.5000000000000009 0.37703876156758848 4.5000000000000009 21.500000000000004 0.03718888413275865 2.5000000000000004 1.5000000000000002 3.5000000000000004 0.76340114324169617 0.00077682924991504183 1.0000000180025095e-35 0.0060177448965912095 0.44018887201575585 0.0020474856754845298 2.5000000000000004 1.5000000000000002 0.012770485319886527 3.5000000000000004 10.375240897809009 0.0053801687988060129 65.312757477349265 3.5000000000000004 1.5000000000000002 3.5000000000000004 0.49639903090796539 75.094729121894062 0.019602292486637841 0.52177222762342435
decision_type=2 2 2 2 2 2 2 2 2 2 2 2 2 2 2 2 2 2 2 2 2 2 2 2 2 2 2 2 2 2
left_child=3 2 8 21 11 -6 7 -3 -2 10 15 12 -5 14 -7 -10 17 18 -13 20 -17 22 -1 29 25 -23 -18 28 -28 -15
right_child=1 6 -4 4 5 13 -8 -9 9 -11 -12 16 -14 23 -16 19 26 -19 -20 -21 -22 24 -24 -25 -26 -27 27 -29 -30 -31
leaf_value=0.038652887041075862 -0.05049117368086186 0.047994144490293822 0.03709206300283853 0.052400411649450619 -0.054809718592078054 0.052195988401705563 0.049778412866397746 -0.051327214063178611 -0.05423955373359212 -0.050424115750829925 -0.050737273323759803 -0.05261962905752296 -0.036603754238160785 0.037600295578306464 -0.053111097329522364 0.049868732651963961 0.052000192511175929 0.049062288386215819 0.04327502320602284 0.052399698319043668 -0.051950796704834962 0.051703803745270074 0.051746531179360122 0.051966858212565442 0.05179899539329829 0.045339350726638271 0.032801691026330258 0.051849657675037276 0.051873902993555432 0.046369638654756656
leaf_weight=7.6366718632634756 21.963497853896122 0.93867907137609907 2.0321217086166135 0.73605621943715849 4.1786100805038577 1.1898565997835238 3.5034615898039192 0.79897342598997056 0.18277127784676794 3.9881299659609795 0.74296223616693158 1.0972932544536869 0.71629012259654701 1.8588916598819176 0.64528063568286587 0.48527319810818859 19.014523083693351 7.9288764293305576 3.0502117447322235 0.97198736947029829 0.26784949982538819 9.2561645905952918 9.7901618899777514 5.0294593435246497 125.74664559052326 7.0602604830637565 1.6601011133752757 4.1002915749559179 1.8244262355146927 2.1518911782186478
leaf_count=37 15774 21 9 8 1068 8 21 124 43 2282 326 201 42 17 82 8 56 51 26 3 85 30 33 16 372 26 36 15 6 23
internal_value=0.0364294 -0.0290625 -0.0398594 0.0473743 0.037257 0.0152683 0.034046 0.00232614 -0.0453266 -0.0282409 0.00513327 0.0455061 0.00850399 0.0421941 0.0151674 0.0268902 0.0468956 0.0383615 0.0179045 0.0354857 0.0136564 0.0508748 0.0460087 0.0476804 0.0514718 0.0489498 0.0507701 0.0476864 0.0427875 0.0423053
internal_weight=250.548 35.8757 30.6346 214.672 55.1821 15.054 5.24111 1.73765 28.6025 6.63897 2.65084 40.1281 1.45235 10.8754 1.83514 1.90788 38.6757 12.0764 4.1475 1.72511 0.753123 159.49 17.4268 9.04024 142.063 16.3164 26.5993 7.58482 3.48453 4.01078
internal_count=20849 18696 18530 2153 1655 1214 166 145 18521 2747 465 441 50 146 90 139 391 278 227 96 93 498 70 56 428 56 113 57 42 40
is_linear=0
shrinkage=0.05


Tree=65
num_leaves=31
num_cat=0
split_feature=5 7 7 4 5 5 5 6 4 7 7 6 4 5 1 6 1 2 2 6 1 6 7 6 5 5 7 1 6 7
split_gain=68.0261 10.3293 6.0439 3.32906 2.62467 2.61806 2.03784 1.57204 1.36691 2.25832 1.14453 1.95618 1.56899 1.59489 2.35079 1.02394 1.33223 0.905802 1.55357 0.641233 0.636551 1.40159 1.08806 0.405978 0.873858 0.108161 0.299425 0.0656352 0.0263595 0.00835021
threshold=0.66848493651542462 0.30996399644545392 0.52102862529569294 1.0000000180025095e-35 0.77692039150474768 0.21661244440873653 0.55187041443273244 0.050112893505481405 1.0000000180025095e-35 0.66759605958163371 0.4288708452381923 0.022226539321003422 1.0000000180025095e-35 0.21661244440873653 1.0000000180025095e-35 0.026676147941145343 6.5000000000000009 3.5000000000000004 2.5000000000000004 0.0014486315633139484 3.5000000000000004 0.024248155883799551 0.66759605958163371 0.014744368493971835 0.37703876156758848 0.41572676676501963 0.59406677549667541 3.5000000000000004 0.03718888413275865 0.53576077067420302
decision_type=2 2 2 2 2 2 2 2 2 2 2 2 2 2 2 2 2 2 2 2 2 2 2 2 2 2 2 2 2 2
left_child=1 3 7 5 20 -1 10 -2 9 15 11 12 13 -3 -15 16 17 18 -8 -12 21 22 -4 24 -5 -21 -27 -16 -7 -19
right_child=2 6 4 23 -6 28 8 -9 -10 -11 19 -13 -14 14 27 -17 -18 29 -20 25 -22 -23 -24 -25 -26 26 -28 -29 -30 -31
leaf_value=0.05399832216223735 -0.05024460742094599 0.052407140612729899 -0.052991226363616112 0.052538125949992624 -0.051029942695486177 -0.050572739461246144 -0.058854303477050653 0.052071365768621258 0.050337103314494008 0.0494327234092585 0.036674905240989313 0.052051043608660696 0.046285627734068517 0.034758298277697046 -0.054263148697557044 0.044378189456067613 0.053459865179877754 -0.051126263423224086 0.033974910735903995 0.05168236732854109 0.047348394017094314 0.052054762485452093 0.035529040045912487 0.04959710136743526 -0.050815813326865425 0.038201385903125176 0.051233063149372218 -0.07551844296127512 -0.069164929473412726 -0.058364766124277073
leaf_weight=0.68562626838683982 21.893330450868241 0.87305799126624917 0.97570087469648503 0.4597631394863132 1.449481410149019 3.9490004224935547 0.75243805884383452 0.38196924328803916 4.7071130289696148 3.1782575324177742 7.9906999077647916 7.7480968832969666 2.2941350713372231 1.0295805755304175 1.2195989223546346 0.88147632777690876 0.60530358552932728 0.90738303115358554 1.1239901974331588 145.24935983121395 1.9974616672843692 1.1316553652286527 0.53886318346485496 1.6204237949568776 0.36838332563638687 5.8314454439096179 18.055894806981087 0.5172286262968554 0.20031125843524922 0.7103020716458559
leaf_count=1 17098 2 56 1 214 2265 48 1 29 10 26 21 6 13 69 3 1 284 14 442 8 3 4 10 106 33 53 7 1 20
internal_value=0.0362732 0.0460485 -0.0364198 -0.0124583 0.0077069 -0.0365141 0.0481408 -0.0484901 0.0288806 0.0165021 0.0494395 0.0355061 0.0139016 -0.00651157 -0.0251059 -0.00451058 -0.0150229 -0.0268865 -0.00324913 0.0505157 0.0260411 0.00995751 -0.0214968 0.0350424 0.00656333 0.0511696 0.0480517 -0.060593 -0.0514703 -0.0543046
internal_weight=239.327 210.959 28.3685 7.28351 6.09316 4.83494 203.675 22.2753 12.8663 8.15915 190.809 13.6817 5.9336 3.63947 2.76641 4.98089 4.09942 3.49411 1.87643 177.127 4.64368 2.64622 1.51456 2.44857 0.828146 169.137 23.8873 1.73683 4.14931 1.61769
internal_count=20849 3465 17384 2384 285 2267 1081 17099 409 380 672 118 97 91 89 370 367 366 62 554 71 63 60 117 107 528 86 76 2266 304
is_linear=0
shrinkage=0.05


Tree=66
num_leaves=31
num_cat=0
split_feature=5 7 7 6 6 1 7 6 1 6 3 1 6 1 7 6 5 5 5 5 7 3 5 7 5 5 5 6 5 5
split_gain=64.4841 10.0746 6.05235 3.01479 2.38552 2.35669 1.65052 1.4232 1.48922 1.41545 2.26968 3.45737 3.2223 1.39984 1.24894 2.78023 0.72669 0.528977 1.64275 0.468123 1.0708 1.70995 0.927215 0.17019 0.337578 0.0964803 0.0758297 0.0160302 0.014236 0.00841986
threshold=0.61168676490966423 0.52102862529569294 0.30996399644545392 0.024248155883799551 0.014744368493971835 3.5000000000000004 0.81338551208624488 0.050112893505481405 6.5000000000000009 0.0053801687988060129 1.5000000000000002 4.5000000000000009 0.0011815453701358128 4.5000000000000009 0.55258286185066441 0.0012061840587895753 0.41572676676501963 0.21661244440873653 0.59185574037052913 0.48011880266979329 0.56968344794642389 1.5000000000000002 0.49639903090796539 0.47492814856243182 0.26969689915409245 0.32671335553782699 0.32671335553782699 0.0078800968024168184 0.26969689915409245 0.63261262545172448
decision_type=2 2 2 2 2 2 2 2 2 2 2 2 2 2 2 2 2 2 2 2 2 2 2 2 2 2 2 2 2 2
left_child=2 7 4 5 13 6 29 8 -2 10 11 12 16 -1 15 -14 -4 -6 28 23 21 22 -21 24 -11 -12 -17 -25 -19 -3
right_child=1 3 9 -5 17 -7 -8 -9 -10 19 25 -13 14 -15 -16 26 -18 18 -20 20 -22 -23 -24 27 -26 -27 -28 -29 -30 -31
leaf_value=-0.050731654562923147 -0.050162111485550345 -0.061521833120105777 -0.14603847495208558 0.051420123849664559 0.052817631005491 0.028594266676403041 0.052400936349565858 0.051966262310474666 0.0165133895976547 0.051889810801973926 0.051920079417646536 0.051591827846881613 0.054416499271728404 0.042076540602036569 0.03602384602588949 -0.083799578898675453 -0.053524706135583133 -0.067884191874659827 0.051937805721725065 0.029075924051021426 0.050113004865351543 0.044237556557427789 -0.056316669563377955 0.049532305521469977 0.035844426706459341 0.044220211278832619 -0.055897525195350434 0.051673276777517131 -0.051241775949304624 -0.051797431477398383
leaf_weight=2.4421859764843243 22.360617614234805 0.24635801464319129 0.41675743460655379 3.5993984695523977 1.2943382412195208 2.4736930815270171 0.43719217181205738 0.36405667662620445 0.87004780024289985 8.5108917355537397 9.5065546035766619 4.1277105850167572 0.81526698707602951 0.48738252092152823 2.0323511152528226 0.31839410215616215 0.43259432550985366 0.19404479861259438 0.87596356845460832 0.49615667760372095 9.5809045280329865 2.3926583519205451 0.88477930339286104 9.3848163932561857 5.3315120665356508 7.1117261836770913 1.0352599691250359 127.8270355463028 0.38040106883272529 2.3078979685669765
leaf_count=1234 18378 3 3 11 3 24 1 1 6 25 28 13 2 14 13 2 39 1 13 2 31 16 56 29 32 34 96 410 57 272
internal_value=0.036129 -0.0289151 0.0469739 0.0158888 -0.00391135 -0.0075125 -0.03737 -0.0461277 -0.0476649 0.0484919 0.037603 0.0176466 -0.0100957 -0.0352915 0.00786127 -0.018528 -0.0989191 0.0295818 0.00884621 0.0502005 0.0412274 0.0186675 -0.025636 0.0509938 0.0457098 0.048625 -0.0624604 0.0515268 -0.0568635 -0.0527354
internal_weight=228.539 32.6593 195.88 9.06454 5.67432 5.46514 2.99145 23.5947 23.2307 190.205 25.7966 9.17833 5.05062 2.92957 4.20127 2.16892 0.849352 2.74475 1.45041 164.409 13.3545 3.77359 1.38094 151.054 13.8424 16.6183 1.35365 137.212 0.574446 2.55426
internal_count=20849 18696 2153 311 1322 300 276 18385 18384 831 230 168 155 1248 113 100 42 74 71 601 105 74 58 496 57 62 98 439 58 275
is_linear=0
shrinkage=0.05


Tree=67
num_leaves=31
num_cat=0
split_feature=5 7 7 6 6 1 7 5 3 6 6 7 7 1 6 1 3 5 5 6 7 7 6 0 5 5 5 5 1 5
split_gain=61.0963 9.58333 5.73862 2.8662 2.25847 2.21104 1.56604 1.43595 2.09013 3.46577 3.24976 1.46229 1.52674 1.37588 1.42129 1.32834 1.28701 0.504635 1.54826 0.446013 0.440685 0.245844 0.213057 0.151586 0.0120388 0.0119262 0.00719447 0.00189349 0.000702531 0.000657302
threshold=0.61168676490966423 0.52102862529569294 0.30996399644545392 0.024248155883799551 0.014744368493971835 3.5000000000000004 0.81338551208624488 0.37703876156758848 1.5000000000000002 0.012246653813243651 0.00075419128249512395 0.62461637458143737 0.48560542529687939 6.5000000000000009 0.050112893505481405 4.5000000000000009 1.0000000180025095e-35 0.21661244440873653 0.59185574037052913 0.024248155883799551 0.42315554613810852 0.50696498429313719 0.0012320017272741729 29.525839194694075 0.53246471623904046 0.26969689915409245 0.63261262545172448 0.26969689915409245 2.5000000000000004 0.77692039150474768
decision_type=2 2 2 2 2 2 2 2 2 2 2 2 2 2 2 2 2 2 2 2 2 2 2 2 2 2 2 2 2 2
left_child=2 13 4 5 15 6 26 20 9 10 -9 12 16 14 -2 27 28 -6 25 -11 -4 23 -18 -10 -23 -19 -3 -1 -12 -28
right_child=1 3 7 -5 17 -7 -8 8 21 19 11 -13 -14 -15 -16 -17 22 18 -20 -21 -22 24 -24 -25 -26 -27 29 -29 -30 -31
leaf_value=-0.056961031065465843 -0.050154511540232094 -0.060885449741670421 0.040183044586034604 0.05126928827995994 0.052674534153753276 0.027564492567540174 0.052278360595373531 -0.17076964089418184 0.04789444283710409 0.031131076211469912 -0.050691256033274429 0.037077572823485345 -0.056306592031060844 0.015770960312713352 0.051866696169826192 0.041221573853239539 0.052563676722600032 -0.066710425350278199 0.051377471768217921 0.0517518859862581 0.051618160615857112 0.051703559128829985 0.01591528577069154 0.030553524368753571 0.049189752496605066 -0.051182620535645741 -0.05259537982267929 -0.050375243266754702 -0.05414743133787199 -0.05086601972493552
leaf_weight=0.11481161275878538 21.273218890419241 0.23673019278794427 9.0227052569389325 3.4336745198816061 1.2344728708267214 2.4387147469678894 0.41682049632072438 0.27854131406639027 2.4115861481986967 4.4043335127644223 0.30223411327460836 2.1161866788752377 1.3906282840762285 0.86557326093315978 0.34694942831993003 0.47298674262128759 0.79151051642838866 0.18774574995040871 0.84210199175868183 6.4808474481105804 127.25667162239552 16.82925966382027 0.79479986720252782 2.6397018418647349 6.6426942199468604 0.36225635698065162 1.075321526732296 2.2096576786134392 0.28632675268454477 1.1235655543860046
leaf_count=2 18378 3 32 11 3 24 1 25 15 28 72 9 30 6 1 14 5 1 13 20 425 54 42 28 20 57 71 1232 26 201
internal_value=0.0359781 -0.0287841 0.0467828 0.0156946 -0.00389563 -0.0073914 -0.0372772 0.0482961 0.0405913 0.0266264 -0.00402253 0.00415215 -0.0153897 -0.0460426 -0.0485173 -0.0351586 0.0107729 0.0294012 0.00876317 0.0434083 0.0508611 0.0488387 0.0342015 0.0388324 0.0509921 -0.0564831 -0.0526034 -0.0507005 -0.0523726 -0.0517117
internal_weight=218.283 31.2106 187.072 8.72483 5.42403 5.29115 2.85244 181.648 45.3687 16.8454 5.96023 5.68169 3.5655 22.4857 21.6202 2.79746 2.17487 2.62658 1.3921 10.8852 136.279 28.5232 1.58631 5.05129 23.472 0.550002 2.43562 2.32447 0.588561 2.19889
internal_count=20849 18696 2153 311 1322 300 276 831 374 257 209 184 175 18385 18379 1248 145 74 71 48 457 117 47 43 74 58 275 1234 98 272
is_linear=0
shrinkage=0.05


Tree=68
num_leaves=31
num_cat=0
split_feature=7 7 6 3 6 1 2 0 6 3 7 1 6 1 6 7 1 6 3 7 7 6 3 1 2 7 2 2 7 7
split_gain=49.9562 5.72793 4.51327 3.976 3.35416 2.48015 2.47923 1.9141 1.87974 2.06077 2.02528 2.11116 1.85062 4.48445 1.21306 1.12732 0.766878 0.700569 0.469012 0.745228 0.333352 0.810699 1.21511 1.80954 0.317127 0.442122 2.39393 0.272248 0.571481 0.206665
threshold=0.30996399644545392 0.44169221199942432 0.022226539321003422 1.0000000180025095e-35 0.014744368493971835 2.5000000000000004 21.500000000000004 32.160128230491878 0.0095390916651275706 1.5000000000000002 0.76573366385537411 1.5000000000000002 0.0027031936033404271 5.5000000000000009 0.00073524595148691068 0.21821931409656012 4.5000000000000009 0.0014748685111789916 1.0000000180025095e-35 0.52102862529569294 0.55258286185066441 0.024248155883799551 1.5000000000000002 2.5000000000000004 4.5000000000000009 0.66759605958163371 21.500000000000004 21.500000000000004 0.21959803630083183 0.36660805002641084
decision_type=2 2 2 2 2 2 2 2 2 2 2 2 2 2 2 2 2 2 2 2 2 2 2 2 2 2 2 2 2 2
left_child=4 2 3 -2 16 6 -5 15 9 10 11 -3 13 14 -13 -6 -1 -18 19 -14 21 22 23 -10 -11 26 -26 28 -17 -7
right_child=1 8 -4 5 7 29 -8 -9 20 24 -12 12 18 -15 -16 27 17 -19 -20 -21 -22 -23 -24 -25 25 -27 -28 -29 -30 -31
leaf_value=-0.050134582985291769 -0.055435735953124989 -0.052026843983223249 0.045272572461868416 -0.052076090881333914 -0.050077391284032158 0.046961361624407894 0.034844955139241539 -0.053225372483028777 -0.056309250219214346 0.049176128247102685 0.050996684029202613 -0.18098637769769704 -0.054605402160725236 0.051588286465909163 -0.057334051263358887 0.051680023173945135 0.040488188645839827 -0.050997420876525673 0.039092822755035561 0.026201986526413524 0.050911757113001194 0.051277720132277577 0.047743271722410913 0.029669974317239462 -0.053519831200471303 0.051278955566824803 0.049743236202103934 0.052828449974803841 -0.050432668450664409 0.022420647616865519
leaf_weight=16.044135567091878 2.7831425786716881 1.1626795546617348 8.2237507593817991 2.0501696499995892 0.38941986381541926 3.0243918995838612 1.3676079245051367 0.9977707429206929 0.82389000605326446 20.078880168963227 4.6577876426745197 0.23981657356489305 0.36096197046572331 1.2603531088680027 1.1469346778467295 0.36102478863904286 0.45895183074753632 0.38463356206193566 5.6154163165483624 1.3614649053197352 106.48321185843088 14.093421447090803 4.5558249155292287 2.3789909277111292 0.76604298455640618 2.3848203895613551 2.0994899845682085 1.6108467949088661 0.22083152428967878 1.1976010442012919
leaf_count=15503 1507 331 53 994 315 94 70 486 65 88 18 47 101 4 124 2 42 137 58 37 403 52 26 23 78 9 12 7 93 70
internal_value=0.0358107 0.043882 0.0175793 -0.00427094 -0.0383722 0.0143682 -0.017295 0.00558992 0.0467761 0.0374748 0.0233074 0.0117381 0.0191631 -0.0166758 -0.0787178 0.028317 -0.0476914 -0.00122476 0.0320919 0.00926751 0.0497574 0.0441321 0.0311524 0.00755319 0.0463152 0.0353744 0.0221379 0.0422397 0.0129253 0.0400002
internal_weight=208.584 188.117 18.6467 10.4229 20.4676 7.63977 3.41778 3.57989 169.47 41.1346 15.8054 11.1476 9.98495 2.6471 1.38675 2.58212 16.8877 0.843585 7.33784 1.72243 128.335 21.8521 7.75871 3.20288 25.3292 5.25035 2.86553 2.1927 0.581856 4.22199
internal_count=20849 4264 2788 2735 16585 1228 1064 903 1476 907 720 702 371 175 171 417 15682 179 196 138 569 166 114 88 187 99 90 102 95 164
is_linear=0
shrinkage=0.05


Tree=69
num_leaves=31
num_cat=0
split_feature=5 7 7 5 4 5 7 5 5 1 4 0 5 2 1 2 4 5 4 7 7 4 7 0 5 0 5 1 0 7
split_gain=55.6759 8.45797 5.1583 2.59799 2.37111 2.03468 1.45298 1.84213 1.96918 1.28287 0.880775 0.849497 0.800835 1.08313 1.46341 3.48473 0.622258 0.431307 0.23571 0.550312 0.482016 0.15524 0.244457 0.136168 0.118373 0.0489294 0.0125655 0.00114488 0.00101294 0.000507105
threshold=0.61168676490966423 0.52102862529569294 0.30996399644545392 0.77692039150474768 1.0000000180025095e-35 0.21661244440873653 0.44169221199942432 0.41572676676501963 0.44018887201575585 6.5000000000000009 1.0000000180025095e-35 37.282144786884594 0.37703876156758848 4.5000000000000009 3.5000000000000004 21.500000000000004 1.0000000180025095e-35 0.64630581293608913 1.0000000180025095e-35 0.39569486501867601 0.40129851081728674 1.0000000180025095e-35 0.71748051682258629 49.345893572730809 0.37703876156758848 142.43913000854596 0.26969689915409245 2.5000000000000004 208.90787710429856 0.42315554613810852
decision_type=2 2 2 2 2 2 2 2 2 2 2 2 2 2 2 2 2 2 2 2 2 2 2 2 2 2 2 2 2 2
left_child=2 9 4 10 5 -1 7 16 -9 18 11 17 -8 21 15 -15 -4 -3 -2 -20 -21 22 23 -14 -6 -13 -7 28 -10 -29
right_child=1 3 6 -5 24 26 12 8 27 -11 -12 25 13 14 -16 -17 -18 -19 19 20 -22 -23 -24 -25 -26 -27 -28 29 -30 -31
leaf_value=0.053233467133918702 -0.050148409127666688 0.0073536779329593689 0.02847555959562946 -0.050971455728516427 0.05179537903019979 -0.061612420924961601 0.051453483339520503 0.035717470673317278 -0.050920398529680083 0.015077231702753963 0.047004183292143044 0.019719366143077285 0.045591916620941642 -0.059029835310069112 0.045050175163987738 0.044884640025396744 0.052130861578507583 -0.054347939938735379 -0.050101242618791321 0.049690087047009557 -0.050935584509745335 0.051722761043411003 0.051558496883282935 0.034419654449340038 0.027149811708144473 0.033038886811898968 -0.050388577058187202 -0.053342327527008737 -0.055938629572834332 -0.056599571034904733
leaf_weight=0.57051819562911932 18.083075017144449 0.53142769681289637 5.2375537529587728 1.2877897540456613 0.94356600940227497 0.28212148370221291 113.95499616861343 1.3165308916941278 0.58974242949625455 0.82635878399014373 2.9585230387747288 1.52306252240669 5.1833465250674653 1.3905779765918842 4.4992545833811164 1.9217240775469691 5.9250096380710602 0.60642007814021781 1.1018757793935936 0.32329899549949903 0.18834063096437603 12.191415756940843 7.2377451062202445 5.7558387750759721 1.0073542529717086 1.259828944399487 2.1477764275623485 0.24357673013582826 0.12123028223868459 0.23455932387150824
leaf_count=1 17433 9 26 214 3 3 420 12 121 6 13 28 23 41 20 11 17 32 884 3 59 40 25 26 56 15 1259 35 7 7
internal_value=0.0356204 -0.0288282 0.046449 0.0142071 -0.00383999 -0.0317406 0.0479507 0.032335 -0.0064084 -0.045954 0.0264084 0.0108672 0.0493537 0.0430864 0.0264816 0.00125904 0.0410316 -0.0255304 -0.0485146 -0.0302035 0.0126486 0.0473577 0.0444299 0.0397134 0.0390697 0.0257492 -0.0516917 -0.0530484 -0.0517761 -0.0549402
internal_weight=199.444 28.69 170.754 8.16705 4.95134 3.00042 165.803 13.6682 2.50564 20.5229 6.87926 3.92074 152.135 38.1799 7.81156 3.3123 11.1626 1.13785 19.6966 1.61352 0.51164 30.3683 18.1769 10.9392 1.95092 2.78289 2.4299 1.18911 0.710973 0.478136
internal_count=20849 18696 2153 311 1322 1263 831 225 182 18385 97 84 606 186 72 52 43 41 18379 946 62 114 74 49 59 43 1262 170 128 42
is_linear=0
shrinkage=0.05


Tree=70
num_leaves=31
num_cat=0
split_feature=5 7 7 6 6 1 7 6 3 7 1 6 1 1 2 5 3 6 1 2 5 5 2 5 5 5 5 2 5 5
split_gain=52.7397 8.0611 4.90797 2.68361 1.94808 1.94473 1.4683 2.20772 2.85741 1.37154 1.24689 1.23284 1.1493 0.912105 2.14556 0.822385 1.59318 2.96718 1.89551 0.673632 0.862241 0.0731136 0.0257426 0.00885663 0.00737468 0.00715879 0.00239041 0.00119342 0.00117992 0.000606598
threshold=0.61168676490966423 0.52102862529569294 0.30996399644545392 0.024248155883799551 0.014744368493971835 3.5000000000000004 0.44169221199942432 0.022226539321003422 1.0000000180025095e-35 0.81338551208624488 6.5000000000000009 0.050112893505481405 4.5000000000000009 2.5000000000000004 21.500000000000004 0.37703876156758848 1.5000000000000002 0.012246653813243651 2.5000000000000004 21.500000000000004 0.21661244440873653 0.32671335553782699 7.5000000000000009 0.46216228778122764 0.26969689915409245 0.63261262545172448 0.37703876156758848 16.500000000000004 0.26969689915409245 0.77692039150474768
decision_type=2 2 2 2 2 2 2 2 2 2 2 2 2 2 2 2 2 2 2 2 2 2 2 2 2 2 2 2 2 2
left_child=2 10 4 5 12 9 7 8 21 25 11 -2 28 14 26 -8 17 18 23 20 -6 -4 -18 -17 -22 -3 -10 -23 -1 -27
right_child=1 3 6 -5 19 -7 15 -9 13 -11 -12 -13 -14 -15 -16 16 22 -19 -20 -21 24 27 -24 -25 -26 29 -28 -29 -30 -31
leaf_value=-0.055888612477946756 -0.050146195571416086 -0.060924028963186543 -0.081923156585834447 0.050926270993348281 0.051752117205971254 0.02499065924069235 0.051380664153862846 0.051621409087476283 -0.056835441322238694 0.051964027520051692 0.01438929538969454 0.051611783570750837 0.040037122278924281 0.04292015600184422 0.047875360046736475 -0.061100590455861414 0.051570614129176455 0.044434170396639841 0.016739269738366334 0.047969180296650954 -0.063936130521295598 -0.050941055103155511 0.04762833352088313 -0.052807519386971105 -0.050573000554074321 -0.052539208513850869 -0.051837371037236062 -0.054902811004493401 -0.050337832024395901 -0.050813224371869914
leaf_weight=0.10076162451878179 18.437704845273412 0.23324298206716765 0.3110835999250392 3.0268667098134756 0.32709687948226962 2.2673306281212717 108.54709288477898 6.8069885522127151 0.43617376312613521 0.36367428302764881 0.82266995310783286 0.30253696441650291 0.42277743224985886 3.2057049085851759 1.1071043871343134 0.59203168004751094 17.794233381748203 9.3910488500259799 2.745982902823016 1.5525357719743622 0.17045882344245911 0.29802978789666668 5.3968269899487487 0.70569178339792415 0.26183295686496422 1.0182231937069448 0.52980615716660395 0.52484988258220255 1.9203961343737317 1.0180082802544346
leaf_count=2 18378 3 2 11 1 24 420 23 5 1 6 1 14 24 7 5 63 37 21 9 1 84 20 40 63 71 55 25 1232 201
internal_value=0.035444 -0.0286231 0.0462392 0.0139103 -0.00380826 -0.0089532 0.047742 0.031789 0.0107373 -0.0381813 -0.0458586 -0.0485034 -0.0349327 0.0262065 0.000361362 0.0491947 0.0427161 0.029015 -0.00679416 0.0290934 -0.00949738 -0.0612742 0.0506532 -0.0565909 -0.0558423 -0.0526267 -0.0540942 -0.0534679 -0.0506146 -0.0516763
internal_weight=190.639 27.4903 163.149 7.92735 4.75586 4.90048 158.393 13.2197 6.41275 2.63315 19.5629 18.7402 2.44394 5.27879 2.07308 145.173 36.6258 13.4348 4.04371 2.31192 0.759389 1.13396 23.1911 1.29772 0.432292 2.26947 0.96598 0.82288 2.02116 2.03623
internal_count=20849 18696 2153 311 1322 300 831 225 202 276 18385 18379 1248 91 67 606 186 103 66 74 65 111 83 45 64 275 60 109 1234 272
is_linear=0
shrinkage=0.05


Tree=71
num_leaves=31
num_cat=0
split_feature=5 7 7 6 4 4 5 5 3 6 0 6 7 6 3 6 5 6 7 5 0 7 6 5 0 0 5 6 5 5
split_gain=49.9954 7.67055 4.66635 2.5494 2.12786 1.93537 1.84315 1.45254 1.96164 2.87425 1.20524 1.10845 1.09689 2.4393 1.57753 0.853222 1.0803 0.508948 0.479028 0.463878 0.27348 0.272909 0.232765 0.587493 0.155283 0.033882 0.0145408 0.00944505 0.00871697 0.00154989
threshold=0.61168676490966423 0.52102862529569294 0.30996399644545392 0.024248155883799551 1.0000000180025095e-35 1.0000000180025095e-35 0.21661244440873653 0.37703876156758848 1.5000000000000002 0.012246653813243651 120.33106038563066 0.050112893505481405 0.81338551208624488 0.00075419128249512395 1.0000000180025095e-35 0.00024141026186848724 0.66217129979670952 0.024248155883799551 0.42315554613810852 0.57307568142220189 22.29592645052881 0.50696498429313719 0.014744368493971835 0.37703876156758848 29.525839194694075 261.5318234177002 0.53246471623904046 0.03718888413275865 0.66217129979670952 0.49639903090796539
decision_type=2 2 2 2 2 2 2 2 2 2 2 2 2 2 2 2 2 2 2 2 2 2 2 2 2 2 2 2 2 2
left_child=2 11 4 5 6 10 -1 18 9 12 28 15 13 -9 29 16 -2 -11 -4 20 -16 24 23 -6 -10 -12 -23 -8 -3 -15
right_child=1 3 7 -5 22 -7 27 8 21 17 25 -13 -14 14 19 -17 -18 -19 -20 -21 -22 26 -24 -25 -26 -27 -28 -29 -30 -31
leaf_value=0.052922249376461686 0.041975747437192623 -0.058791091057614597 0.038461523019748575 0.050776626534146711 0.051941124290109268 0.040212695525913118 -0.050614335986776428 -0.15825703815232556 0.046748742655634945 0.027688980863177573 0.0011868167230259024 0.051530708839558549 0.051998391362064404 -0.0548947370863654 0.021483097641888719 -0.05024523183483727 -0.050081978968167906 0.051442449586957664 0.051321086761839732 0.043209979793491504 -0.01447973148766709 0.051396218686564202 0.050494908799375564 -0.050841411433044242 0.027822451732129917 0.017538257026191779 0.048371047342345028 -0.063072994084256595 -0.051389596672016459 -0.051174689790031438
leaf_weight=0.52168786525726263 0.58722564496566565 0.53966853261226777 7.7783700525760642 2.8875181917101145 0.35975056886672963 1.4148781156400216 2.0517579218721953 0.27454897301504289 2.0386351848719668 3.8736506260465813 0.71602931531378977 0.28822341561317344 0.73616632819175709 0.73835952847730346 0.94369880401063788 17.075977811240591 0.6968806788790971 5.3968964517116547 104.98826605081558 0.95620903506642196 1.201930882874876 13.945998162031175 1.2314532285090534 0.22659989830572158 2.3137860859278589 0.56821836699964479 5.5541443526744834 0.16430780291557301 1.513259816681966 0.45102353533729911
leaf_count=1 45 14 32 11 1 18 1261 25 15 28 34 1 2 24 9 17562 777 20 425 23 32 54 6 52 28 11 20 1 223 94
internal_value=0.0353057 -0.0284751 0.046071 0.0137228 -0.0037878 -0.00879243 -0.0316328 0.0475733 0.0391776 0.0247241 -0.0295694 -0.0457621 -0.0046389 -0.0137709 -0.00452676 -0.0472895 -0.00798371 0.0415172 0.0504341 0.0142457 0.00133757 0.0480078 0.038149 0.01222 0.0366874 0.00842155 0.0505346 -0.0515381 -0.0533353 -0.0534841
internal_weight=182.035 26.2879 155.747 7.63957 4.55556 4.75205 2.73775 151.192 38.425 14.5725 3.33718 18.6483 5.30194 4.56577 4.29122 18.3601 1.28411 9.27055 112.767 3.10184 2.14563 23.8526 1.8178 0.58635 4.35242 1.28425 19.5001 2.21607 2.05293 1.18938
internal_count=20849 18696 2153 311 1322 300 1263 831 374 257 282 18385 209 207 182 18384 822 48 457 64 41 117 59 53 43 45 74 1262 237 118
is_linear=0
shrinkage=0.05


Tree=72
num_leaves=31
num_cat=0
split_feature=7 7 6 3 6 1 2 6 3 7 1 6 1 0 7 6 1 6 3 7 7 6 3 1 7 2 2 7 2 7
split_gain=40.1548 5.00605 3.87791 3.33469 2.80355 2.07225 2.11312 1.76039 1.90926 1.8167 1.72897 1.59634 3.85259 1.58519 0.919749 0.878765 0.625694 0.590738 0.429684 0.588761 0.361633 0.853972 1.19549 1.49012 0.30043 0.384157 1.81583 0.220287 0.218665 0.465646
threshold=0.30996399644545392 0.44169221199942432 0.022226539321003422 1.0000000180025095e-35 0.014744368493971835 2.5000000000000004 21.500000000000004 0.0095390916651275706 1.5000000000000002 0.76573366385537411 1.5000000000000002 0.0027031936033404271 5.5000000000000009 32.160128230491878 0.21821931409656012 0.00073524595148691068 4.5000000000000009 0.0014748685111789916 1.0000000180025095e-35 0.52102862529569294 0.55258286185066441 0.024248155883799551 1.5000000000000002 2.5000000000000004 0.59406677549667541 4.5000000000000009 21.500000000000004 0.36660805002641084 21.500000000000004 0.21959803630083183
decision_type=2 2 2 2 2 2 2 2 2 2 2 2 2 2 2 2 2 2 2 2 2 2 2 2 2 2 2 2 2 2
left_child=4 2 3 -2 16 6 -5 8 9 10 -3 12 15 14 -6 -12 -1 -18 19 -13 21 22 23 -9 25 -10 -27 -7 29 -16
right_child=1 7 -4 5 13 27 -8 20 24 -11 11 18 -14 -15 28 -17 17 -19 -20 -21 -22 -23 -24 -25 -26 26 -28 -29 -30 -31
leaf_value=-0.050112661275895524 -0.055640748033969595 -0.051875219083533798 0.04459022366610238 -0.052150389483795571 -0.050063323427481612 0.045973908276834202 0.033387382858503629 -0.056796825634823835 0.044563275681780853 0.050628279705973091 -0.16148686041999205 -0.0541032768623598 0.051239898448678302 -0.052673294011490547 0.051294157274000302 -0.056393524113058369 0.039354144616908733 -0.050971047205728232 0.037609570029624236 0.023003026692341649 0.050543899837640877 0.050975158482612637 0.046865016399979968 0.025534212062364781 0.05033354716382335 -0.053969686311538249 0.048872224812937515 0.019113258412631659 0.052146614278765206 -0.050354495297796502
leaf_weight=13.154830177198164 2.3908242789329979 1.00850874086609 6.9870505677536121 1.794320364657324 0.31878183793742199 2.6265345377614726 1.2081832545809446 0.7439470657845989 5.95740954577923 3.8646733658388248 0.2464051681454279 0.31216309836599965 1.0917838197201488 0.83787949313409615 0.29810211207950477 1.032017658522818 0.39071392203914079 0.33727317868033424 4.8399480327498168 1.1964651802554724 87.986099369823933 11.661776410648597 3.8036912921816111 2.1035847590537742 13.065131927374749 0.59871340170502696 1.5161108355969188 1.0759953354136085 1.3619082311633972 0.18111851130379364
leaf_count=15503 1507 331 53 994 315 94 70 65 42 18 47 101 4 486 2 124 42 137 58 37 403 52 26 23 62 72 11 70 7 93
internal_value=0.0351329 0.0430064 0.0165771 -0.00494135 -0.0381468 0.0131366 -0.0177307 0.0460204 0.0362471 0.0216274 0.0101053 0.0172747 -0.01774 0.00570304 0.0283486 -0.0766494 -0.0476156 -0.00249311 0.0303472 0.00704831 0.0492134 0.042821 0.028524 0.00402438 0.045648 0.0380644 0.0197574 0.0381679 0.0419252 0.0128767
internal_weight=173.992 157.111 16.0829 9.09586 16.8806 6.70503 3.0025 141.028 34.7293 13.592 9.72729 8.71878 2.37021 2.99779 2.15991 1.27842 13.8828 0.727987 6.34858 1.50863 106.299 18.313 6.65122 2.84753 21.1374 8.07223 2.11482 3.70253 1.84113 0.479221
internal_count=20849 4264 2788 2735 16585 1228 1064 1476 907 720 702 371 175 903 417 171 15682 179 196 138 569 166 114 88 187 125 83 164 102 95
is_linear=0
shrinkage=0.05


Tree=73
num_leaves=31
num_cat=0
split_feature=5 7 7 5 6 1 3 2 7 5 1 6 5 3 6 7 6 1 7 6 6 5 7 7 5 6 2 6 5 5
split_gain=45.6385 6.7636 4.24724 3.32874 2.43633 1.74094 1.3065 1.66987 1.20277 1.1756 1.12435 1.06785 1.02725 1.65329 3.70217 1.58153 0.919655 0.576744 0.941953 0.782641 0.194779 0.0948167 0.0615065 0.0395492 0.00567037 0.00436318 0.0011127 0.000978815 0.000825846 0.000554442
threshold=0.61168676490966423 0.52102862529569294 0.41103259336657988 0.44018887201575585 0.024248155883799551 3.5000000000000004 1.0000000180025095e-35 2.5000000000000004 0.81338551208624488 0.59185574037052913 6.5000000000000009 0.050112893505481405 0.37703876156758848 1.5000000000000002 0.0031095467360047848 0.56968344794642389 0.014744368493971835 2.5000000000000004 0.3736935917452095 0.019602292486637841 0.00094021652302021471 0.54295013503083467 0.40590577401962674 0.46736007295483939 0.63261262545172448 0.03718888413275865 20.500000000000004 0.0012320017272741729 0.49639903090796539 0.77245232616398629
decision_type=2 2 2 2 2 2 2 2 2 2 2 2 2 2 2 2 2 2 2 2 2 2 2 2 2 2 2 2 2 2
left_child=2 10 3 6 5 8 7 -1 24 26 11 -2 23 14 20 -16 -11 18 19 27 -14 -15 25 -4 -3 -9 -5 -8 -28 -26
right_child=1 4 12 9 -6 -7 17 22 -10 16 -12 -13 13 21 15 -17 -18 -19 -20 -21 -22 -23 -24 -25 29 -27 28 -29 -30 -31
leaf_value=0.045019230757097989 -0.050139316062137756 -0.060085331271003323 0.046758039696241038 -0.050324263255141104 0.050468965459775396 0.023088556864766026 -0.056532559103595316 -0.05139955302852544 0.051703164485198475 -0.050208386284031875 0.013870217711103881 0.051390418999381175 -0.022972639256621991 0.051348459657253487 0.0051370241852869217 0.048863853833399598 0.049496318118616413 0.049829786868849736 0.044566260961177148 0.039878263594285743 -0.056976690100225692 0.04331507343324633 -0.085609799557570768 0.051185391979680743 -0.052535470953434853 -0.061644133386591561 -0.054802828543595507 -0.052276559076008478 -0.051105579346143827 -0.050820959936916779
leaf_weight=0.6594751279335449 15.99315425881651 0.22154767718166102 5.3363370895385733 1.3553734360029914 2.6283598616719246 2.1243951808428392 0.20808361819945309 0.32313772768247873 0.31856095790863026 0.3535271765431387 0.75631419755518337 0.26324024796485979 0.75098529743263387 15.528817132115366 2.8161109401844424 7.7826688890345395 0.66881938115693629 5.2349944004090503 1.5627346150577066 0.35759023064747453 0.95881735143484548 4.8110110145062199 0.2429363876581192 92.12753888964653 0.89366542518837355 0.1532122939825058 0.29403613135218609 0.38513866590801626 0.31056149397045374 0.99826415919233114
leaf_count=10 18378 3 22 926 11 24 9 69 1 288 6 1 13 64 41 35 14 25 6 3 32 23 1 412 67 1 30 45 84 205
internal_value=0.0349353 -0.0285439 0.0457356 0.017413 0.0121335 -0.00998013 0.0323978 -0.0124477 -0.0388658 -0.0284475 -0.0457227 -0.0484952 0.0483717 0.0406956 0.0262317 0.0372456 0.0150185 0.0403775 0.0206911 -0.0185496 -0.0420413 0.0494483 -0.0651361 0.050943 -0.0525171 -0.0546946 -0.0511199 -0.0537694 -0.0529037 -0.0516308
internal_weight=166.419 24.1975 142.222 12.1096 7.18479 4.55643 9.1273 1.37876 2.43204 2.98232 17.0127 16.2564 130.112 32.6484 12.3086 10.5988 1.02235 7.74854 2.51355 0.950813 1.7098 20.3398 0.719286 97.4639 2.11348 0.47635 1.95997 0.593222 0.604598 1.89193
internal_count=20849 18696 2153 1511 311 300 169 81 276 1342 18385 18379 642 208 121 76 302 88 63 57 45 87 71 434 275 70 1040 54 114 272
is_linear=0
shrinkage=0.05


Tree=74
num_leaves=31
num_cat=0
split_feature=5 7 7 5 6 1 3 2 7 5 1 5 3 2 2 6 6 6 1 7 6 5 7 7 5 5 6 1 2 6
split_gain=43.2432 6.43903 4.05736 3.14097 2.31218 1.63815 1.23477 1.56471 1.14149 1.11822 1.09452 1.04958 1.63341 3.45326 1.12576 1.01556 0.895485 0.868275 0.555207 0.881642 0.73851 0.104766 0.050003 0.0448559 0.00484998 0.00389503 0.00368513 0.00332493 0.000958935 0.000835614
threshold=0.61168676490966423 0.52102862529569294 0.41103259336657988 0.44018887201575585 0.024248155883799551 3.5000000000000004 1.0000000180025095e-35 2.5000000000000004 0.81338551208624488 0.59185574037052913 6.5000000000000009 0.37703876156758848 1.5000000000000002 4.5000000000000009 21.500000000000004 0.050112893505481405 0.016909826596304276 0.014744368493971835 2.5000000000000004 0.3736935917452095 0.019602292486637841 0.54295013503083467 0.40590577401962674 0.46736007295483939 0.63261262545172448 0.44018887201575585 0.03718888413275865 3.5000000000000004 20.500000000000004 0.0012320017272741729
decision_type=2 2 2 2 2 2 2 2 2 2 2 2 2 2 2 2 2 2 2 2 2 2 2 2 2 2 2 2 2 2
left_child=2 10 3 6 5 8 7 -1 24 28 15 23 13 16 25 -2 -13 -11 19 20 29 -14 26 -4 -3 -15 -9 -27 -5 -8
right_child=1 4 11 9 -6 -7 18 22 -10 17 -12 12 21 14 -16 -17 -18 -19 -20 -21 -22 -23 -24 -25 -26 27 -28 -29 -30 -31
leaf_value=0.044394639710747065 -0.050132768781711037 -0.059536123506084088 0.04631328675198583 -0.050308805341491493 0.050309089358120257 0.02216166910540987 -0.056190109663874194 -0.051332789556520403 0.051617343015167516 -0.05019836999609989 0.01322983892338632 0.020381456179522535 0.051281271066338167 -0.05989853642821822 0.020335976241116802 0.051320774586908063 0.05099981934386924 0.04893826510573672 0.049552960666074203 0.043859173851096236 0.039010173644993887 0.0426724346450435 -0.082688100898301947 0.051126295425294149 -0.051551821446455183 -0.051596187979145003 -0.060948014189861489 -0.058762554862855393 -0.052761654917634848 -0.052167371853912306
leaf_weight=0.6359174435492585 15.215095557738097 0.21263741981238116 5.1236118972301474 1.2896572579047636 2.5079204980283976 2.1031404327368364 0.19911103288177434 0.30776780861197039 0.30351567268371571 0.33635086397407565 0.75335473567247468 4.0997787456726673 14.790333077311518 0.76834142953157358 0.68877630680799473 0.25073310732841569 5.7193612265400589 0.64327401062473655 5.0068068735999987 1.5098842792212961 0.34752932330593467 4.6435698596760622 0.23904168605804443 87.733165547251701 1.8023467952152712 0.37811734591377899 0.14736226201057434 0.28298808424733579 0.57661919982638199 0.36710267909802496
leaf_count=10 18378 3 22 926 11 24 9 69 1 288 6 30 64 7 8 1 26 14 25 6 3 23 1 412 272 44 1 6 114 45
internal_value=0.0347831 -0.0283846 0.045548 0.0172766 0.0119594 -0.00979231 0.0321017 -0.0122658 -0.0387782 -0.0283594 -0.0456213 0.0481894 0.0402824 0.0257253 -0.0321751 -0.048488 0.0382158 0.0149 0.0400438 0.0203994 -0.0183659 0.0492243 -0.0641713 0.0508607 -0.0523944 -0.0574775 -0.054446 -0.0546638 -0.0510667 -0.053582
internal_weight=158.983 23.1487 135.834 11.6064 6.92956 4.42164 8.76052 1.33009 2.3185 2.8459 16.2192 124.228 31.3713 11.9374 2.11822 15.4658 9.81914 0.979625 7.43043 2.42363 0.913743 19.4339 0.694172 92.8568 2.01498 1.42945 0.45513 0.661105 1.86628 0.566214
internal_count=20849 18696 2153 1511 311 300 169 81 276 1342 18385 642 208 121 65 18379 56 302 88 63 57 87 71 434 275 57 70 50 1040 54
is_linear=0
shrinkage=0.05


Tree=75
num_leaves=31
num_cat=0
split_feature=5 7 7 5 6 4 3 6 5 1 1 6 5 3 6 1 4 1 7 6 6 5 5 1 5 5 7 1 6 6
split_gain=40.9796 6.13022 3.94125 4.16593 2.19416 1.67401 1.32972 1.61059 1.1385 1.06636 0.984408 0.965853 0.87819 1.51743 2.39197 1.55653 0.854282 0.647802 0.808512 0.696838 0.536769 0.711403 0.0315383 0.0314024 0.00707892 0.00451837 0.00216666 0.00143841 0.000713626 0.000424507
threshold=0.61168676490966423 0.52102862529569294 0.44169221199942432 0.44018887201575585 0.024248155883799551 1.0000000180025095e-35 1.0000000180025095e-35 0.022226539321003422 0.59185574037052913 6.5000000000000009 6.5000000000000009 0.050112893505481405 0.37703876156758848 1.5000000000000002 0.012246653813243651 2.5000000000000004 1.0000000180025095e-35 2.5000000000000004 0.3736935917452095 0.019602292486637841 0.0020801218389504155 0.64630581293608913 0.53246471623904046 3.5000000000000004 0.67484176012894437 0.46216228778122764 0.3736935917452095 3.5000000000000004 0.0012320017272741729 0.016909826596304276
decision_type=2 2 2 2 2 2 2 2 2 2 2 2 2 2 2 2 2 2 2 2 2 2 2 2 2 2 2 2 2 2
left_child=2 9 3 6 5 10 7 23 26 11 20 -2 -4 14 15 25 -10 18 19 28 21 -3 -15 -1 -22 -14 29 -28 -8 -5
right_child=1 4 12 8 -6 -7 17 -9 16 -11 -12 -13 13 22 -16 -17 -18 -19 -20 -21 24 -23 -24 -25 -26 -27 27 -29 -30 -31
leaf_value=-0.051450789837315353 -0.050126519091604364 0.047213275747230429 0.051071631976141278 -0.05027695374389906 0.050144028162366475 0.039231730373120222 -0.055866712294250567 0.035575581440114017 -0.050197915057573199 0.012615393410527406 0.049677252445968656 0.05125470075208876 -0.058908985360894589 0.05122022411972027 0.042405477365403399 0.01530968141025185 0.04955538566254012 0.049944341676340959 0.038942782490541991 0.038117995517709648 -0.058228659021146822 -0.051489390027609896 0.046560102388837392 -0.072022474354289129 -0.051494733557110477 -0.052563215333122137 -0.052118060800233901 -0.05729199631566767 -0.052063320730258239 -0.052494709273422119
leaf_weight=0.37937421491369505 14.474805671867214 0.35779827274382103 85.207748800516129 1.2883796071400864 2.3932650852948427 1.24572536512278 0.19046892004553084 1.0061204228550193 0.33065741608152155 0.75061743333935815 0.34728661598637689 0.23880441486835557 0.51038680970668993 13.426351279020311 7.7321889558807015 2.4801929671084508 0.61164190393174067 6.9928369412664324 2.1015831343829632 0.33812279580160975 0.53625138453207899 0.3727343026548624 4.9762963019311419 0.36301829700823873 1.4336899418849496 0.62282098247669637 0.31855056254426006 0.23228691052645445 0.34987915167585015 0.25917953840689723
leaf_count=73 18378 2 420 974 11 18 9 5 291 6 2 1 5 61 37 21 14 34 9 3 12 102 22 6 164 40 43 3 45 38
internal_value=0.0346334 -0.0282192 0.0453663 0.0210454 0.0117816 -0.00960234 0.0345739 -0.00564552 -0.0311047 -0.0455155 -0.0295625 -0.0484811 0.0484894 0.0410933 0.0267112 -0.00687244 0.0145515 0.0416254 0.0221047 -0.0181772 -0.0397529 -0.00314706 0.0499601 -0.06151 -0.0533278 -0.0554213 -0.0516069 -0.0542999 -0.053404 -0.0506484
internal_weight=151.869 22.151 129.718 14.7621 6.68675 4.29349 11.7214 1.74851 3.0407 15.4642 3.04776 14.7136 114.956 29.7482 11.3456 3.6134 0.942299 9.97289 2.98005 0.878471 2.70047 0.730533 18.4026 0.742393 1.96994 1.13321 2.0984 0.550837 0.540348 1.54756
internal_count=20849 18696 2153 1547 311 300 184 84 1363 18385 282 18379 606 186 103 66 305 100 66 57 280 104 83 79 176 45 1058 46 54 1012
is_linear=0
shrinkage=0.05


Tree=76
num_leaves=31
num_cat=0
split_feature=5 7 7 5 5 3 5 3 7 5 3 7 0 2 5 4 5 7 7 5 4 2 7 0 0 7 5 2 2 7
split_gain=38.8285 5.82426 3.78859 3.92559 1.91295 1.26087 1.08243 1.06223 1.09425 0.90119 1.50991 1.56818 1.13911 0.888539 1.07876 0.807111 0.6794 1.05924 0.596049 0.411676 0.54297 0.802559 0.529555 0.34725 0.204925 0.0977627 0.299816 0.0432056 0.0344127 0.00248251
threshold=0.61168676490966423 0.52102862529569294 0.44169221199942432 0.44018887201575585 0.77692039150474768 1.0000000180025095e-35 0.59185574037052913 1.5000000000000002 0.66759605958163371 0.37703876156758848 1.5000000000000002 0.56968344794642389 44.314907182073448 2.5000000000000004 0.21661244440873653 1.0000000180025095e-35 0.69334968980408174 0.36280291763404598 0.40129851081728674 0.32671335553782699 1.0000000180025095e-35 21.500000000000004 0.32337110580218503 130.3105665283847 65.312757477349265 0.36660805002641084 0.69090039809582982 7.5000000000000009 22.500000000000004 0.62461637458143737
decision_type=2 2 2 2 2 2 2 2 2 2 2 2 2 2 2 2 2 2 2 2 2 2 2 2 2 2 2 2 2 2
left_child=2 16 3 5 7 13 -5 8 23 -4 11 12 -11 -1 -15 -8 17 -2 25 -7 21 22 -21 29 -13 -19 -27 -12 -16 -3
right_child=1 4 9 6 -6 19 15 -9 -10 10 27 24 -14 14 28 -17 -18 18 -20 20 -22 -23 -24 -25 -26 26 -28 -29 -30 -31
leaf_value=0.043812449945971749 -0.05017713395482213 -0.053026028744828119 0.051018321122772305 -0.051528491975581819 -0.050846473771402723 0.048741910016516538 -0.050188382450123636 0.041282517132460936 0.03824695462086472 0.022442227767690965 0.051171791623258502 0.029124647445838089 -0.038932163500925016 0.051516101453702737 -0.054887043311355334 0.049044998719232583 -0.05023093096980305 0.051412825280903643 -0.050370530746562441 0.018242231420918843 0.051159665383814473 0.04269182835594882 -0.05548888115286852 0.00022204949547555546 0.045270058633572564 -0.050946999022115615 0.048676763159750468 0.045333555763242356 -0.077608837791352248 -0.058776191316836437
leaf_weight=0.59275036340113629 1.4025211176485783 0.44058798003243216 81.134675100445747 1.999013458611443 1.0268930160091256 6.2877551764249784 0.31458929722430173 3.2974712871946394 0.87524076690897334 1.7479972973815185 13.413417845964434 3.6007675998844206 1.3321948180091565 0.28563594818115212 0.58243353239959106 0.58771512540988624 12.266044719726777 0.47355105500901096 0.25894707289990038 0.44812353432644159 1.3546487586572766 0.947124830679968 0.53339827805757523 0.44038174790330231 4.3271302469074726 0.11168780724983662 0.23322026117239147 4.149232253432273 0.2334206176456064 0.32702333340421319
leaf_count=10 1807 48 420 1058 214 34 291 24 7 28 63 25 30 1 71 14 16370 9 126 46 5 7 8 12 20 67 6 20 2 6
internal_value=0.0344956 -0.0281106 0.0451869 0.0208535 0.0116898 0.0342107 -0.0310102 0.0236246 -0.00432536 0.0483291 0.0406924 0.0261739 -0.00410243 -0.00554754 -0.0321099 0.0144472 -0.0454052 -0.0215365 0.0157467 0.0412486 0.0268983 0.00985748 -0.0218262 -0.0351708 0.037937 0.0366651 0.0164167 0.0497925 -0.0613879 -0.0554758
internal_weight=145.026 21.1536 123.872 14.1666 6.4076 11.2653 2.90132 5.38071 2.08323 109.705 28.5707 11.0081 3.08019 1.69424 1.10149 0.902304 14.746 2.47993 1.07741 9.57105 3.2833 1.92865 0.981522 1.20799 7.9279 0.818459 0.344908 17.5627 0.815854 0.767611
internal_count=20849 18696 2153 1547 311 184 1363 97 73 606 186 103 58 84 74 305 18385 2015 208 100 66 61 54 66 45 82 73 83 73 54
is_linear=0
shrinkage=0.05


Tree=77
num_leaves=31
num_cat=0
split_feature=7 6 3 7 4 1 4 6 7 2 7 4 3 6 1 7 6 3 4 6 2 7 1 6 1 2 6 7 2 2
split_gain=30.8131 4.08633 4.47054 2.85751 2.20927 1.90188 1.60597 1.60584 1.0118 1.54296 0.88892 0.781518 0.804936 1.43517 3.04008 0.726073 1.41939 1.3907 1.99328 0.677129 0.64612 0.388829 0.499704 0.379907 0.528019 0.378596 0.703748 0.36833 0.967513 0.31296
threshold=0.30996399644545392 0.010234575731995951 1.0000000180025095e-35 0.66759605958163371 1.0000000180025095e-35 1.5000000000000002 1.0000000180025095e-35 0.050112893505481405 0.62461637458143737 22.500000000000004 0.21821931409656012 1.0000000180025095e-35 1.5000000000000002 0.0027031936033404271 4.5000000000000009 0.55258286185066441 0.024248155883799551 1.5000000000000002 1.0000000180025095e-35 0.00073524595148691068 1.0000000180025095e-35 0.56968344794642389 5.5000000000000009 0.014744368493971835 4.5000000000000009 21.500000000000004 0.0032157718219700446 0.66759605958163371 3.5000000000000004 22.500000000000004
decision_type=2 2 2 2 2 2 2 2 2 2 2 2 2 2 2 2 2 2 2 2 2 2 2 2 2 2 2 2 2 2
left_child=4 2 3 29 7 6 8 -1 9 -4 -6 12 13 14 19 16 17 18 20 -7 -3 22 25 24 -12 26 -14 28 -15 -2
right_child=1 15 5 -5 10 11 -8 -9 -10 -11 23 -13 21 27 -16 -17 -18 -19 -20 -21 -22 -23 -24 -25 -26 -27 -28 -29 -30 -31
leaf_value=-0.050265781797996546 -0.052056354374426066 0.03411605899987296 -0.053210209017509114 0.040877447879683643 -0.050048445678637324 -0.15368249970272502 0.043299254568289855 0.052158074212749921 0.035523082223154444 0.035643466546887263 -0.050368716286164954 0.050498768730554228 0.021427920988869226 0.034768971292181365 0.05070912933163442 0.050284082241757615 0.048351416620509756 0.041371041477316024 0.040093242702260133 -0.056622473947700029 -0.056040621360155467 0.050069993977252647 0.051652795891379534 0.047881637487772015 0.044136069036439102 0.045347547456659393 -0.052966235277402324 0.048869698316474947 -0.053217619338047875 -0.014458465898857046
leaf_weight=10.877831813413646 2.5266494491952467 0.23251072771381864 1.8437199690961312 1.4386245992500333 0.47062700695823823 0.24833142070565262 1.9257882463862186 0.396636903285981 0.78048336092615489 0.66475158452521999 0.29547216359060235 10.705466649960726 1.2178136996226392 1.8083722687442789 0.79671859601512551 68.239263550029136 14.295161533169447 3.477787516603712 1.3180911425151862 0.65012137597659603 1.3677163824904708 5.8102338183671236 1.5651951581239698 0.95728823693934828 0.29573774291202426 0.72586363274604071 0.43018507753731672 2.1051850095391273 0.37769326777197409 0.70873408979969088
leaf_count=15743 1728 16 829 15 602 47 69 1 15 41 223 69 80 44 4 394 96 75 22 115 302 31 6 12 4 12 67 11 125 51
internal_value=0.0343427 0.0420242 0.0278948 -0.0177509 -0.0380365 0.0346344 0.00703768 -0.0466625 -0.0141946 -0.0296638 0.0101294 0.040077 0.0329868 0.0185554 -0.020396 0.0477963 0.0395917 0.0200139 -0.00543764 -0.0834498 -0.042941 0.0418483 0.029721 0.0284189 -0.0030951 0.0152604 0.00200846 0.0339423 0.0195673 -0.0438203
internal_weight=138.554 125.26 36.3299 4.67401 13.2936 31.6559 5.21474 11.2745 3.28895 2.50847 2.01913 26.4412 15.7357 5.98642 1.69517 88.9305 20.6913 6.39611 2.91832 0.898453 1.60023 9.74929 3.93906 1.5485 0.59121 2.37386 1.648 4.29125 2.18607 3.23538
internal_count=20849 4264 3359 1794 16585 1565 954 15744 885 870 841 611 542 346 166 905 511 415 340 162 318 196 165 239 227 159 147 180 169 1779
is_linear=0
shrinkage=0.05


Tree=78
num_leaves=31
num_cat=0
split_feature=5 7 7 5 6 4 3 6 5 1 5 3 6 1 1 6 4 1 6 7 6 5 7 5 1 5 7 1 6 6
split_gain=35.4531 5.16455 3.51892 3.56501 2.01533 1.45078 1.1529 1.37464 0.984795 0.942968 0.904208 1.45992 2.20902 1.19359 0.871456 0.835396 0.730313 0.601086 0.682111 1.01361 0.454845 0.63449 0.170874 0.0380874 0.0211492 0.00481417 0.00149532 0.000964915 0.000490819 0.000347169
threshold=0.61168676490966423 0.52102862529569294 0.44169221199942432 0.44018887201575585 0.024248155883799551 1.0000000180025095e-35 1.0000000180025095e-35 0.022226539321003422 0.59185574037052913 6.5000000000000009 0.37703876156758848 1.5000000000000002 0.01351637701194827 2.5000000000000004 6.5000000000000009 0.050112893505481405 1.0000000180025095e-35 2.5000000000000004 0.022226539321003422 0.40590577401962674 0.0020801218389504155 0.64630581293608913 0.56968344794642389 0.53246471623904046 3.5000000000000004 0.67484176012894437 0.3736935917452095 3.5000000000000004 0.0018187619938344799 0.016909826596304276
decision_type=2 2 2 2 2 2 2 2 2 2 2 2 2 2 2 2 2 2 2 2 2 2 2 2 2 2 2 2 2 2
left_child=2 9 3 6 5 14 7 24 26 15 -4 12 13 22 20 -2 -10 18 19 28 21 -3 -12 -13 -1 -22 29 -28 -8 -5
right_child=1 4 10 8 -6 -7 17 -9 16 -11 11 23 -14 -15 -16 -17 -18 -19 -20 -21 25 -23 -24 -25 -26 -27 27 -29 -30 -31
leaf_value=-0.051242974272509269 -0.050119102711259848 0.046654560955858577 0.050922611278855813 -0.050244915033374173 0.04977171891503953 0.036818645148681155 -0.054410246787492102 0.034485807458548234 -0.050187313929613037 0.011772198908165131 -0.05567108344889881 0.05105366570108183 0.043628059781932682 0.016523402861494681 0.049285199776892406 0.051081786083006266 0.048359383105307394 0.049432873566182589 0.05077959782584255 0.030604327603278775 -0.057251637559406904 -0.05155825475314664 -0.020286245161478457 0.045577207248256452 -0.069059114443297639 -0.051461702191555429 -0.051915908950358219 -0.05638870906054233 -0.051493862358079193 -0.052374614132397961
leaf_weight=0.33054131752578431 12.548415521276182 0.31545401550829399 73.707503795623779 1.11573786419467 2.1049177255481482 1.1326162761542948 0.27837721363175505 0.90152721619233489 0.2879641251056454 0.68433084711432535 0.82314477977343103 11.639575198292734 6.3481880589388311 2.5140307320980355 0.30613650102168311 0.20729038119316179 0.5415916838683188 6.1118810290936381 1.1201032372191546 0.9793415442109108 0.49222220317460585 0.34353409422328696 0.58269200520589948 4.3656172677874556 0.33579517551697791 1.3266329747566485 0.281809989188332 0.21075461991131306 0.29946637409739196 0.23097023949958373
leaf_count=73 18378 2 420 974 11 18 12 5 291 6 36 61 34 22 2 1 14 34 6 4 12 102 11 22 6 164 43 3 44 38
internal_value=0.0341646 -0.0281664 0.044899 0.0204547 0.0103145 -0.0108912 0.033733 -0.00576437 -0.0310746 -0.0454069 0.0480837 0.0401195 0.0254044 -0.00410872 -0.0303012 -0.0484745 0.0141508 0.0407787 0.0210225 -0.000382205 -0.0401341 -0.00454432 -0.0410048 0.0495599 -0.0602213 -0.0530286 -0.0514724 -0.0538297 -0.0528988 -0.0506102
internal_weight=132.468 19.4616 113.007 13.0259 6.02151 3.9166 10.357 1.56786 2.66883 13.44 99.9808 26.2732 10.2681 3.91987 2.78398 12.7557 0.829556 8.78917 2.67729 1.55719 2.47784 0.658988 1.40584 16.0052 0.666336 1.81886 1.83927 0.492565 0.577844 1.34671
internal_count=20849 18696 2153 1547 311 300 184 84 1363 18385 606 186 103 69 282 18379 305 100 66 60 280 104 47 83 79 176 1058 46 56 1012
is_linear=0
shrinkage=0.05


Tree=79
num_leaves=31
num_cat=0
split_feature=5 7 7 5 6 1 6 4 5 1 5 7 5 6 1 6 7 0 6 6 1 7 5 7 7 1 7 5 0 5
split_gain=33.5921 4.90763 3.37323 3.36274 1.91018 1.3669 1.03924 1.39306 1.23369 1.38261 0.936617 0.930694 0.928385 1.17518 0.920481 0.794524 0.696409 1.07265 0.691812 0.0695917 0.0204459 0.018292 0.00270073 0.0013612 0.00128139 0.000819148 0.000475473 0.000381911 0.000303104 0.00025787
threshold=0.61168676490966423 0.52102862529569294 0.44169221199942432 0.44018887201575585 0.024248155883799551 3.5000000000000004 0.020781001596177493 1.0000000180025095e-35 0.21661244440873653 1.0000000180025095e-35 0.59185574037052913 0.81338551208624488 0.37703876156758848 0.0018976489379050373 6.5000000000000009 0.050112893505481405 0.59406677549667541 53.650649534595836 0.014744368493971835 0.016408764523637938 3.5000000000000004 0.66759605958163371 0.63261262545172448 0.40590577401962674 0.3736935917452095 3.5000000000000004 0.28267206512189663 0.77245232616398629 208.90787710429856 0.75128373217084021
decision_type=2 2 2 2 2 2 2 2 2 2 2 2 2 2 2 2 2 2 2 2 2 2 2 2 2 2 2 2 2 2
left_child=2 14 3 6 5 11 7 8 -1 -10 24 22 -4 -14 15 -2 17 19 -12 -15 23 -18 -3 26 28 -26 -11 29 -5 -24
right_child=1 4 12 10 -6 -7 -8 -9 9 20 18 -13 13 16 -16 -17 21 -19 -20 -21 -22 -23 27 -25 25 -27 -28 -29 -30 -31
leaf_value=0.051185861170181271 -0.050113480487100751 -0.057757500831968546 0.05087684139709861 -0.050319700117778268 0.049588749801437459 0.021135343727093529 0.048127930061137185 0.048734481247761426 0.032110132410538741 -0.050205580843845833 -0.050172230259858411 0.051308046689862268 0.0091699516288064036 0.03931447252547543 0.011218263705949305 0.05102791436421187 0.04693774601002023 0.0062581107384647493 0.047926031888414551 0.05102557491919768 -0.067703552255406863 0.050983877332978579 -0.051436518137798176 -0.056999132893818485 -0.051824421692985491 -0.056041050253143723 -0.05307455197737964 -0.050677987985493438 -0.052839895986546953 -0.053292109936379423
leaf_weight=0.66503337025642251 11.937727428623473 0.19038259703665916 70.174229741096497 1.1486013221729074 2.0094638708978891 1.7734926113625986 5.4383872605394572 1.8650590423494575 0.65097134537063528 0.18970252695726209 0.2745690561714581 0.24844065308570851 2.8026829633745391 2.5803739938419339 0.68226999975740987 0.19738362729549486 3.7588236923329523 2.7414924189215526 0.52028502570465207 2.4951911568641663 0.32857580983545631 10.874728441238402 0.42862663115374722 0.20059112459421158 0.26852724066702638 0.20168817369267344 0.60493951453827322 0.79070699133444577 0.13313519838266064 0.33244900280260481
leaf_count=3 18378 3 420 960 11 24 30 8 23 87 291 1 31 28 6 1 25 30 14 13 7 59 48 2 43 3 24 205 52 19
internal_value=0.0340264 -0.0280496 0.0447203 0.0202859 0.0102269 -0.0107864 0.033416 0.0156554 -0.0077154 -0.0275512 -0.0309767 -0.0392265 0.0479184 0.0396973 -0.0452912 -0.0484684 0.0435083 0.0314596 0.0140396 0.0450718 -0.0568891 0.0499446 -0.0521371 -0.0533187 -0.0514005 -0.053633 -0.0523897 -0.0514475 -0.0505815 -0.0522471
internal_weight=126.509 18.5909 107.918 12.4901 5.77356 3.7641 9.94326 4.50487 2.63981 1.97478 2.54681 1.99061 95.4275 25.2533 12.8174 12.1351 22.4506 7.81706 0.794854 5.07557 1.32381 14.6336 1.74217 0.995233 1.75195 0.470215 0.794642 1.55178 1.28174 0.761076
internal_count=20849 18696 2153 1547 311 300 184 154 146 143 1363 276 606 186 18385 18379 155 71 305 41 120 84 275 113 1058 46 111 272 1012 67
is_linear=0
shrinkage=0.05


Tree=80
num_leaves=31
num_cat=0
split_feature=5 7 7 5 5 5 2 2 1 7 1 5 4 4 0 2 5 0 5 4 7 0 4 5 7 0 0 0 7 1
split_gain=31.8079 4.6728 3.21369 3.17575 1.59839 0.979262 1.11829 4.64959 0.97447 1.22599 0.899186 0.890932 0.66019 0.638674 0.590979 0.329464 0.704272 0.809737 0.234184 0.200714 0.303159 0.227308 0.137156 0.311323 0.288761 0.031567 0.00631073 0.00229455 0.00109831 0.000695877
threshold=0.61168676490966423 0.52102862529569294 0.44169221199942432 0.44018887201575585 0.77692039150474768 0.37703876156758848 4.5000000000000009 21.500000000000004 1.5000000000000002 0.40129851081728674 6.5000000000000009 0.59185574037052913 1.0000000180025095e-35 1.0000000180025095e-35 37.282144786884594 4.5000000000000009 0.26969689915409245 10.375240897809009 0.64630581293608913 1.0000000180025095e-35 0.71748051682258629 60.532277388809042 1.0000000180025095e-35 0.69334968980408174 0.39569486501867601 142.43913000854596 68.996635843373923 227.71255495245762 0.3736935917452095 3.5000000000000004
decision_type=2 2 2 2 2 2 2 2 2 2 2 2 2 2 2 2 2 2 2 2 2 2 2 2 2 2 2 2 2 2
left_child=2 10 3 8 13 -4 19 26 9 27 22 28 -13 14 18 -10 -17 -18 -3 20 21 -7 -2 24 -24 -16 -8 -1 -5 -30
right_child=1 4 5 11 -6 6 7 -9 15 -11 -12 12 -14 -15 25 16 17 -19 -20 -21 -22 -23 23 -25 -26 -27 -28 -29 29 -31
leaf_value=-0.052218878051995168 -0.050105009451569794 -6.7183564120346177e-05 0.050833379778302878 -0.050554079992043491 -0.050792857874801013 0.0259556955869314 -0.053732040976222084 0.047705427674109881 0.050001599807143415 0.032488287535205281 0.010687993637104945 -0.050171984306883501 0.047725561859388019 0.043788844815679157 0.015766646492467878 0.047629419688922488 0.043768541406244116 -0.03244697652481808 -0.053638900860027108 0.051067755886114924 0.050932437540821995 0.043772866726244274 -0.050138781188454044 -0.050152844544008229 0.048553888249790234 0.028703858828219783 -0.0604973919350296 -0.058993931718190534 -0.051737210839114062 -0.05571414207267035
leaf_weight=0.50072502205148151 10.583340127603149 0.3754586568102235 66.807424485683441 1.2198692331439809 0.90385678445454676 3.8370719025842899 0.57089837151579448 3.7892531601246446 4.2821607302175835 1.0674575120210645 0.68036410026252347 0.26302597377798509 0.49878718086984009 1.9393718838691709 1.0580878902401307 2.108460903866217 0.63521671859780304 0.7720748262363486 0.44670786740607582 7.5490736514329901 4.3978078067302704 3.3555743671022356 0.12049434165237549 0.64825483071035706 0.19255430449265987 0.85052694205660362 0.86997038219124079 0.16653633594978601 0.25585072083049443 0.19294892065227032
leaf_count=75 17433 9 420 1012 214 27 35 25 33 5 6 291 14 13 28 12 5 47 32 40 25 22 102 841 3 15 12 7 43 3
internal_value=0.0338546 -0.0278716 0.0445068 0.0201411 0.0100687 0.0477038 0.0391242 0.0186346 0.0331491 -0.000744827 -0.0451706 -0.0308778 0.0139252 0.0218478 0.00626552 0.0406892 0.0293467 0.00195483 -0.0291743 0.0447233 0.040591 0.0342679 -0.0484625 -0.0303796 0.0105665 0.0215318 -0.0578168 -0.0539098 -0.0513321 -0.053447
internal_weight=120.939 17.799 103.14 11.9631 5.57401 91.1771 24.3696 5.23012 9.53263 1.73472 12.225 2.43048 0.761813 4.67015 2.73078 7.79791 3.51575 1.40729 0.822167 19.1395 11.5905 7.19265 11.5446 0.961303 0.313049 1.90861 1.44087 0.667261 1.66867 0.4488
internal_count=20849 18696 2153 1547 311 606 186 72 184 87 18385 1363 305 97 84 97 64 52 41 114 74 49 18379 946 105 43 47 82 1058 46
is_linear=0
shrinkage=0.05


Tree=81
num_leaves=31
num_cat=0
split_feature=5 7 7 5 6 3 3 6 5 3 6 6 2 5 6 2 6 6 6 5 2 2 5 2 2 5 7 7 7 7
split_gain=30.1584 4.45876 3.0959 2.99086 1.77856 1.10926 1.04884 1.15339 0.988722 1.54499 2.14507 1.10372 0.923873 0.847568 0.703972 0.789609 0.722085 0.625402 0.427063 0.296242 0.594466 0.601058 0.151551 0.0523614 0.0202552 0.00347629 0.00114978 0.000943429 0.000484212 0.000419477
threshold=0.61168676490966423 0.52102862529569294 0.44169221199942432 0.44018887201575585 0.024248155883799551 1.5000000000000002 1.0000000180025095e-35 0.022226539321003422 0.37703876156758848 1.5000000000000002 0.01351637701194827 0.0031095467360047848 22.500000000000004 0.59185574037052913 0.00024141026186848724 21.500000000000004 0.050112893505481405 0.014744368493971835 0.020781001596177493 0.32671335553782699 21.500000000000004 4.5000000000000009 0.73170420720138596 7.5000000000000009 22.500000000000004 0.66217129979670952 0.37762456566884933 0.33698976408152886 0.41690257979900996 0.35685321809070475
decision_type=2 2 2 2 2 2 2 2 2 2 2 2 2 2 2 2 2 2 2 2 2 2 2 2 2 2 2 2 2 2
left_child=2 14 3 6 5 12 7 24 -4 10 11 -10 25 27 15 -2 29 -15 19 -8 21 -21 -7 -11 28 -3 -23 -5 -1 -16
right_child=1 4 8 13 -6 22 18 -9 9 23 -12 -13 -14 17 16 -17 -18 -19 -20 20 -22 26 -24 -25 -26 -27 -28 -29 -30 -31
leaf_value=-0.050887324060470453 -0.050065569496506396 -0.056316394717162301 0.050792105652807541 -0.050253628766883787 0.049400613623514902 0.039579630919458403 0.042447306586850905 0.03218643245415867 -0.042508901337439238 0.050935147207796974 0.042397472458726888 0.014204311554745459 0.042676416422691099 -0.05015711513515328 -0.050079897894123031 0.044568434291053893 0.050930484174785656 0.047285648749935731 0.050882706832711781 0.02541726013203556 0.042535759050611771 -0.051120093897065268 0.0078503189209214851 0.04377302373571175 -0.071307842890352788 -0.051250170118373739 -0.056026751582874304 -0.052731151019263157 -0.054566117447467172 -0.050863441967176015
leaf_weight=0.25645125698065185 0.43479967425810429 0.49471110076410596 63.599525943398476 0.9386602925951586 1.8638699222356079 0.56549619114957761 1.701389783760533 0.81372812646441162 1.356775892141741 10.71837757527828 5.6316441292874515 2.3330898801796138 0.30184775486122828 0.25083300357800897 8.4608822097652538 0.44706492018303834 0.17935906350612718 0.47933146602008492 4.1720705861225724 0.48527702898718394 0.91328958747908473 0.23687972861807793 1.1250660564983261 3.3493735939264306 0.21307384711690247 1.0730157684010917 0.2407291941344738 0.65056576111237518 0.13735385984182358 2.1402123883599424
leaf_count=75 777 16 420 964 11 6 15 5 35 63 34 34 7 291 15726 45 1 14 24 8 7 43 40 20 2 231 3 94 2 1836
internal_value=0.0336982 -0.0276225 0.0443376 0.0199442 0.00983033 -0.0108863 0.0327737 -0.00672094 0.0475595 0.0387694 0.0229826 -0.00664933 -0.0374261 -0.0307804 -0.0450414 -0.00209047 -0.0485549 0.0138112 0.0400136 0.0273383 0.0136369 -0.0137734 0.0184638 0.0492299 -0.0588895 -0.0528489 -0.0535932 -0.0512678 -0.0521704 -0.0502381
internal_weight=115.565 17.0863 98.4784 11.4896 5.42401 3.56014 9.17024 1.42061 86.9888 23.3893 9.32151 3.68987 1.86957 2.31939 11.6623 0.881865 10.7805 0.730164 7.74964 3.57757 1.87618 0.962886 1.69056 14.0678 0.606879 1.56773 0.477609 1.58923 0.393805 10.6011
internal_count=20849 18696 2153 1547 311 300 184 84 606 186 103 69 254 1363 18385 822 17563 305 100 76 61 54 46 83 79 247 46 1058 77 17562
is_linear=0
shrinkage=0.05


Tree=82
num_leaves=31
num_cat=0
split_feature=5 7 7 6 5 5 6 3 7 3 7 2 6 3 0 6 5 7 7 6 2 2 5 5 5 7 6 5 5 6
split_gain=28.6053 4.84699 2.66154 1.83073 1.33087 1.28108 1.18055 1.45863 1.20818 1.07064 1.21791 1.06265 1.19365 1.03493 0.728009 0.370536 0.421206 0.332158 0.322108 1.14103 0.985475 0.27408 0.196654 0.131998 0.0995959 0.0850308 0.0203979 0.0127227 0.0055767 0.00427283
threshold=0.58045833459580731 0.52102862529569294 0.30996399644545392 0.019602292486637841 0.21661244440873653 0.69334968980408174 0.0053801687988060129 1.5000000000000002 0.76573366385537411 1.5000000000000002 0.66759605958163371 21.500000000000004 0.050112893505481405 1.0000000180025095e-35 22.29592645052881 0.0014748685111789916 0.26969689915409245 0.2396101482698676 0.47492814856243182 0.017384649022047467 3.5000000000000004 13.500000000000002 0.73170420720138596 0.48011880266979329 0.32671335553782699 0.24106763456983801 0.0078800968024168184 0.37703876156758848 0.66217129979670952 0.03718888413275865
decision_type=2 2 2 2 2 2 2 2 2 2 2 2 2 2 2 2 2 2 2 2 2 2 2 2 2 2 2 2 2 2
left_child=2 5 4 9 -1 11 7 8 13 10 28 12 -2 27 -15 16 -6 -13 19 20 -8 -22 -11 26 -9 -19 -20 -4 -3 -17
right_child=1 3 6 -5 15 -7 18 24 -10 22 -12 17 -14 14 -16 29 -18 25 23 -21 21 -23 -24 -25 -26 -27 -28 -29 -30 -31
leaf_value=0.051262610406399546 -0.051018676189477412 -0.057052144446565103 -0.065681374935621192 0.04845823824623751 0.05114929810381294 -0.050221700394685466 0.041342199107482783 0.05088253805000436 0.050876200423879671 0.041769126172551498 0.022780130150951018 -0.050571484362240418 0.050887885841181368 0.03403194191908044 -0.01501351338008608 -0.050795584382166484 -0.050079186196851123 0.051814307186387645 0.04726925870006593 0.050087466485111282 -0.056119417707918257 -0.00084482353875173959 0.0083580882108070364 0.042073418867124825 0.039741315341112159 0.02239545998904378 0.050749184794832092 -0.052036763882340534 -0.051140902294831973 -0.060159801354271014
leaf_weight=0.61250986158847753 1.7747593770909622 0.72078872594283827 0.29097358882426982 2.2976916432380676 0.21964630484580983 9.1907084081321937 0.91239979444071539 4.4731420576572418 1.4354945570230482 0.73142204247415055 0.76587593078147609 0.1268526382918933 0.34286391735076893 1.5192131672520193 1.5073249083943663 0.92217830961453706 0.19310536092962138 0.43834260723087937 4.5337835252284995 5.6251700357533991 0.51681333058513701 0.39619212917750701 1.1069522801553828 5.0113830189220598 3.6368225907208398 0.55865980876842514 59.146678775548935 0.41380456043407321 0.89367840721388347 0.14035972952842712
leaf_count=3 2313 26 2 16 1 16370 10 28 9 7 16 119 2 11 36 673 238 3 29 37 26 18 39 36 25 54 410 67 224 1
internal_value=0.0335348 -0.0223814 0.0451136 0.0125477 -0.0106924 -0.0406897 0.0464165 0.0326583 0.011895 -0.00701077 -0.0291468 -0.0136634 -0.034519 -0.0031016 0.00960554 -0.0364148 0.00378968 0.0256339 0.0488155 0.038941 0.00459221 -0.0321334 0.0216511 0.0498866 0.0458864 0.0353298 0.0505014 -0.0576701 -0.05378 -0.0520326
internal_weight=110.456 18.9486 91.507 6.51641 2.0878 12.4322 89.4192 13.2768 5.16681 4.21872 2.38034 3.24148 2.11762 3.73132 3.02654 1.47529 0.412752 1.12386 76.1424 7.45058 1.82541 0.913005 1.83837 68.6918 8.10996 0.997002 63.6805 0.704778 1.61447 1.06254
internal_count=20849 19189 1660 328 916 18861 744 178 125 312 266 2491 2315 116 47 913 239 176 566 91 54 44 46 475 53 57 439 69 250 674
is_linear=0
shrinkage=0.05


Tree=83
num_leaves=31
num_cat=0
split_feature=7 6 4 7 1 4 2 6 7 6 2 2 2 0 7 0 7 6 2 2 4 6 1 2 7 7 0 1 0 7
split_gain=22.451 3.52767 3.16929 2.71486 1.9428 1.67447 1.36681 1.20302 0.689422 1.32179 0.835572 1.36818 0.678218 0.767384 0.658224 0.56971 0.471249 0.513734 0.446012 1.20726 0.321192 0.278772 0.393072 0.233535 0.15642 0.175504 0.417439 0.122546 0.433099 0.0996883
threshold=0.30996399644545392 0.010234575731995951 1.0000000180025095e-35 0.59406677549667541 3.5000000000000004 1.0000000180025095e-35 22.500000000000004 0.050112893505481405 0.55258286185066441 0.024248155883799551 4.5000000000000009 22.500000000000004 3.5000000000000004 10.595155689298823 0.21821931409656012 473.19937387509191 0.76573366385537411 0.0020474856754845298 4.5000000000000009 21.500000000000004 1.0000000180025095e-35 0.014744368493971835 4.5000000000000009 3.5000000000000004 0.50696498429313719 0.49472527613725181 46.263533116780408 1.0000000180025095e-35 130.3105665283847 0.55258286185066441
decision_type=2 2 2 2 2 2 2 2 2 2 2 2 2 2 2 2 2 2 2 2 2 2 2 2 2 2 2 2 2 2
left_child=5 2 3 4 6 7 12 -1 9 10 20 -12 13 29 -7 -15 17 -5 -6 -20 24 22 -16 -19 25 26 -3 -8 -29 -2
right_child=1 8 -4 16 18 14 27 -9 -10 -11 11 -13 -14 15 21 -17 -18 23 19 -21 -22 -23 -24 -25 -26 -27 -28 28 -30 -31
leaf_value=-0.050287571619707011 0.012381988320297745 -0.05481157238551683 0.04761444740519967 -0.00040252373846493927 0.038415392367170419 -0.050036161442387234 0.045443633664909 0.051599552345201874 0.049912323616675511 0.047849557966531869 -0.054745246854252853 0.03370440684785421 -0.052617990775388861 -0.051827008529078122 -0.050277644456374393 0.048815984890813402 0.049399656569006356 0.042994961441212197 -0.053618192416384873 0.031006875769304651 0.048756569874373372 0.04704618531262969 0.043335101371781495 0.016980760707026903 -0.00092299819687044178 0.048651484840714444 0.039009943879746101 -0.051393548446561244 0.043120361143393335 0.051231418251489705
leaf_weight=8.1588293134409415 0.37109115000930781 0.17458373587578424 10.709686270565728 1.4625400507939028 1.9700116631574931 0.35019404880586158 0.49303688399959333 0.30038341879844743 51.128517302102409 10.836249065469017 0.88506081613013499 0.8640345866442658 2.6378606273210607 0.99479396225069627 0.22209792400826678 0.16376102968933992 3.0834542813245207 2.5985673791728918 0.61081262998050068 1.3593880000407805 1.5023502706317231 0.73180467693600804 0.22648608754388988 1.2914999822969546 0.7046821378171445 0.56719147646799684 0.36943509266711771 0.18370990859693848 0.35627386593841948 0.29750995337963104
leaf_count=15743 63 50 228 39 46 602 20 1 394 96 281 21 2159 522 223 3 24 22 99 20 14 12 4 34 9 7 33 65 13 2
internal_value=0.0333611 0.0408128 0.0261057 0.0132183 -0.00520438 -0.0379621 -0.0244085 -0.0466696 0.0470843 0.0379924 0.0169132 -0.0110521 -0.0363997 -0.0129854 0.0101625 -0.0376012 0.0338296 0.0248603 0.0215924 0.00477094 0.0316542 0.028022 -0.0030134 0.0343583 0.0175047 0.0291908 0.00890122 0.0274211 0.0109654 0.029669
internal_weight=105.606 95.6161 28.584 17.8743 9.43825 9.9898 5.49804 8.45921 67.0321 15.9036 5.06734 1.7491 4.46502 1.82716 1.53058 1.15855 8.43606 5.35261 3.94021 1.9702 3.31824 1.18039 0.448584 3.89007 1.81589 1.11121 0.544019 1.03302 0.539984 0.668601
internal_count=20849 4264 3359 3131 3012 16585 2847 15744 905 511 415 302 2749 590 841 525 119 95 165 119 113 239 227 56 99 90 83 98 78 65
is_linear=0
shrinkage=0.05


Tree=84
num_leaves=31
num_cat=0
split_feature=5 7 7 5 5 5 4 1 1 5 2 2 2 1 7 2 2 4 5 2 4 7 0 5 5 0 1 0 7 5
split_gain=26.1728 4.26193 2.39313 2.64821 1.45501 1.17903 1.07738 1.32084 0.816726 0.806433 1.11721 1.39355 2.66598 0.79678 1.04624 0.431075 0.282518 0.276635 0.623316 0.530119 0.127417 0.211184 0.161496 0.112563 0.257729 0.109007 0.00195512 0.00148755 0.00134332 0.000916984
threshold=0.58045833459580731 0.52102862529569294 0.4288708452381923 0.44018887201575585 0.77692039150474768 0.69334968980408174 1.0000000180025095e-35 6.5000000000000009 3.5000000000000004 0.37703876156758848 4.5000000000000009 22.500000000000004 21.500000000000004 1.5000000000000002 0.40129851081728674 2.5000000000000004 21.500000000000004 1.0000000180025095e-35 0.21661244440873653 4.5000000000000009 1.0000000180025095e-35 0.71748051682258629 49.345893572730809 0.5964003587368395 0.69090039809582982 22.29592645052881 6.5000000000000009 227.71255495245762 0.43542881278117024 0.5964003587368395
decision_type=2 2 2 2 2 2 2 2 2 2 2 2 2 2 2 2 2 2 2 2 2 2 2 2 2 2 2 2 2 2
left_child=2 5 3 13 8 6 7 28 15 -4 20 12 -12 14 27 -3 -17 18 -15 -20 21 22 -11 -8 -25 -21 -7 -1 -2 -30
right_child=1 4 9 -5 -6 26 23 -9 -10 10 11 -13 -14 17 -16 16 -18 -19 19 25 -22 -23 -24 24 -26 -27 -28 -29 29 -31
leaf_value=-0.05216017724142559 -0.050245271648526706 0.014083907575631886 0.050688683147970148 -0.051010965325525438 -0.05077507817530999 -0.050078049170941358 0.04576423246996475 0.052047617628216837 0.039310692628466232 0.044389519836016453 -0.057582342527994636 0.050752240927251641 0.045090714547605187 0.050996824685186064 0.031590262018348803 -0.051468030390335151 0.011618193966375175 0.051036215928701195 0.043034507397605185 0.0059206856866126159 0.05089528755692433 0.050773293255082175 0.027085782746945092 -0.050125021989901146 0.048120948734449831 -0.029117553021516574 -0.054714745173586404 -0.057923025252140985 -0.055291216893243116 -0.050306887050573512
leaf_weight=0.44035030010854626 1.3505705024581436 1.7343715617898845 55.758356556296349 1.1473691035062072 0.82275097628007632 8.1353860634553676 0.58949417067924503 0.37793505191802967 2.7932921410538256 2.5459501522127557 1.2940745607484123 1.7357690036296842 1.2362181767821312 1.6135817915201189 0.92345384508371353 0.53000798419816408 0.26680174446664751 2.6398366689682007 0.61492033215472452 0.34814526693662629 5.9882762134075156 3.6611063778400421 2.8666816642507911 0.11482399253873155 0.15945166908204556 0.61251765483757481 0.23388648405671197 0.1501659577479586 0.26136567821959023 0.14263267751084641
leaf_count=75 2268 20 424 894 214 16365 17 1 21 22 37 12 8 9 5 67 6 15 16 17 38 25 21 110 5 35 5 7 9 81
internal_value=0.0331468 -0.0224318 0.0447928 0.0196318 0.0111073 -0.0405719 -0.0136572 -0.0327389 0.0206695 0.0476379 0.0388368 0.0162492 -0.00741965 0.03067 -0.00164777 9.79844e-05 -0.0303444 0.039064 0.0291539 0.00678418 0.0452344 0.0414985 0.035225 0.0334524 0.00699082 -0.0164197 -0.0502076 -0.0536256 -0.0510019 -0.0535315
internal_weight=101.09 17.5128 83.5768 8.49034 6.14722 11.3655 2.99627 2.1325 5.32447 75.0864 19.3281 4.26606 2.53029 7.34297 1.51397 2.53118 0.79681 5.829 3.18917 1.57558 15.062 9.07374 5.41263 0.86377 0.274276 0.960663 8.36927 0.590516 1.75457 0.403998
internal_count=20849 19189 1660 1073 328 18861 2491 2359 114 587 163 57 45 179 87 93 73 92 77 68 106 68 43 132 115 52 16370 82 2358 90
is_linear=0
shrinkage=0.05


Tree=85
num_leaves=31
num_cat=0
split_feature=5 4 5 6 3 5 0 6 5 5 4 0 3 3 2 2 2 6 2 6 2 2 6 0 5 3 6 3 5 3
split_gain=24.8412 3.78906 2.08886 1.66286 1.72066 1.85209 1.32672 1.28062 1.0548 0.973025 1.37696 0.845897 0.827131 0.803149 0.833216 0.810929 1.1252 0.486349 0.460353 0.492409 0.419244 1.1778 0.231644 0.414204 0.176715 0.557408 0.689321 0.150312 0.596111 0.116957
threshold=0.58045833459580731 1.0000000180025095e-35 0.70479351897953746 0.0095390916651275706 1.0000000180025095e-35 0.26969689915409245 75.094729121894062 0.019602292486637841 0.77692039150474768 0.32671335553782699 1.0000000180025095e-35 250.21386734161678 1.0000000180025095e-35 1.5000000000000002 22.500000000000004 1.0000000180025095e-35 2.5000000000000004 0.0036527986902349869 4.5000000000000009 4.4553754045611594e-05 4.5000000000000009 21.500000000000004 0.024248155883799551 142.43913000854596 0.46216228778122764 1.0000000180025095e-35 0.030404255738759909 1.5000000000000002 0.65620501528128761 1.5000000000000002
decision_type=2 2 2 2 2 2 2 2 2 2 2 2 2 2 2 2 2 2 2 2 2 2 2 2 2 2 2 2 2 2
left_child=3 2 6 4 5 -1 7 -2 17 -6 13 -7 -8 14 15 -11 -17 -3 -18 -20 -15 -22 -4 -24 -5 26 -26 28 -19 -14
right_child=1 8 22 24 9 11 12 -9 -10 10 -12 -13 29 20 -16 16 18 27 19 -21 21 -23 23 -25 25 -27 -28 -29 -30 -31
leaf_value=0.050601822842323965 -0.052639227656958665 -0.050276361440323714 -0.050377766386353807 0.049792309117893341 0.049402623355273213 -0.055004528592497041 -0.050803534851788394 0.033581153080402507 -0.050076777663125606 0.028936579024488214 0.048893939487705637 0.046318310977744831 0.017424917376129698 0.042129198951380099 0.050830431188248787 -0.13455400288204303 0.0397806139921979 0.045956104138903844 0.050385622560309498 -0.054151151487268581 -0.05702150075306274 0.042326880916700456 -0.050600143626832385 0.044910271027178122 -0.056396259774158422 0.046268140935608056 0.050739709868743356 0.049316733307504003 -0.051306327648814043 0.042605456409457544
leaf_weight=0.90097156749107243 1.8783458627876854 0.15389744893764135 8.2916007828025577 53.894734935602173 9.1941498320084083 1.3292039782099889 0.34852198444423277 0.55878105777082954 0.40317027727724042 0.50028994586318587 3.9946718568098731 0.24376494687749062 0.75292889829142939 1.8497493426548319 0.43443428445607413 0.28175589372403909 0.23259282042272367 0.71509854967007425 0.131692920695059 0.77900055097416043 0.47929310222389154 0.79011937091127038 0.30291111225960854 0.18155030661728233 0.31446144881192495 4.1240938949922565 0.28731541335582733 1.8359092999016866 0.20204498711973429 1.1899529676884413
leaf_count=7 2097 169 15274 452 69 501 408 35 657 12 34 14 166 32 7 24 20 30 2 217 93 12 119 9 71 91 2 30 112 83
internal_value=0.0330008 -0.0222289 -0.0339799 0.0446438 0.0326224 -0.00656065 -0.00718999 -0.0328707 0.0257124 0.0378152 0.0265695 -0.0393024 0.0201239 0.0102929 -0.0117164 -0.0258295 -0.0450562 0.0362237 -0.0230001 -0.0390344 0.0269437 0.00481583 -0.0484142 -0.0148079 0.0489794 0.0397087 -0.00524472 0.0410591 0.0245294 0.0328472
internal_weight=96.577 16.8147 13.5046 79.7623 21.1417 2.47394 4.72853 2.43713 3.31012 18.6677 9.4736 1.57297 2.2914 5.47893 2.35977 1.92533 1.42504 2.90695 1.14329 0.910693 3.11916 1.26941 8.77606 0.484461 58.6206 4.72587 0.601777 2.75305 0.917144 1.94288
internal_count=20849 19189 18191 1660 1044 522 2789 2132 998 522 453 515 657 419 282 275 263 341 239 219 137 105 15402 128 616 164 73 172 142 249
is_linear=0
shrinkage=0.05


Tree=86
num_leaves=31
num_cat=0
split_feature=5 7 7 5 6 4 0 5 6 4 4 1 5 6 5 1 7 0 6 1 5 1 5 1 7 7 5 7 7 6
split_gain=23.5457 3.90645 2.33852 2.40122 1.62631 1.16571 1.23017 1.06906 0.980934 1.13723 0.966902 1.20434 0.788526 1.11703 0.743807 1.05713 0.462808 0.767859 0.410684 0.28668 0.514372 0.00946575 0.00530258 0.00147039 0.00097828 0.000695311 0.000681179 0.000351549 0.000315385 0.000161754
threshold=0.58045833459580731 0.52102862529569294 0.4288708452381923 0.44018887201575585 0.019602292486637841 1.0000000180025095e-35 120.33106038563066 0.69334968980408174 0.020781001596177493 1.0000000180025095e-35 1.0000000180025095e-35 6.5000000000000009 0.37703876156758848 0.0018976489379050373 0.21661244440873653 1.0000000180025095e-35 0.62461637458143737 55.036219127339898 0.014744368493971835 3.5000000000000004 0.61168676490966423 3.5000000000000004 0.66217129979670952 6.5000000000000009 0.43542881278117024 0.40590577401962674 0.5964003587368395 0.33698976408152886 0.28267206512189663 0.00064759068082045586
decision_type=2 2 2 2 2 2 2 2 2 2 2 2 2 2 2 2 2 2 2 2 2 2 2 2 2 2 2 2 2 2
left_child=2 7 3 8 5 6 22 10 9 14 11 24 -4 -14 -1 -16 17 -15 -12 20 -8 25 -3 -9 -2 28 -26 -5 -17 -24
right_child=1 4 12 27 -6 -7 19 23 -10 -11 18 -13 13 16 15 21 -18 -19 -20 -21 -22 -23 29 -25 26 -27 -28 -29 -30 -31
leaf_value=0.050944326984766267 -0.050246160881951968 -0.056907136139623796 0.050622987931853852 -0.050173533128228066 0.047946563914136452 0.036514749763359354 0.03922242505006672 -0.050070744608757801 0.046779158108787314 0.050315798740194123 -0.050112117121000832 0.051862696435083372 0.0061292762433051012 0.046691980118041446 0.03110254436351691 -0.05017499707863117 0.050619290877186557 0.011265825581311832 0.04811690303814397 0.042250651302232774 -0.051804562740049478 -0.063610057376362925 -0.053219090838635068 -0.05427404806808888 -0.054763109075669662 -0.055757258212993543 -0.050289887638215694 -0.052018296444146399 -0.052804434983403037 -0.050873326774662643
leaf_weight=0.36316341161727828 1.2395881377742646 0.66151208372320913 50.564256802201271 0.63698844669852384 1.9565967079252002 1.0542109488160352 0.29743947088718392 7.3635872292215936 3.7415694502415136 1.0633549150079489 0.12643261443008658 0.34625926613807667 2.3331097183981937 3.9740473849233231 0.51373526750830922 0.14692043478134997 8.9441438922658545 2.4866977512137964 0.67178797302767634 0.51182760065421462 0.32451860961737111 0.27870254457229748 0.080302184709580615 0.2141103297471999 0.23923320771427814 0.17571018636226654 0.13209994821227156 0.43434907725895755 0.50955987104680389 0.86623277398757637
leaf_count=2 2268 25 424 821 16 19 2 16365 28 6 121 1 26 38 23 87 69 30 11 4 40 7 25 5 9 2 81 73 24 197
internal_value=0.0328598 -0.0221068 0.0444683 0.0186484 0.0109167 -0.00816968 -0.0253505 -0.0404916 0.0296209 0.00858005 -0.013821 -0.0327364 0.0474411 0.0383706 -0.0137462 -0.0282069 0.0432536 0.0330567 0.0325581 0.0145352 -0.00827266 -0.0556347 -0.0534726 -0.0501895 -0.0509205 -0.0529637 -0.0531718 -0.0509214 -0.052216 -0.0510723
internal_weight=92.252 16.0857 76.1663 7.86405 5.75264 3.79604 2.74183 10.3331 6.79272 3.05115 2.7554 1.95718 68.3023 17.738 1.98779 1.62463 15.4049 6.46075 0.798221 1.13379 0.621958 1.11089 1.60805 7.5777 1.61092 0.83219 0.371333 1.07134 0.65648 0.946535
internal_count=20849 19189 1660 1073 328 312 293 18861 179 151 2491 2359 587 163 145 143 137 68 132 46 42 120 247 16370 2358 113 90 894 111 222
is_linear=0
shrinkage=0.05


Tree=87
num_leaves=31
num_cat=0
split_feature=5 7 7 6 6 3 4 0 4 5 5 4 6 0 0 0 6 4 7 6 5 6 6 7 5 7 5 4 6 5
split_gain=22.2912 3.71951 2.23622 1.53809 1.1658 1.35672 1.09081 1.16793 1.08765 1.07794 1.02031 0.917143 0.836739 0.583293 1.66579 0.473017 0.388126 0.361912 0.310651 1.03999 0.944018 0.693389 0.285686 0.254127 0.415419 0.235105 0.147969 0.104944 0.0216317 0.00454983
threshold=0.58045833459580731 0.52102862529569294 0.30996399644545392 0.019602292486637841 0.0053801687988060129 1.5000000000000002 1.0000000180025095e-35 120.33106038563066 1.0000000180025095e-35 0.21661244440873653 0.69334968980408174 1.0000000180025095e-35 0.00024141026186848724 26.841493197220167 65.312757477349265 19.988377491219271 0.014744368493971835 1.0000000180025095e-35 0.47492814856243182 0.022226539321003422 0.26969689915409245 0.006675367782316248 0.00022373526294587197 0.66759605958163371 0.68821760330093118 0.55258286185066441 0.48011880266979329 1.0000000180025095e-35 0.0078800968024168184 0.66217129979670952
decision_type=2 2 2 2 2 2 2 2 2 2 2 2 2 2 2 2 2 2 2 2 2 2 2 2 2 2 2 2 2 2
left_child=2 10 9 6 5 8 7 29 13 -1 11 12 22 15 25 -4 -13 -11 19 20 -6 -22 -2 24 -9 -15 28 -7 -20 -3
right_child=1 3 4 -5 18 27 -8 23 -10 17 -12 16 -14 14 -16 -17 -18 -19 26 -21 21 -23 -24 -25 -26 -27 -28 -29 -30 -31
leaf_value=0.050984907341255437 -0.051026090047610051 -0.056550540223137408 -0.016058286540758897 0.047646273833390561 0.050890765705860708 0.038138309973024087 0.035572343941368982 0.036320075458582499 0.047479543812505749 -0.051873129971764444 -0.050180630956493624 -0.0501066588855449 -0.050869995390214563 -0.059850893247295561 0.015978577569775828 0.039850570923944534 0.047740237281099204 0.013129947158615915 0.046570734471281044 0.050697227445704873 0.032037527973832296 -0.054226720669669652 0.050136141541779089 0.037955459117811036 -0.051857816125143313 -0.11923240885286455 0.04039699880895703 0.050841999015866363 0.050584605352438319 -0.051020026946993625
leaf_weight=0.48308133333921333 0.088131746219003992 0.63311725106905148 0.68108424180536375 1.872611387632787 0.67088671028613944 2.9912521085352637 1.0286927568959074 0.25284660980105378 1.3036994143621994 0.94893428296199978 7.2093706852756441 0.12027919388492581 1.440152220719028 0.34910169383510925 0.90127524992567487 0.85103539534611627 0.64394097571494058 0.2765275553392712 3.618309821933507 4.2977931275963783 0.35140327524277359 0.69103283635922708 0.33533323477604426 0.5575360162765719 0.28314368412247859 0.31899797660298645 4.0846803579479447 3.5610604807734489 46.412865564227104 0.90127157697861549
leaf_count=3 90 25 28 16 4 28 19 2 11 878 16370 121 2257 36 28 17 11 35 29 33 11 43 12 6 38 5 36 25 410 222
internal_value=0.0327057 -0.0220161 0.0442573 0.0107957 0.045616 0.0306166 -0.00807614 -0.0251623 0.00915928 -0.0122698 -0.0404587 -0.0137871 -0.0327027 -0.00694847 -0.028373 0.014997 0.0323403 -0.0372051 0.0483495 0.037566 0.00462702 -0.0251472 0.0290822 0.0143222 -0.010261 -0.0882038 0.0495473 0.0450425 0.0502943 -0.053302
internal_weight=88.1594 15.3664 72.793 5.52922 71.0845 10.9575 3.65661 2.62792 4.40519 1.70854 9.83721 2.62784 1.86362 3.10149 1.56937 1.53212 0.76422 1.22546 60.127 6.01112 1.71332 1.04244 0.423465 1.09353 0.53599 0.6681 54.1159 6.55231 50.0312 1.53439
internal_count=20849 19189 1660 328 744 178 312 293 125 916 18861 2491 2359 114 69 45 132 913 566 91 58 54 102 46 40 41 475 53 439 247
is_linear=0
shrinkage=0.05


Tree=88
num_leaves=31
num_cat=0
split_feature=5 7 7 5 6 4 0 5 6 4 4 1 5 6 5 1 7 0 6 1 1 1 5 1 7 7 5 7 7 1
split_gain=21.1052 3.54198 2.16277 2.18878 1.45413 1.01929 1.10976 0.974467 0.894847 1.04369 0.869568 1.08897 0.857666 1.0624 0.669848 0.958483 0.512582 0.793664 0.366656 0.263921 0.47523 0.00683547 0.00390334 0.00110482 0.000729309 0.000552429 0.000503636 0.000294541 0.000147721 0.000142869
threshold=0.58045833459580731 0.52102862529569294 0.4288708452381923 0.44018887201575585 0.019602292486637841 1.0000000180025095e-35 120.33106038563066 0.69334968980408174 0.020781001596177493 1.0000000180025095e-35 1.0000000180025095e-35 6.5000000000000009 0.37703876156758848 0.0018976489379050373 0.21661244440873653 1.0000000180025095e-35 0.62461637458143737 55.036219127339898 0.014744368493971835 3.5000000000000004 2.5000000000000004 3.5000000000000004 0.66217129979670952 6.5000000000000009 0.43542881278117024 0.35322126486877098 0.5964003587368395 0.33698976408152886 0.28267206512189663 2.5000000000000004
decision_type=2 2 2 2 2 2 2 2 2 2 2 2 2 2 2 2 2 2 2 2 2 2 2 2 2 2 2 2 2 2
left_child=2 7 3 8 5 6 22 10 9 14 11 24 -4 -14 -1 -16 17 -15 -12 20 -8 25 -3 -9 -2 28 -26 -5 -17 -29
right_child=1 4 12 27 -6 -7 19 23 -10 -11 18 -13 13 16 15 21 -18 -19 -20 -21 -22 -23 -24 -25 26 -27 -28 29 -30 -31
leaf_value=0.050852903086733681 -0.050223535562787185 -0.056213191042091083 0.050564343325552125 -0.050166333113528798 0.047325740231830712 0.034613009523583975 -0.051798618408220302 -0.050064115163052814 0.046338518846339126 0.050073463822040136 -0.050101465593990584 0.051682068261589914 0.0055304954904806108 0.046062593706239677 0.029940565563302129 -0.050158116451760937 0.050545946531179699 0.0091225846964177182 0.047341608812903134 0.041604051241735669 0.03864094294256265 -0.062074411568045731 -0.050970958292223027 -0.053874402297733048 -0.054296166661232305 -0.054236980171529038 -0.050262008367546546 -0.051247446867949832 -0.052173617695079423 -0.053224044068555548
leaf_weight=0.32918186485767309 1.1218411763547904 0.60576249187579312 45.861660845577717 0.58273023526999157 1.793048247694969 1.004958321223967 0.30376601460739017 6.662955533596687 3.4161356629338115 0.97787902876734722 0.11442466877633695 0.31487214565277089 2.2735016744700287 3.6492342951241872 0.48752111924113695 0.13275669104768872 8.1365381926298124 2.4172172043472528 0.61756509135011584 0.47734277602285147 0.27835791523102671 0.26462904934305698 0.85812056166469119 0.1958387717604636 0.21900863508926693 0.34495170880109072 0.11962421433418058 0.26933281467063352 0.28841827216092497 0.13839549277327023
leaf_count=2 2268 25 424 821 16 19 37 16365 28 6 121 1 26 38 23 87 69 30 11 4 5 7 222 5 9 9 81 62 17 11
internal_value=0.0325483 -0.0219142 0.0440464 0.0181634 0.0106611 -0.00797144 -0.0249313 -0.0404218 0.0291211 0.00830337 -0.0137476 -0.0326547 0.0470491 0.0372644 -0.013806 -0.0278248 0.0423441 0.0313436 0.0321093 0.0140455 -0.00855256 -0.0551464 -0.0531402 -0.0501729 -0.0508374 -0.0527534 -0.0528711 -0.0508876 -0.0515383 -0.0519184
internal_weight=84.2576 14.6875 69.5701 7.23193 5.32136 3.52831 2.52335 9.36613 6.24147 2.82534 2.50734 1.77535 62.3382 16.4765 1.84746 1.51828 14.203 6.06645 0.73199 1.05947 0.582124 1.03076 1.46388 6.85879 1.46047 0.766127 0.338633 0.990459 0.421175 0.407728
internal_count=20849 19189 1660 1073 328 312 293 18861 179 151 2491 2359 587 163 145 143 137 68 132 46 42 120 247 16370 2358 113 90 894 104 73
is_linear=0
shrinkage=0.05


Tree=89
num_leaves=31
num_cat=0
split_feature=5 7 7 5 6 4 0 5 5 3 6 6 4 4 6 5 5 0 6 6 7 5 7 5 7 5 3 7 7 7
split_gain=19.9756 3.37295 2.06057 2.07044 1.37393 0.952893 1.0541 0.930337 0.898863 1.29312 2.34391 0.844484 0.98896 0.824649 0.756191 0.632157 0.817667 0.377878 0.346222 0.256827 0.227205 0.0402975 0.00447427 0.00334914 0.000633792 0.000474099 0.000334819 0.000253496 0.000147938 0.000937651
threshold=0.58045833459580731 0.52102862529569294 0.4288708452381923 0.44018887201575585 0.019602292486637841 1.0000000180025095e-35 120.33106038563066 0.69334968980408174 0.37703876156758848 1.5000000000000002 0.012246653813243651 0.020781001596177493 1.0000000180025095e-35 1.0000000180025095e-35 0.00024141026186848724 0.21661244440873653 0.41572676676501963 65.312757477349265 0.014744368493971835 0.00022373526294587197 0.66759605958163371 0.52177222762342435 0.40590577401962674 0.66217129979670952 0.43542881278117024 0.5964003587368395 1.5000000000000002 0.33698976408152886 0.35685321809070475 0.35963692606151626
decision_type=2 2 2 2 2 2 2 2 2 2 2 2 2 2 2 2 2 2 2 2 2 2 2 2 2 2 2 2 2 2
left_child=2 7 3 11 5 6 23 13 -4 10 17 12 15 14 19 -1 22 -10 -15 -2 -8 -11 26 -3 -16 -26 -17 -5 -9 -30
right_child=1 4 8 27 -6 -7 20 28 9 21 -12 -13 -14 18 24 16 -18 -19 -20 -21 -22 -23 -24 -25 25 -27 -28 -29 29 -31
leaf_value=0.050810618260677815 -0.05092552688977256 -0.055893979664526409 0.05053653864675528 -0.050158319296956383 0.046983519011042398 0.033639576946979242 -0.010322625783927982 -0.050045249747864756 -0.035874225259671759 0.050656344244146029 0.042458523784175514 0.045947814895664123 0.049915554002212537 -0.050096525326958678 -0.050220198077480717 -0.05110415888284249 0.022975379083498847 0.004105877065052512 0.046919386870623955 0.049807956523949801 0.036830641088521313 0.043228704942783358 -0.059123642836832128 -0.05092421858400055 -0.054517027088773332 -0.05024460082934247 -0.053611928024578238 -0.051823920269863169 -0.054890687943528839 -0.0502192818032706
leaf_weight=0.3133814930915827 0.079813055606790306 0.57942665158770956 43.648357667028904 0.55439647883758869 1.7177153062075374 0.98290852090576653 0.49874205965897977 5.2116077085374855 1.4221386848948872 6.8191425353288651 4.1824467529077083 3.276472661877051 0.93305684905499209 0.10885457546100941 1.0280998771486336 0.31519642379134871 0.51936719886725768 1.011309730412904 0.59260096901562065 0.30537191493203864 0.52373546385206282 2.4938954934477806 0.40025346353650093 0.81699982077407185 0.17313937260769297 0.10389628290431574 0.23038393049500883 0.38853197343996726 0.11802340377471399 1.1956856239412443
leaf_count=2 90 25 424 821 16 19 40 14672 33 58 36 28 6 121 2174 67 57 17 11 12 6 19 4 222 8 75 15 73 66 1632
internal_value=0.0323855 -0.0218155 0.0438246 0.0180218 0.0105319 -0.00787396 -0.0247428 -0.040387 0.0468264 0.03666 0.0197577 0.028866 0.00822609 -0.0137111 -0.0326241 -0.0136445 -0.0274303 -0.019259 0.0318641 0.0289353 0.0138303 0.0486673 -0.0551086 -0.0529863 -0.0507922 -0.0529147 -0.0521631 -0.0508446 -0.0501648 -0.050639
internal_weight=80.545 14.0366 66.5083 6.93104 5.11953 3.40181 2.4189 8.91709 59.5773 15.9289 6.6159 5.98811 2.71164 2.39178 1.69032 1.77858 1.4652 2.43345 0.701456 0.385185 1.02248 9.31304 0.945834 1.39643 1.30514 0.277036 0.54558 0.942928 6.52532 1.31371
internal_count=20849 19189 1660 1073 328 312 293 18861 587 163 86 179 151 2491 2359 145 143 50 132 102 46 77 86 247 2257 83 82 894 16370 1698
is_linear=0
shrinkage=0.05


Tree=90
num_leaves=31
num_cat=0
split_feature=5 7 7 3 5 3 7 1 5 7 5 5 5 4 1 1 0 7 5 4 1 1 5 5 7 5 1 5 1 7
split_gain=18.9255 3.2151 1.99523 1.27928 1.16629 1.3364 1.23274 1.46993 1.41482 1.11853 0.94738 0.888937 0.88134 0.78162 0.984918 0.492552 0.425013 0.367997 0.274896 0.268439 0.223171 0.170683 0.0935269 0.204281 0.0130844 0.00349473 0.00259853 0.00250391 0.000818878 0.000537432
threshold=0.58045833459580731 0.52102862529569294 0.30996399644545392 1.5000000000000002 0.37703876156758848 1.5000000000000002 0.71748051682258629 4.5000000000000009 0.41572676676501963 0.66759605958163371 0.21661244440873653 0.69334968980408174 0.50864889734544316 1.0000000180025095e-35 6.5000000000000009 4.5000000000000009 44.314907182073448 0.42315554613810852 0.70479351897953746 1.0000000180025095e-35 2.5000000000000004 1.5000000000000002 0.5964003587368395 0.69090039809582982 0.56968344794642389 0.26969689915409245 3.5000000000000004 0.66217129979670952 6.5000000000000009 0.43542881278117024
decision_type=2 2 2 2 2 2 2 2 2 2 2 2 2 2 2 2 2 2 2 2 2 2 2 2 2 2 2 2 2 2
left_child=2 11 10 9 17 6 7 8 -6 19 -1 13 16 14 29 25 -10 -4 -5 27 -20 -7 -15 -24 -23 -12 -14 -3 -13 -2
right_child=1 3 4 18 5 21 -8 -9 12 -11 15 28 26 22 -16 -17 -18 -19 20 -21 -22 24 23 -25 -26 -27 -28 -29 -30 -31
leaf_value=0.050853992659135365 -0.05020302616598879 -0.055545712185041542 0.03366272879828356 0.050337340022032107 -0.092754412189946733 0.032203062724061648 0.044769514578663683 0.050831078674763587 0.030809681698759334 0.027796677846221519 -0.057836362901162744 -0.050058091915814756 -0.051686501566922262 0.044440745309492491 0.051519735796973921 0.039520095960555113 -0.012909307886394271 0.050510906455957127 -0.0032290492521685147 0.0074349392637992166 0.037750289108939711 0.046160837612949833 -0.05014302619969907 0.047718761023988893 0.050554378012193306 -0.050327056807481556 -0.058335759413905168 -0.051001049064405883 -0.05349326766758275 -0.052586882190035371
leaf_weight=0.4207620695233335 1.0158915756328482 0.56538799815461904 3.5142351277172557 1.3122414005920293 0.49609881592914584 1.8326967291068283 2.6206012070178986 1.1423127530142663 1.3546625779708854 0.87198228435590852 0.19683430425357051 6.0293941387499217 0.38362181713455346 0.45627176685957227 0.28627949953079213 0.17514413967728615 0.94279742913204234 41.684291914105415 0.63867469911929198 0.2154448828077874 0.69244237150996923 2.4847694739000872 0.095466488390229642 0.12080814025830477 5.3286860957741737 0.72789124862174504 0.2381491391279269 0.65326424119120929 0.17862430028617371 0.30814624487538811
leaf_count=3 2268 25 32 11 6 27 22 7 32 18 3 16365 90 17 1 9 24 425 38 13 8 23 110 5 50 901 6 215 5 90
internal_value=0.032229 -0.0216755 0.0436305 0.0103548 0.0450178 0.0337797 0.0174441 0.00173221 -0.0146897 -0.0168607 -0.0129536 -0.0403464 -0.00142326 -0.0136676 -0.0325751 -0.0373636 0.0128689 0.0492009 0.0340977 -0.0440139 0.0180883 0.045936 0.0316036 0.00452127 0.0491572 -0.0519255 -0.0542333 -0.0531095 -0.0501569 -0.0507578
internal_weight=76.9839 13.4403 63.5436 4.94944 62.0229 16.8244 7.17824 4.55764 3.41533 2.30608 1.52063 8.49088 2.91923 2.28286 1.61032 1.09987 2.29746 45.1985 2.64336 1.4341 1.33112 9.64615 0.672546 0.216275 7.81346 0.924726 0.621771 1.21865 6.20802 1.32404
internal_count=20849 19189 1660 328 744 287 187 165 158 271 916 18861 152 2491 2359 913 56 457 57 253 46 100 132 115 73 904 96 240 16370 2358
is_linear=0
shrinkage=0.05


Tree=91
num_leaves=31
num_cat=0
split_feature=5 7 7 5 3 7 5 3 4 7 5 4 1 1 7 5 4 4 5 0 0 1 0 5 5 5 7 5 0 1
split_gain=17.9158 3.0667 1.97671 1.88798 1.19385 1.04875 0.918555 1.24244 1.09283 1.19598 0.849775 0.740586 0.93606 0.703326 0.849231 0.276112 0.261724 0.240905 0.513364 0.301815 0.733178 0.209005 0.180976 0.0868567 0.193633 0.0481101 0.00437362 0.00214753 0.00193974 0.000705822
threshold=0.58045833459580731 0.52102862529569294 0.4288708452381923 0.44018887201575585 1.5000000000000002 0.66759605958163371 0.37703876156758848 1.5000000000000002 1.0000000180025095e-35 0.62461637458143737 0.69334968980408174 1.0000000180025095e-35 6.5000000000000009 1.5000000000000002 0.40129851081728674 0.70479351897953746 1.0000000180025095e-35 1.0000000180025095e-35 0.21661244440873653 10.375240897809009 66.230817566777858 2.5000000000000004 43.402661237548259 0.5964003587368395 0.69090039809582982 0.52177222762342435 0.40590577401962674 0.66217129979670952 276.25075634236902 6.5000000000000009
decision_type=2 2 2 2 2 2 2 2 2 2 2 2 2 2 2 2 2 2 2 2 2 2 2 2 2 2 2 2 2 2
left_child=2 10 3 13 5 16 -4 8 9 22 11 12 -2 14 28 -6 27 18 -15 -20 26 -17 -8 -13 -25 -9 -21 -3 -1 -12
right_child=1 4 6 -5 15 -7 7 25 -10 -11 29 23 -14 17 -16 21 -18 -19 19 20 -22 -23 -24 24 -26 -27 -28 -29 -30 -31
leaf_value=-0.051950151440421546 -0.050722341650031477 -0.055262174419037961 0.050485008910245682 -0.050843922542954084 0.050265043611340043 0.026805384288813364 -0.0079587177909862337 0.050596994155460796 0.048622880210572594 0.026727792576490911 -0.050055300056881517 0.043809402821228027 0.051443424203536384 0.050714347061807621 0.029649851087784663 -0.0030680374820324556 0.0070716328625667945 0.0507467740334719 0.046835805340499206 -0.051399975115317409 0.032293441986343478 0.036843504871249239 -0.040884808770432129 -0.050136099094856307 0.047415678444639717 0.042140747367673176 -0.061485693981536894 -0.050953463948355371 -0.058848701521782946 -0.053320260910945209
leaf_weight=0.38204360639792756 1.2603220783785203 0.54050332945189372 39.533931583166122 0.8791516646160743 1.2499932767823341 0.85934775654459361 0.70091302553191503 6.2015708163380623 2.0738178826868534 2.4475427293218672 5.7356490261881845 0.44011768713244226 0.27271124720573414 1.1722408011555674 0.7353229895234108 0.63858558516949393 0.215194358723238 1.9209861978888509 0.31441266671754398 0.19309564965078607 0.48650572678889148 0.67447423050180078 1.031490752182435 0.090822763653704897 0.1156326025375165 2.3079383969306946 0.24245838075876236 0.62196987128118053 0.13896249094977975 0.17045008204877365
leaf_count=79 2358 25 424 894 11 18 21 58 17 19 16365 17 1 9 5 38 13 15 6 44 16 8 29 110 5 19 2 215 3 5
internal_value=0.0320425 -0.0215088 0.043399 0.017264 0.0101494 -0.0165417 0.0465109 0.0358688 0.0189489 0.00422655 -0.0403026 -0.0136202 -0.0325481 0.0279831 -0.00495314 0.0334452 -0.0435803 0.0375401 0.0270075 0.00453215 -0.00989295 0.0174332 -0.0275632 0.031258 0.00450121 0.0483035 -0.0570144 -0.0529568 -0.0537901 -0.0501495
internal_weight=73.6482 12.8858 60.7624 6.46518 4.80007 2.23702 54.2972 14.7633 6.25376 4.17995 8.08571 2.17961 1.53303 5.58603 1.25633 2.56305 1.37767 4.3297 2.40871 1.23647 0.92206 1.31306 1.7324 0.646573 0.206455 8.50951 0.435554 1.16247 0.521006 5.9061
internal_count=20849 19189 1660 1073 328 271 587 163 86 69 18861 2491 2359 179 87 57 253 92 77 68 62 46 50 132 115 77 46 240 82 16370
is_linear=0
shrinkage=0.05


Tree=92
num_leaves=31
num_cat=0
split_feature=5 4 7 7 6 4 6 6 5 7 5 6 2 6 2 0 7 7 5 2 5 7 0 2 2 5 5 7 7 7
split_gain=17.035 3.44724 2.38343 1.72394 1.5529 0.990203 0.88952 0.818663 0.782532 0.726702 0.696058 0.659087 0.584637 0.393639 0.50075 0.431542 0.373168 0.266801 0.247872 0.402241 0.19721 0.445876 0.208484 0.135273 0.558575 0.0114621 0.00768077 0.00492913 0.00485053 0.000605036
threshold=0.55973067993470238 1.0000000180025095e-35 0.66759605958163371 0.4288708452381923 0.020781001596177493 1.0000000180025095e-35 0.024248155883799551 0.0014486315633139484 0.77692039150474768 0.52102862529569294 0.21661244440873653 0.0012061840587895753 22.500000000000004 0.00024141026186848724 21.500000000000004 359.18051420138005 0.2396101482698676 0.59406677549667541 0.56609114701859709 3.5000000000000004 0.41572676676501963 0.62461637458143737 33.499609772204266 4.5000000000000009 21.500000000000004 0.37703876156758848 0.62013518339325835 0.40590577401962674 0.52102862529569294 0.55258286185066441
decision_type=2 2 2 2 2 2 2 2 2 2 2 2 2 2 2 2 2 2 2 2 2 2 2 2 2 2 2 2 2 2
left_child=3 2 6 4 5 10 13 -5 16 -8 -1 12 -12 14 -2 18 -3 -17 19 -15 25 22 -22 -18 -25 -9 28 -13 -20 -28
right_child=1 8 -4 7 -6 -7 9 20 -10 -11 11 27 -14 15 -16 17 23 -19 26 -21 21 -23 -24 24 -26 -27 29 -29 -30 -31
leaf_value=0.050708123158245882 -0.050228820707356604 -0.050086852151157935 0.03636543620699647 0.021979149779324941 0.04517182997960769 0.037963693242644425 -0.050578935387909724 0.050458088525370516 -0.050060302020114744 0.044551747354007736 -0.052238697985937478 -0.051010400855710736 0.051638895158638648 0.047769318394624581 0.043610973814874422 -0.050317334331469891 0.04679647114248512 0.047897120759188186 -0.051244780409433879 -0.058318267813175617 0.039781629946942197 0.050395843798603304 0.012583143151168437 -0.051364894799548748 0.045492496871103044 0.047260168459882332 -0.050161135649911807 -0.057349438536642594 -0.057823962897700948 -0.051679177305045565
leaf_weight=0.2748628258705138 0.28743395365017654 0.1209291003178804 1.1683017887407903 3.0352542148903003 2.9104569670453202 0.92158830442349415 0.31920893810456696 36.393242426216602 0.29132344442768943 0.54095499962568283 0.22280075435992319 0.89900052538723663 0.34549244277877733 0.1685613984882347 0.28128526784712449 0.10871108132414509 1.9571171722200236 0.19000064907595515 0.51674282479507361 0.19013832380005624 1.3536559008061879 5.0959775201044977 1.4693667779210953 0.19473139249021176 0.63179647462675348 3.0357346832752219 5.6497480861435179 0.46543125528842211 0.61186101118801162 0.7426580486644524
leaf_count=2 774 234 22 29 37 32 151 412 657 5 165 599 2 10 45 237 38 2 702 66 17 52 24 77 9 30 16252 10 16 141
internal_value=0.0318865 -0.017542 -0.0310677 0.044126 0.0188831 -0.00556821 -0.039268 0.047152 0.0280626 0.00924852 -0.0237412 -0.034329 0.0109134 -0.0440389 -0.0038162 -0.046836 0.0358982 0.0121536 -0.0490722 -0.00846523 0.0487657 0.0415653 0.025625 0.0396336 0.0226727 0.0502119 -0.0510089 -0.0531728 -0.0548116 -0.0503375
internal_weight=70.3944 13.9715 10.7756 56.4229 6.03963 3.12918 9.6073 50.3832 3.1959 0.860164 2.20759 1.93272 0.568293 8.74714 0.568719 8.17842 2.90457 0.298712 7.87971 0.3587 47.348 7.919 2.82302 2.78365 0.826528 39.429 7.52101 1.36443 1.1286 6.39241
internal_count=20849 19438 18423 1411 847 810 18401 564 1015 156 778 776 167 18245 819 17426 358 239 17187 76 535 93 41 124 86 442 17111 609 718 16393
is_linear=0
shrinkage=0.05


Tree=93
num_leaves=31
num_cat=0
split_feature=7 7 3 1 4 0 2 2 7 3 0 7 7 3 7 4 1 0 0 7 4 2 2 2 7 3 2 0 0 2
split_gain=13.2768 2.2185 3.33578 2.10453 1.03538 0.98952 0.969339 1.27538 0.561897 0.488038 0.450769 0.394391 0.370805 0.260316 0.319195 0.358169 0.32817 0.317867 0.732141 0.25645 0.244953 0.270481 2.17841 0.207788 0.347342 0.179949 0.175884 0.402371 0.162719 0.113506
threshold=0.30996399644545392 0.59406677549667541 1.0000000180025095e-35 1.5000000000000002 1.0000000180025095e-35 167.80222277587788 4.5000000000000009 22.500000000000004 0.40129851081728674 1.5000000000000002 40.196002006575718 0.21821931409656012 0.31228261591571188 1.5000000000000002 0.76573366385537411 1.0000000180025095e-35 4.5000000000000009 157.91048069127996 44.818889972644932 0.38614249969323833 1.0000000180025095e-35 4.5000000000000009 21.500000000000004 21.500000000000004 0.41690257979900996 1.0000000180025095e-35 21.500000000000004 10.123476348527062 9.9243083918951296 1.0000000180025095e-35
decision_type=2 2 2 2 2 2 2 2 2 2 2 2 2 2 2 2 2 2 2 2 2 2 2 2 2 2 2 2 2 2
left_child=4 2 5 6 26 12 8 -8 -4 10 -10 -6 -2 14 15 16 17 18 -3 -7 21 -5 -23 29 -25 -13 -1 28 -28 -14
right_child=1 13 3 20 11 19 7 -9 9 -11 -12 25 23 -15 -16 -17 -18 -19 -20 -21 -22 22 -24 24 -26 -27 27 -29 -30 -31
leaf_value=-0.050299734493164119 0.039619636342156504 0.038880710923551241 -0.052329737470796479 0.043630135573858288 -0.050027052179424936 -0.051801321416868266 -0.054000581334652568 0.034320432450782055 0.029470173677475772 0.045155239821174809 -0.054634772300603256 -0.050142202021896287 -0.016826028586560352 0.04996712894942193 0.049818554018817025 0.047972175032002247 0.045434730037322048 0.041460436667328043 -0.017289139624232217 0.038175340818401446 0.049640248686750987 -0.051821109755385002 0.04624699984394863 -0.059648476207240432 0.023527486632823731 0.033139272813834705 -0.050034633407932176 -0.050660176203477306 0.050227235550980111 -0.052397380176724989
leaf_weight=4.5292214038199736 0.15752069113660017 1.0368236688373134 0.22263351085712502 6.2625690373970446 0.22188645662390605 0.088772485309163929 1.210095424292376 0.61723123484989617 0.38006482270429853 1.6707907164818607 0.27428586522000842 0.07139490736881271 0.26094659839873235 22.429919561604038 6.1780829690396786 3.0857226499938406 1.5183786824345586 0.97031799782416772 1.3170770235010421 0.73382470695651136 7.064999970025382 0.71123031526804004 2.7783237038820516 0.21681848683510896 0.29807025988702662 0.70889069585246034 0.051412534055998438 0.46531467139720917 0.19009031724999659 1.5953018552245337
leaf_count=14732 35 47 121 194 602 93 791 52 40 44 21 132 96 273 73 41 13 17 28 66 90 376 57 64 33 107 120 887 5 1599
internal_value=0.0317137 0.03881 0.0271836 0.0345138 -0.0377679 -0.0191701 0.00362218 -0.0241677 0.0235537 0.0308196 -0.00578431 0.0087928 -0.0346664 0.0466202 0.0412983 0.0346589 0.0261757 0.0173789 0.00745202 0.0284653 0.0425505 0.0374143 0.0262591 -0.0396014 -0.0114977 0.0255191 -0.0466796 -0.0234822 0.0288829 -0.0473969
internal_weight=67.318 61.0798 24.5435 21.1922 6.23821 3.35126 4.3751 1.82733 2.54777 2.32514 0.654351 1.00217 2.52866 36.5363 14.1064 7.92832 4.8426 3.32422 2.3539 0.822597 16.8171 9.75212 3.48955 2.37114 0.514889 0.780286 5.23604 0.706818 0.241503 1.85625
internal_count=20849 4264 3772 1786 16585 1986 1069 843 226 105 61 841 1827 492 219 146 105 92 75 159 717 627 433 1792 97 239 15744 1012 125 1695
is_linear=0
shrinkage=0.05


Tree=94
num_leaves=31
num_cat=0
split_feature=5 5 3 7 6 1 7 6 5 6 3 5 6 1 2 5 7 3 7 6 6 7 6 6 5 7 5 5 7 1
split_gain=15.5961 2.96892 1.98319 1.57451 1.39958 1.23036 0.881142 1.10397 0.959996 0.847005 0.759766 0.604079 0.426693 0.412362 0.794989 0.207622 0.451464 0.728126 0.17818 0.327713 0.297446 0.102931 0.185377 0.248829 0.0125037 0.00518961 0.00420941 0.00312629 0.000479715 0.000438189
threshold=0.55973067993470238 0.77692039150474768 1.0000000180025095e-35 0.4288708452381923 0.020781001596177493 3.5000000000000004 0.66759605958163371 0.014744368493971835 0.56609114701859709 0.0014486315633139484 1.0000000180025095e-35 0.44018887201575585 0.03718888413275865 2.5000000000000004 21.500000000000004 0.41572676676501963 0.62461637458143737 1.5000000000000002 0.52102862529569294 0.015034901598674556 0.050112893505481405 0.47492814856243182 0.00038102719225983141 0.07401519825186316 0.37703876156758848 0.52102862529569294 0.32671335553782699 0.56609114701859709 0.52102862529569294 6.5000000000000009
decision_type=2 2 2 2 2 2 2 2 2 2 2 2 2 2 2 2 2 2 2 2 2 2 2 2 2 2 2 2 2 2
left_child=3 2 12 4 10 6 7 8 -4 -5 26 13 27 14 -12 24 17 -17 19 -9 -21 22 -7 -24 -11 -10 -1 -2 -29 -3
right_child=1 29 5 9 -6 21 -8 18 25 15 11 -13 -14 -15 -16 16 -18 -19 -20 20 -22 -23 23 -25 -26 -27 -28 28 -30 -31
leaf_value=-0.060027798404244916 -0.057804685809441869 -0.05012913317605508 0.039738722526052581 0.020544775336040294 0.044676308157575319 0.050708195016481966 0.046096431511015598 0.048644162138347026 -0.050128202114396538 0.050415635719368426 -0.052688922011415167 -0.050843315746719846 0.047665496942273775 0.042763536200862595 0.039583282681589393 -0.0017043399786457526 0.050322872996291651 0.050553991720908131 0.047306801599991968 -0.051786831720251371 0.050496163503069583 0.044889368448026469 -0.051782001751829877 0.050504839809626473 0.046921179807007524 -0.055677926359225416 -0.051167464904340577 -0.05005581335934059 -0.051924774133003559 -0.053076488170739872
leaf_weight=0.19246630341513027 0.16854370337386892 4.4187586042098692 0.33742593359784345 2.8736919428920364 2.6796834622800816 0.23982671077828888 0.70250052213668812 0.26935718601453096 1.0010063507506854 33.065954133868217 0.44257453636964805 0.36410963551315934 0.11602276121266175 0.94749984878581017 0.49397239135578275 1.3292160036507985 4.6363553269766271 1.3370219618082047 0.4811866101808846 0.26381198262970429 0.097292639315128326 2.0795492306351662 0.14894610928604379 0.098959609866142273 2.7746903747320166 0.72730597230838601 0.44163910749193747 1.0915580940200014 0.50088804938422971 0.12981080287136126
leaf_count=10 44 12787 35 29 37 4 7 22 2572 412 54 291 4 14 6 28 52 13 6 132 1 17 93 1 30 37 435 3616 55 5
internal_value=0.0315042 -0.0177295 2.05979e-05 0.0437916 0.0186639 0.0131889 -0.00457872 -0.0157827 -0.0374029 0.0468287 -0.00552022 0.00811339 -0.04521 0.0195073 -0.00402086 0.0485794 0.0408952 0.0245013 0.0243935 0.00690537 -0.0242287 0.0400408 0.019368 -0.0109509 0.0501451 -0.0524636 -0.0538568 -0.0513291 -0.0506437 -0.0502132
internal_weight=64.4516 12.8728 8.32418 51.5789 5.56195 6.44717 3.87989 3.17739 2.06574 46.0169 2.88226 2.24816 1.87701 1.88405 0.936547 43.1432 7.30259 2.66624 1.11165 0.630462 0.361105 2.56728 0.487732 0.247906 35.8406 1.72831 0.634105 1.76099 1.59245 4.54857
internal_count=20849 19438 6646 1411 847 2927 2812 2805 2644 564 810 365 3719 74 60 535 93 41 161 155 133 115 98 94 442 2609 445 3715 3671 12792
is_linear=0
shrinkage=0.05


Tree=95
num_leaves=31
num_cat=0
split_feature=5 5 3 7 6 7 6 3 5 7 3 0 2 2 2 6 6 2 2 5 7 6 5 5 5 5 5 7 7 0
split_gain=14.7544 2.82875 1.88065 1.51047 1.31672 0.989383 0.872315 0.719588 0.571031 0.520986 0.807084 0.588094 0.52008 0.449728 0.706716 0.405268 0.272992 0.266415 0.5236 0.214796 0.456326 0.723502 0.0141759 0.00485899 0.003591 0.00268133 0.000675427 0.000413059 0.000340041 0.000265982
threshold=0.55973067993470238 0.77692039150474768 1.0000000180025095e-35 0.4288708452381923 0.020781001596177493 0.36280291763404598 0.0014486315633139484 1.0000000180025095e-35 0.44018887201575585 0.66759605958163371 1.5000000000000002 17.936749571185789 22.500000000000004 4.5000000000000009 21.500000000000004 0.03718888413275865 0.014744368493971835 21.500000000000004 4.5000000000000009 0.41572676676501963 0.62461637458143737 0.024248155883799551 0.37703876156758848 0.59185574037052913 0.32671335553782699 0.56609114701859709 0.66217129979670952 0.52102862529569294 0.40590577401962674 53.650649534595836
decision_type=2 2 2 2 2 2 2 2 2 2 2 2 2 2 2 2 2 2 2 2 2 2 2 2 2 2 2 2 2 2
left_child=3 2 15 4 7 12 -5 24 17 10 11 -7 -4 -12 23 25 -14 18 -9 22 21 -21 -8 -15 -1 -2 29 -27 -20 -13
right_child=1 -3 5 6 -6 9 19 8 -10 -11 13 26 16 14 -16 -17 -18 -19 28 20 -22 -23 -24 -25 -26 27 -28 -29 -30 -31
leaf_value=-0.059475637003846386 -0.057390811357947928 -0.050203130698667942 -0.050118199215286464 0.019787972303318448 0.044191213957762154 0.038000790502639277 0.05039521297916149 0.027802522730196278 -0.050803951270589953 0.048259790234878155 0.040220005766460204 -0.053355207347354307 -0.050384454933085965 -0.062280980967513701 0.035712888153817492 0.047361204452032256 0.049696171459686002 0.038165903575862858 -0.050848001600533647 -0.0022068231716271909 0.050283693720247852 0.050528767304474809 0.04659233283621269 -0.050722969662970498 -0.051112396892356561 -0.050053136341240957 -0.050700360072755891 -0.051830205074439153 -0.054175095251276131 -0.055687428572888768
leaf_weight=0.18473615875700433 0.16145062194845916 4.3275824946904322 0.81933816728997022 2.8354154792614272 2.5762772912858054 0.24054612928011954 31.465733990073204 0.58527837833389662 0.34661339985905204 1.4295967482030389 1.8300859582523119 0.25765863551350776 0.093071896015317179 0.16002587031107385 0.49189458915498108 0.11105577874695871 0.25434142875019461 0.91837318881880492 0.17888404306722805 1.3145830625435331 4.4135881047695875 1.2872533351182935 2.6575331613421431 0.21060793717333581 0.42054131871555001 1.0383763040299525 0.1577483391010901 0.4773068522918037 0.13456721976399422 0.23262471728958189
leaf_count=10 44 12792 2470 29 37 46 412 13 291 14 39 30 100 2 11 4 3 12 47 28 52 13 30 84 435 3616 108 55 2 20
internal_value=0.0313456 -0.0176627 1.56814e-05 0.0435613 0.0184638 0.0130867 0.0466121 -0.00547305 0.00800814 0.0227424 0.0125559 -0.0287636 -0.0283808 0.0261916 -0.00357351 -0.04514 0.0228846 0.0192266 -0.000126704 0.0484609 0.0404927 0.023884 0.050099 -0.0557133 -0.0536649 -0.0512653 -0.0535461 -0.0506128 -0.0522764 -0.0544618
internal_weight=61.6127 12.2933 7.96573 49.3194 5.34527 6.17754 43.9741 2.76899 2.16372 5.01079 3.58119 0.888578 1.16675 2.69261 0.862528 1.78819 0.347413 1.8171 0.89873 41.1387 7.01542 2.60184 34.1233 0.370634 0.605277 1.67713 0.648032 1.51568 0.313451 0.490283
internal_count=20849 19438 6646 1411 847 2927 564 810 365 354 340 204 2573 136 97 3719 103 74 62 535 93 41 442 86 445 3715 158 3671 49 50
is_linear=0
shrinkage=0.05


Tree=96
num_leaves=31
num_cat=0
split_feature=5 4 5 5 3 2 2 3 5 0 0 0 1 0 0 1 3 1 0 3 2 1 5 0 4 3 2 0 3 2
split_gain=13.9546 2.83583 1.47195 1.22184 1.39076 1.34282 1.20368 0.887513 0.645826 0.614635 0.465505 1.15001 0.41276 0.376382 0.300594 0.256395 0.337711 0.194019 0.17319 0.161941 0.249971 0.132197 0.117808 0.184464 0.108453 0.323931 0.0963886 0.152894 0.0697461 0.253599
threshold=0.55973067993470238 1.0000000180025095e-35 0.70479351897953746 0.37703876156758848 1.5000000000000002 4.5000000000000009 22.500000000000004 1.5000000000000002 0.77692039150474768 120.33106038563066 65.312757477349265 50.842225484572488 2.5000000000000004 75.094729121894062 45.303856759865774 3.5000000000000004 1.0000000180025095e-35 2.5000000000000004 26.257861822080589 1.0000000180025095e-35 3.5000000000000004 4.5000000000000009 0.58045833459580731 37.7151544159344 1.0000000180025095e-35 1.0000000180025095e-35 4.5000000000000009 49.345893572730809 1.5000000000000002 22.500000000000004
decision_type=2 2 2 2 2 2 2 2 2 2 2 2 2 2 2 2 2 2 2 2 2 2 2 2 2 2 2 2 2 2
left_child=3 2 7 19 5 10 -7 9 15 21 11 17 -11 14 18 16 -3 24 -9 20 -1 -2 -20 -24 25 -5 -6 -28 29 -18
right_child=1 8 -4 4 26 6 -8 13 -10 12 -12 -13 -14 -15 -16 -17 28 -19 22 -21 -22 -23 23 -25 -26 -27 27 -29 -30 -31
leaf_value=0.050172979840204947 -0.052224731073519784 -0.051136980423900302 -0.048075834477514429 -0.05209208087725628 0.048927233233728086 -0.054342310280722977 0.032936319822921466 -0.050110750510789184 -0.050053966776527806 -0.050700325882865709 0.045529437783261066 -0.052239176467311521 0.046478502793513315 0.042074321908915267 -0.059169091392787455 0.050218343511463828 -0.050766145049101645 0.048398197881808075 0.049590125630604373 0.049281011834677299 0.023009700966275495 -0.013752803015313448 0.027379534192233369 -0.052547893712991151 0.047225622685147475 0.030256198863542774 0.044979462626137806 0.012428235727944895 0.039301567670030901 0.038085350950368253
leaf_weight=1.8614641071762883 1.2635337422252617 0.15367261572100666 5.2645289632928325 0.1819086632895035 5.0095627874252386 1.1553649638517525 0.60027450567577023 0.097624118119711278 0.24441633335663926 0.15588991920230899 1.9404760598263235 0.52889572092681181 0.36536476097535342 0.87770290294429287 0.19424300987157039 1.3143719236541072 0.11358017497695982 0.88810456491773948 0.23038550237833988 31.224273726576939 1.5540634144563226 0.27122368027630717 0.24037887413578574 0.10316976938338485 0.17649978352710605 0.34765533611061983 1.200365660144598 0.51573295173875511 0.59603359362517949 0.27414452156517655
leaf_count=28 2200 187 15402 68 80 507 22 183 657 290 61 13 51 89 82 28 86 20 7 436 34 24 62 33 7 27 65 43 50 7
internal_value=0.0311629 -0.0175672 -0.0309584 0.0433084 0.0299383 0.0120405 -0.0245007 -0.00724075 0.0274507 -0.0294939 0.0278281 0.011649 0.0174156 0.0190011 -0.00438928 0.035177 0.0177959 0.0328452 0.0114554 0.0481503 0.0378137 -0.0454259 0.0219275 0.00337684 0.0132821 0.00196903 0.0454239 0.035197 0.0285638 0.0120572
internal_weight=58.9449 11.7603 9.06405 47.1846 12.5448 5.81918 1.75564 3.79952 2.69622 2.05601 4.06354 2.12306 0.521255 1.7435 0.865801 2.4518 1.13743 1.59417 0.671558 34.6398 3.41553 1.53476 0.573934 0.343549 0.706064 0.529564 6.72566 1.7161 0.983758 0.387725
internal_count=20849 19438 18423 1411 913 725 529 3021 1015 2565 196 135 341 456 367 358 330 122 285 498 62 2224 102 95 102 95 188 108 143 93
is_linear=0
shrinkage=0.05


Tree=97
num_leaves=31
num_cat=0
split_feature=5 4 7 7 5 3 5 3 7 0 4 5 5 7 5 5 0 7 7 2 7 3 5 0 7 5 7 0 5 2
split_gain=13.1958 2.67613 1.83998 1.55116 1.20161 0.914425 0.738171 1.21101 0.896208 0.688135 0.630099 0.829221 0.610312 0.43617 0.428273 0.414208 0.301065 0.29802 0.259778 0.17579 0.165596 0.133806 0.16238 0.238994 0.0140696 0.00501594 0.00261279 0.00242963 0.00165014 0.000173008
threshold=0.55973067993470238 1.0000000180025095e-35 0.66759605958163371 0.4288708452381923 0.44018887201575585 1.5000000000000002 0.37703876156758848 1.5000000000000002 0.71748051682258629 75.094729121894062 1.0000000180025095e-35 0.21661244440873653 0.77692039150474768 0.30996399644545392 0.56609114701859709 0.66217129979670952 65.312757477349265 0.2396101482698676 0.56968344794642389 21.500000000000004 0.52102862529569294 1.5000000000000002 0.62858558560514921 174.0001743894845 0.55258286185066441 0.58045833459580731 0.52102862529569294 276.25075634236902 0.66217129979670952 22.500000000000004
decision_type=2 2 2 2 2 2 2 2 2 2 2 2 2 2 2 2 2 2 2 2 2 2 2 2 2 2 2 2 2 2
left_child=3 2 5 4 10 26 -5 8 16 14 11 -1 17 27 -7 24 -8 -3 -17 25 -21 22 -19 -24 -11 -16 -2 29 -28 -13
right_child=1 12 -4 6 -6 9 7 -9 -10 15 -12 13 -14 -15 19 18 -18 21 -20 20 -22 -23 23 -25 -26 -27 28 -29 -30 -31
leaf_value=0.050545000375933416 -0.050173810724416651 -0.050083722699927502 0.034015499991982771 0.050362129057992394 -0.050851324347579843 0.049781394405191498 -0.015583018122452483 0.050457944060304585 0.042313512004390819 0.035125767382346247 0.050005784239847223 -0.050149884366176581 -0.050051347881341302 0.0047262507397556885 -0.06032676538752977 -0.05049768451873296 0.017400728861038415 0.037043920376865068 0.032361790804612975 -0.050125143848545786 0.040960885401219366 0.047925364895561297 -0.051498341154942617 0.048672443959318523 0.050627954489744997 -0.050678449980844212 -0.05466643276676008 -0.05932914067225184 -0.050752752329452783 -0.052795627948823087
leaf_weight=0.89957906305789892 4.144423972538787 0.098904120211955049 0.97446236840914924 29.598700698465109 0.58001346445234947 0.13287832503556307 1.6303505816031232 5.7397848665714264 1.9720890820026395 0.25050614154315531 1.6633980907499788 0.1555306558148003 0.23250786645803589 1.4735019278014077 0.15632516173354793 0.26461273443419486 1.2018154388060791 0.58553346956614416 0.14722045976668596 0.092958366527454817 0.10772132873535156 1.4203337990620639 0.14818435272900388 0.099545080345706083 0.35207078605890274 0.97407599071448203 0.60510968958260469 0.14282411220483482 0.48536867502843961 0.10251606022939086
leaf_count=9 15437 234 22 424 668 5 30 70 22 47 18 118 657 28 16 501 18 24 3 166 2 27 67 6 3 1977 29 3 215 3
internal_value=0.0309595 -0.0174337 -0.0307226 0.0430392 0.0168281 -0.0389013 0.0463153 0.0349553 0.0164339 -0.0138808 0.0256746 0.0110844 0.0272276 -0.00785422 -0.0358122 0.0177698 -0.00158653 0.0348654 -0.0208774 -0.0443568 -0.00123177 0.0385936 0.0226871 -0.0112467 0.0441833 -0.0520127 -0.0507468 -0.0540969 -0.0529245 -0.051201
internal_weight=56.4328 11.2727 8.68773 45.1601 5.01736 7.71327 40.1427 10.544 4.80426 2.47837 4.43735 2.77395 2.58501 1.87437 1.46396 1.01441 2.83217 2.3525 0.411833 1.33108 0.20068 2.2536 0.833263 0.247729 0.602577 1.1304 5.2349 0.400871 1.09048 0.258047
internal_count=20849 19438 18423 1411 847 18401 564 140 70 2720 179 161 1015 152 2166 554 48 358 504 2161 168 124 97 73 50 1993 15681 124 244 121
is_linear=0
shrinkage=0.05


Tree=98
num_leaves=31
num_cat=0
split_feature=7 7 3 1 4 0 2 2 7 3 0 7 7 3 7 4 1 1 2 1 4 1 3 2 7 2 7 0 0 3
split_gain=10.3154 1.85243 2.71033 1.77318 0.830558 0.782405 0.767191 1.04762 0.495078 0.382868 0.400269 0.307331 0.301851 0.283558 0.336809 0.370595 0.334422 0.334783 0.262953 0.444052 0.221433 0.226231 0.306148 0.903455 0.207558 0.164293 0.283371 0.13713 0.402044 0.137109
threshold=0.30996399644545392 0.59406677549667541 1.0000000180025095e-35 1.5000000000000002 1.0000000180025095e-35 167.80222277587788 4.5000000000000009 22.500000000000004 0.40129851081728674 1.5000000000000002 40.196002006575718 0.31228261591571188 0.21821931409656012 1.5000000000000002 0.76573366385537411 1.0000000180025095e-35 4.5000000000000009 3.5000000000000004 3.5000000000000004 2.5000000000000004 1.0000000180025095e-35 3.5000000000000004 1.5000000000000002 3.5000000000000004 0.38614249969323833 21.500000000000004 0.41690257979900996 10.123476348527062 9.9243083918951296 1.0000000180025095e-35
decision_type=2 2 2 2 2 2 2 2 2 2 2 2 2 2 2 2 2 2 2 2 2 2 2 2 2 2 2 2 2 2
left_child=4 2 5 6 27 11 8 -8 -4 10 -10 -2 -6 14 15 16 17 18 -3 -20 21 22 23 -5 -7 -13 -27 28 -1 -14
right_child=1 13 3 20 12 24 7 -9 9 -11 -12 25 29 -15 -16 -17 -18 -19 19 -21 -22 -23 -24 -25 -26 26 -28 -29 -30 -31
leaf_value=-0.050026910638287528 0.039325684352603273 0.03808037414329897 -0.05237189036022874 0.0411021540028223 -0.050022950733263682 -0.051562221606599283 -0.053428067828846362 0.033436906830089132 0.030595098329625831 0.044353227306070754 -0.053673806167854568 -0.047126243424759358 -0.050123016989159108 0.049801259822911149 0.049584176818850009 0.04762300866439971 0.044378558382973499 -0.019202044086510425 -0.027816647369493349 0.039873031840256805 0.049392102424670799 0.043677017200803428 0.037053508356934411 -0.052698242033764955 0.037384011572986625 -0.058606454202035009 0.022292031844806826 -0.050444338319842442 0.042142838724052875 0.030963335014506828
leaf_weight=0.42589676970965129 0.13203161802084995 1.212066524807599 0.202028256899215 0.66031055725761534 0.17572068254230533 0.073743261731578857 1.0256007960706481 0.52466346460278135 0.34232132876059007 1.3634794543031603 0.23950657830573618 1.5473108173755461 0.057157287068548612 17.609677975880913 4.8970067849149927 2.4405562431784347 1.2591405883431432 0.61596617230679829 0.52859404562332191 0.44731918652541935 5.6585453485313337 4.532353661081288 2.2350999454065459 0.41998152493033558 0.59308654122287408 0.19011886505177233 0.2513635860523209 3.5777289143006783 0.16382464118942153 0.59305764082819223
leaf_count=1730 35 25 121 75 602 93 791 52 40 44 21 1695 132 273 73 41 13 8 43 16 90 108 176 268 66 64 33 13950 64 107
internal_value=0.0307773 0.0377537 0.0260429 0.0334536 -0.0376839 -0.0196925 0.00277464 -0.0240299 0.0221261 0.0298631 -0.00409378 -0.0345458 0.00812179 0.0458238 0.0396802 0.0322228 0.0229725 0.0133599 0.0225268 0.00320957 0.0418526 0.0364163 0.0264904 0.00463569 0.0275476 -0.0394499 -0.0125459 -0.046762 -0.0244221 0.0238354
internal_weight=53.9953 49.0019 19.9915 17.2039 4.99339 2.78765 3.6976 1.55026 2.14734 1.94531 0.581828 2.12082 0.825936 29.0103 11.4006 6.50364 4.06309 2.80395 2.18798 0.975913 13.5063 7.84775 3.31539 1.08029 0.66683 1.98879 0.441482 4.16745 0.589721 0.650215
internal_count=20849 4264 3772 1786 16585 1986 1069 843 226 105 61 1827 841 492 219 146 105 92 84 59 717 627 519 343 159 1792 97 15744 1794 239
is_linear=0
shrinkage=0.05


Tree=99
num_leaves=31
num_cat=0
split_feature=5 4 7 7 5 3 5 3 7 0 4 5 5 7 5 5 0 7 7 2 7 3 5 0 7 5 7 0 5 5
split_gain=12.1324 2.40745 1.64668 1.4467 1.10471 0.818608 0.747482 1.17905 0.817105 0.622575 0.580436 0.75321 0.555095 0.39723 0.390661 0.384314 0.274189 0.267267 0.231995 0.159651 0.150129 0.134151 0.148633 0.221761 0.0154882 0.00364828 0.00212989 0.00179325 0.00133554 0.000158612
threshold=0.55973067993470238 1.0000000180025095e-35 0.66759605958163371 0.4288708452381923 0.44018887201575585 1.5000000000000002 0.37703876156758848 1.5000000000000002 0.71748051682258629 75.094729121894062 1.0000000180025095e-35 0.21661244440873653 0.77692039150474768 0.30996399644545392 0.56609114701859709 0.66217129979670952 65.312757477349265 0.2396101482698676 0.56968344794642389 21.500000000000004 0.52102862529569294 1.5000000000000002 0.62858558560514921 174.0001743894845 0.55258286185066441 0.58045833459580731 0.52102862529569294 276.25075634236902 0.66217129979670952 0.59185574037052913
decision_type=2 2 2 2 2 2 2 2 2 2 2 2 2 2 2 2 2 2 2 2 2 2 2 2 2 2 2 2 2 2
left_child=3 2 5 4 10 26 -5 8 16 14 11 -1 17 27 -7 24 -8 -3 -17 25 -21 22 -19 -24 -11 -16 -2 -13 -28 -27
right_child=1 12 -4 6 -6 9 7 -9 -10 15 -12 13 -14 -15 19 18 -18 21 -20 20 -22 -23 23 -25 -26 29 28 -29 -30 -31
leaf_value=0.050498344342602267 -0.050159270068689137 -0.050083227754964689 0.032132150297684348 0.050328963636583068 -0.050843435244336682 0.049636706281743215 -0.0152476170526613 0.050415684776375647 0.041511809798486676 0.033683407568632313 0.049851003715532881 -0.051087704718685727 -0.050051092034303607 0.0046882222933579132 -0.059231452691620702 -0.050484208195685637 0.016848661263878777 0.035468700625953246 0.0298838543327631 -0.050122972757845489 0.039395337928720089 0.047535950197676632 -0.051465403136708401 0.048389915739058209 0.050568894959371752 -0.053036893403334784 -0.054329367292884713 -0.058371040287795953 -0.050702370865841943 -0.050507959599400076
leaf_weight=0.8237092718482012 3.767031112656694 0.090572921821148955 0.92101292347069819 26.907922472804785 0.53916404048504762 0.12133389629889313 1.5794432725524514 5.2117604203522205 1.8222276642918585 0.23607041031937104 1.5171166770160196 0.23416154613369133 0.215974534919951 1.4171624173177404 0.1448291750566566 0.24816931440727785 1.1497834435431284 0.55284373604808945 0.14070640038698912 0.086981338565237709 0.10147824883460999 1.2963725230656564 0.14121347860782407 0.091710813372628763 0.31974261999130249 0.066876477532787248 0.57412977550120536 0.13223936595022678 0.45490938735019881 0.85056015456211753
leaf_count=9 15437 234 22 424 668 5 30 70 22 47 18 121 657 28 16 501 18 24 3 166 2 27 67 6 3 19 29 3 215 1958
internal_value=0.0305373 -0.0176718 -0.0307752 0.0426932 0.0164628 -0.0389208 0.046029 0.0341781 0.0155848 -0.0145151 0.0252614 0.0109533 0.0263983 -0.00730995 -0.0360223 0.0167218 -0.00172592 0.0339976 -0.0214047 -0.0443322 -0.0019208 0.0376551 0.0213535 -0.0121487 0.0433971 -0.0518565 -0.05071 -0.0537164 -0.052726 -0.0506923
internal_weight=51.7572 10.4225 8.03383 41.3347 4.66355 7.11282 36.6711 9.76321 4.55145 2.31675 4.12439 2.60727 2.38869 1.78356 1.37206 0.944689 2.72923 2.17271 0.388876 1.25073 0.18846 2.08214 0.785768 0.232924 0.555813 1.06227 4.79607 0.366401 1.02904 0.917437
internal_count=20849 19438 18423 1411 847 18401 564 140 70 2720 179 161 1015 152 2166 554 48 358 504 2161 168 124 97 73 50 1993 15681 124 244 1977
is_linear=0
shrinkage=0.05


Tree=100
num_leaves=31
num_cat=0
split_feature=5 5 6 3 3 5 1 1 6 6 2 3 5 0 5 0 6 1 1 2 1 2 2 0 6 1 0 2 2 2
split_gain=11.4747 2.246 1.48601 1.46471 1.4208 1.92112 0.936652 0.814145 1.01962 0.659321 0.6651 0.554611 0.553725 0.44235 0.331299 0.322816 0.319908 0.278458 0.167919 0.425046 0.15297 0.405349 1.0134 0.122364 0.217442 0.393595 0.116788 0.102211 0.410242 0.0588864
threshold=0.55973067993470238 0.77692039150474768 0.0095390916651275706 1.0000000180025095e-35 1.5000000000000002 0.26969689915409245 3.5000000000000004 4.5000000000000009 0.0011815453701358128 0.014744368493971835 3.5000000000000004 1.0000000180025095e-35 0.44018887201575585 250.21386734161678 0.60657807696387767 9.6949651946421227 0.03718888413275865 3.5000000000000004 1.5000000000000002 2.5000000000000004 1.5000000000000002 4.5000000000000009 21.500000000000004 88.1030753554423 0.0075972280709903422 6.5000000000000009 46.263533116780408 2.5000000000000004 21.500000000000004 5.5000000000000009
decision_type=2 2 2 2 2 2 2 2 2 2 2 2 2 2 2 2 2 2 2 2 2 2 2 2 2 2 2 2 2 2
left_child=2 3 4 16 5 -1 9 8 17 10 14 13 -13 -10 -5 -16 -2 -7 19 -6 21 -4 -23 24 25 -8 -21 -11 -29 -20
right_child=1 -3 20 6 18 7 23 -9 11 27 -12 12 -14 -15 15 -17 -18 -19 29 26 -22 22 -24 -25 -26 -27 -28 28 -30 -31
leaf_value=0.0484496423698128 -0.051037907603997956 -0.050178757172558368 0.049227962345542574 0.028935368945196317 0.047507371374500451 -0.055429764905717771 -0.052949439003800669 0.048816292075768819 -0.054119121844521091 0.045600719523769463 -0.051527802983561605 0.029364836546774312 -0.051696017828560661 0.047245345047713848 0.041637595542008993 -0.051926123949976692 0.047013828985203301 -0.12330356819621176 0.050221992814343801 -0.054122379850083217 0.049845627129287889 -0.056317330536705894 0.047677420858448574 0.050234723844498799 0.044915549768154948 0.05088623873757743 0.014188835618459288 -0.051419981765210759 0.04153537531799769 0.038607870868131389
leaf_weight=1.7971213567070643 1.344485723937394 3.4517369734530803 2.7138586790533767 0.63153092245920628 0.54903252905933175 0.3965741614665611 0.19555241694615721 0.41878538916353125 0.75768320242059428 0.45178463841148164 0.96760587612516236 0.98453944420907646 0.26802759457495995 0.1254508649581112 0.126394045248162 0.34065981330059003 0.088673230493441113 0.24413625687884632 3.5420835382537916 0.17109076021006331 24.863911944950814 0.35338540184602585 0.69492931623244658 1.0794450342364141 0.56720611605851445 0.1711280345916748 0.098641236254479736 0.1694088699441636 0.39649388098041527 1.5774398070498135
leaf_count=26 3715 12792 60 42 16 149 67 9 286 18 2188 36 138 10 37 382 4 9 55 32 448 49 17 20 27 1 27 130 15 44
internal_value=0.030347 -0.0175565 0.0424354 -0.00031352 0.0267524 0.00709195 0.0122427 -0.0161695 -0.0259717 -0.00507549 -0.0213008 -0.00937552 0.0120192 -0.0397201 0.00532247 -0.0266059 -0.0449712 -0.0812924 0.043281 0.0222565 0.0484239 0.0390276 0.0126209 0.0387694 0.0255171 -0.00448982 -0.0291409 0.0278663 0.0137082 0.0466434
internal_weight=49.5388 9.98211 39.5567 6.53037 10.9306 4.99232 5.09721 3.1952 2.77641 3.08388 2.06619 2.1357 1.25257 0.883134 1.09858 0.467054 1.43316 0.64071 5.93829 0.818765 28.6261 3.76217 1.04831 2.01333 0.933887 0.36668 0.269732 1.01769 0.565903 5.11952
internal_count=20849 19438 1411 6646 837 663 2927 637 628 2812 2649 470 174 296 461 419 3719 158 174 75 574 126 66 115 95 68 59 163 145 99
is_linear=0
shrinkage=0.05


Tree=101
num_leaves=31
num_cat=0
split_feature=5 4 6 3 5 5 1 6 3 3 5 5 4 1 1 2 6 6 1 2 1 3 6 1 2 6 2 1 2 2
split_gain=10.8751 2.16682 1.44994 1.34765 1.81544 1.17975 0.763541 0.933587 0.688584 0.524412 0.517232 0.497627 0.412612 0.375373 0.286643 0.391285 0.284169 0.267897 0.214508 0.205533 0.32284 0.17047 0.19217 0.160263 0.401176 0.159907 0.223789 0.147927 0.386126 0.958347
threshold=0.55973067993470238 1.0000000180025095e-35 0.0095390916651275706 1.5000000000000002 0.26969689915409245 0.70479351897953746 4.5000000000000009 0.0011815453701358128 1.5000000000000002 1.0000000180025095e-35 0.44018887201575585 0.77692039150474768 1.0000000180025095e-35 6.5000000000000009 1.5000000000000002 3.5000000000000004 0.07401519825186316 0.0031095467360047848 3.5000000000000004 1.5000000000000002 2.5000000000000004 1.0000000180025095e-35 0.03718888413275865 1.5000000000000002 2.5000000000000004 0.024248155883799551 2.5000000000000004 1.5000000000000002 4.5000000000000009 21.500000000000004
decision_type=2 2 2 2 2 2 2 2 2 2 2 2 2 2 2 2 2 2 2 2 2 2 2 2 2 2 2 2 2 2
left_child=2 5 3 4 -1 8 7 18 13 12 -11 17 -9 16 15 -10 19 -3 -6 20 -2 22 -19 24 -5 -7 -27 28 -4 -30
right_child=1 11 27 23 6 25 -8 9 14 10 -12 -13 -14 -15 -16 -17 -18 21 -20 -21 -22 -23 -24 -25 -26 26 -28 -29 29 -31
leaf_value=0.048243810180268194 -0.05286357113911451 -0.050291705239047108 0.049095729770733246 0.047190956230827308 -0.055172367515934587 -0.050242982668860396 0.048543513277191724 -0.053933679624608821 0.032999582630596484 0.028384292883868692 -0.051613423940536231 -0.050046246770610009 0.045512456151365441 0.050700993001927187 0.034859401666877128 -0.054448308155143926 0.050457880040764763 -0.051164077054142471 -0.11493483757768307 -0.051720008701399506 0.042518801162386516 0.042509944949614048 0.050415754875570817 0.046313244308707605 -0.028580513044150394 0.043724351272738271 -0.050379024661250216 0.049781105373758454 -0.055990319170566828 0.047409770931180782
leaf_weight=1.7165876912185902 0.18888390496431195 0.090944484400097614 2.588283195058469 0.52567081252345804 0.37894849896838501 3.9599749655899359 0.40054390204022627 0.72152169395121757 0.24980190122732893 0.96805263005080633 0.25535343446244951 0.19541487464448426 0.1219322380493395 0.13634911179542553 0.92392229463439435 0.26217233583156485 0.089921802282333263 0.10810020240023699 0.24868749415327329 1.1096119077556066 0.16728128243994433 1.7191158048080979 0.081785179674625397 4.9038279204396531 0.26163246619398706 0.11157631143578317 0.14565046949428506 23.68118003179552 0.33806419707252622 0.66467671399004757
leaf_count=26 230 152 60 16 149 15274 9 287 42 36 138 657 9 1 152 262 1 115 9 2285 48 90 1 99 59 20 108 448 49 17
internal_value=0.0302214 -0.0174768 0.0422681 0.0264828 0.0070041 -0.0305039 -0.0158685 -0.0254435 -0.00723652 -0.00922513 0.0116869 0.0261089 -0.0395574 -0.0288475 0.0182297 -0.0117808 -0.0358195 0.03355 -0.078852 -0.0411124 -0.00806502 0.0375442 -0.00741282 0.0429513 0.022011 -0.0477615 -0.00956015 0.0483471 0.0388907 0.0125495
internal_weight=47.3155 9.54051 37.775 10.5028 4.81163 7.34515 3.09504 2.6945 3.12794 2.06686 1.22341 2.19536 0.843454 1.69205 1.4359 0.511974 1.5557 1.99995 0.627636 1.46578 0.356165 1.909 0.189885 5.69113 0.787303 4.2172 0.257227 27.2722 3.59102 1.00274
internal_count=20849 19438 1411 837 663 18423 637 628 3021 470 174 1015 296 2565 456 304 2564 358 158 2563 278 206 116 174 75 15402 128 574 126 66
is_linear=0
shrinkage=0.05


Tree=102
num_leaves=31
num_cat=0
split_feature=7 6 3 1 6 6 7 1 0 1 2 3 3 6 7 6 3 1 1 7 3 0 2 1 1 7 2 7 2 7
split_gain=8.43934 2.09652 1.48083 1.12347 1.30379 1.11256 0.953214 0.671926 0.55309 0.445827 0.893617 0.40831 0.383035 0.334438 0.316029 0.642674 0.500025 0.417516 0.259772 0.243459 0.210109 0.17384 0.438212 0.169193 0.16625 0.119665 0.105063 0.143925 0.181407 0.0995117
threshold=0.35963692606151626 0.010234575731995951 1.5000000000000002 4.5000000000000009 0.0011815453701358128 0.014744368493971835 0.66759605958163371 4.5000000000000009 24.991252444178709 1.5000000000000002 3.5000000000000004 1.0000000180025095e-35 1.0000000180025095e-35 0.07401519825186316 0.55258286185066441 0.024248155883799551 1.5000000000000002 2.5000000000000004 5.5000000000000009 0.21821931409656012 1.0000000180025095e-35 22.021907444659572 3.5000000000000004 3.5000000000000004 3.5000000000000004 0.56968344794642389 21.500000000000004 0.4582492326650574 4.5000000000000009 0.30996399644545392
decision_type=2 2 2 2 2 2 2 2 2 2 2 2 2 2 2 2 2 2 2 2 2 2 2 2 2 2 2 2 2 2
left_child=5 2 3 4 24 7 8 29 12 10 -4 13 -6 -7 15 16 17 -3 -9 -13 -19 22 -14 -10 -2 26 27 28 -11 -1
right_child=1 14 9 -5 6 11 -8 18 23 25 -12 19 21 -15 -16 -17 -18 20 -20 -21 -22 -23 -24 -25 -26 -27 -28 -29 -30 -31
leaf_value=-0.050108620896866699 -0.054520180225336716 -0.053921314666677579 0.038102737724475443 0.042766249761927388 -0.051084796108274481 -0.052841792653336966 0.0360754884457175 0.033607181797315054 -0.051999538411627681 0.023426904086986524 -0.053695220092336564 -0.050053704652787905 0.04009871016558781 0.050520060864269502 0.049197533436877071 0.048115863285764546 0.037873545505978254 -0.0225277875107519 -0.051776486892980637 0.036339733215140356 0.033225122897479108 0.048035030956211228 -0.05372075023582909 -0.012839753110128563 -0.1063076088669202 0.049459525538450698 0.049434164971165449 0.035584198006514474 -0.052038600703486863 -0.029165777579770725
leaf_weight=3.1179784460255173 0.38609205994725737 0.35718010104028775 0.87206784571753793 1.3329787052934987 0.21802504255902089 0.33752266493684135 1.3072820794186553 0.39977062153047871 0.8693078546784816 0.25532062062120564 0.38090489448222797 0.089373859213082829 0.32275527737510856 0.10188192874193192 20.620184064377099 4.1025290496763773 1.1311905174952699 0.2712355723924702 0.11462155102344695 0.93106778409855906 0.44826409997767769 0.38841669000976253 0.202583826467162 0.40402698545949534 0.25888381364347879 3.2228627502918243 0.79196895414497692 1.1820137225440701 0.11572950486151967 0.69333774202095799
leaf_count=15503 385 166 48 29 275 544 28 157 804 20 170 285 28 1 394 81 51 37 35 136 16 24 101 33 18 55 13 38 56 1318
internal_value=0.0300718 0.038344 0.0214312 0.00259807 -0.00968991 -0.0263217 0.0017101 -0.0390592 -0.0169689 0.0371429 0.0101961 0.0114211 0.00846362 -0.0288759 0.0462012 0.0364102 0.0146593 -0.00973022 0.0145812 0.0287731 0.0122075 0.0226721 0.00391959 -0.0395742 -0.0753069 0.0432069 0.0346137 0.0270562 -0.000110578 -0.0462988
internal_weight=45.2274 39.4418 12.5112 5.69035 4.35737 5.78555 3.7124 4.32571 2.40512 6.82087 1.25297 1.45985 1.13178 0.439405 26.9306 6.3104 2.20787 1.07668 0.514392 1.02044 0.7195 0.913756 0.525339 1.27333 0.644976 5.5679 2.34503 1.55306 0.37105 3.81132
internal_count=20849 2870 2125 1725 1696 17979 1293 17013 1265 400 218 966 428 545 745 351 270 219 192 421 53 153 129 837 403 182 127 114 76 16821
is_linear=0
shrinkage=0.05


Tree=103
num_leaves=31
num_cat=0
split_feature=5 4 7 7 5 5 3 7 3 4 5 0 5 5 7 5 1 3 1 7 7 5 7 1 5 7 1 1 5 7
split_gain=10.042 1.97935 1.37178 1.35242 0.956764 0.697915 1.04954 0.67785 0.673608 0.535056 0.660246 0.506546 0.448315 0.335693 0.334269 0.325395 0.231204 0.240362 0.225759 0.189866 0.0806195 0.191594 0.0284388 0.0272856 0.0759046 0.193371 0.0205171 0.00199568 0.00197715 0.00135736
threshold=0.55973067993470238 1.0000000180025095e-35 0.4288708452381923 0.66759605958163371 0.44018887201575585 0.37703876156758848 1.5000000000000002 0.71748051682258629 1.5000000000000002 1.0000000180025095e-35 0.21661244440873653 75.094729121894062 0.77692039150474768 0.56609114701859709 0.30996399644545392 0.66217129979670952 3.5000000000000004 1.0000000180025095e-35 3.5000000000000004 0.56968344794642389 0.71748051682258629 0.69334968980408174 0.39569486501867601 1.5000000000000002 0.70273297496554976 0.52102862529569294 3.5000000000000004 1.5000000000000002 0.58045833459580731 0.48560542529687939
decision_type=2 2 2 2 2 2 2 2 2 2 2 2 2 2 2 2 2 2 2 2 2 2 2 2 2 2 2 2 2 2
left_child=2 3 4 8 9 -4 7 18 29 10 -1 13 16 -10 -12 26 17 -3 -7 -17 21 22 -19 28 25 -25 27 -13 -15 -2
right_child=1 12 5 -5 -6 6 -8 -9 11 -11 14 15 -14 23 -16 19 -18 20 -20 -21 -22 -23 -24 24 -26 -27 -28 -29 -30 -31
leaf_value=0.050412985498530509 -0.050086792076009301 -0.051012962411664468 0.050271435285134891 0.030160233735485688 -0.050826159583967127 -0.015844879421553663 0.050343446430421185 0.040704116718826316 0.049443302572595244 0.049607563884945104 -0.053010128341765821 0.034336885004798812 -0.050044925580479072 -0.057423447645853679 0.0033547934941636232 -0.050462185534583065 0.049982614489587684 0.017754021030096486 0.014760262926495616 0.027409186597588071 0.050402929032391491 -0.050792677748216622 0.043127654676921687 -0.051644196220827977 -0.05071715992661352 0.050390609334675145 0.050745418525743193 0.02421624608980388 -0.050273572355510346 -0.052184066529880641
leaf_weight=0.68317187204956953 2.9606981360993796 0.12064282955543626 22.195673093199733 0.80652052583172906 0.48970133626426093 1.3109127568313841 4.3014571964740753 1.5319936759769914 0.10495943191926915 1.2790469545871022 0.33134002654696804 0.10461836548347481 0.17858838403481048 0.12410728124086723 1.2760136712458914 0.21530946646817029 0.95751151459990069 0.27633916282502469 1.1151108685880897 0.1229901472106576 0.22083490341901779 0.092990536359138787 0.18393202166771516 0.11716984446684364 0.32536309807619546 0.076915010809898376 0.27865718305110931 0.091147486848058179 0.43767800822388381 1.043344651807274
leaf_count=9 15278 187 424 22 668 38 70 22 5 18 124 32 657 14 28 501 28 59 10 3 3 76 5 114 596 1 2 16 1436 403
internal_value=0.0298365 -0.017711 0.042015 -0.0306315 0.0147115 0.0456542 0.0332463 0.0146656 -0.0387991 0.0237024 0.0092368 -0.0150939 0.0256117 -0.0359281 -0.00826428 0.0153142 0.0329063 0.014632 -0.00177736 -0.0221517 0.0248628 0.0146684 0.0278937 -0.0442154 -0.0359552 -0.0112082 0.0420302 0.0296248 -0.0518531 -0.0506333
internal_weight=43.3547 8.84032 34.5144 6.80948 4.05927 30.4551 8.25947 3.95802 6.00296 3.56957 2.29053 1.99892 2.03084 1.18619 1.60735 0.812723 1.85225 0.894739 2.42602 0.3383 0.774097 0.553262 0.460271 1.08123 0.519448 0.194085 0.474423 0.195766 0.561785 4.00404
internal_count=20849 19438 1411 18423 847 564 140 70 18401 179 161 2720 1015 2166 152 554 358 330 48 504 143 140 64 2161 711 115 50 48 1450 15681
is_linear=0
shrinkage=0.05


Tree=104
num_leaves=31
num_cat=0
split_feature=5 4 6 3 5 5 3 6 3 0 5 6 5 0 6 2 3 0 6 6 3 6 6 0 4 2 0 2 2 5
split_gain=9.49697 1.87066 1.37603 1.21695 1.61157 1.0336 0.587068 0.497726 0.579383 0.43575 0.423668 0.405984 0.396958 0.376657 0.307435 0.271606 0.257428 0.249959 0.504677 0.23616 0.154287 0.169291 0.138156 0.210027 0.118553 0.142372 0.179144 0.316224 0.0874698 0.223806
threshold=0.55973067993470238 1.0000000180025095e-35 0.0095390916651275706 1.5000000000000002 0.26969689915409245 0.70479351897953746 1.5000000000000002 0.00082644374790450379 1.0000000180025095e-35 120.33106038563066 0.77692039150474768 2.2177784987826841e-05 0.44018887201575585 250.21386734161678 0.07401519825186316 7.5000000000000009 1.0000000180025095e-35 75.094729121894062 0.010760764151715542 0.0031095467360047848 1.0000000180025095e-35 0.03718888413275865 0.024248155883799551 142.43913000854596 1.0000000180025095e-35 4.5000000000000009 78.256012798762427 21.500000000000004 4.5000000000000009 0.37703876156758848
decision_type=2 2 2 2 2 2 2 2 2 2 2 2 2 2 2 2 2 2 2 2 2 2 2 2 2 2 2 2 2 2
left_child=2 5 3 4 -1 6 9 11 13 14 19 -6 15 -9 -2 -10 -11 18 -8 -3 21 -21 -7 -24 25 -5 27 -27 -4 -30
right_child=1 10 28 24 7 22 17 8 12 16 -12 -13 -14 -15 -16 -17 -18 -19 -20 20 -22 -23 23 -25 -26 26 -28 -29 29 -31
leaf_value=0.047864532339020771 -0.051826161738957148 -0.050276670874383068 0.049958590155655277 0.043616669312395891 0.049769310244427059 -0.050235545672829618 -0.053516002271155251 -0.053455239153676906 0.042317549046827177 -0.050776515815531088 -0.050042744801802375 -0.094625003397866433 -0.051427456230517338 0.046950969601477849 0.050402137390351813 -0.0019762265184104003 0.041337046134700406 0.039097897291639983 0.035328798699145979 -0.051122921882634988 0.04162562776671018 0.050357987089494793 -0.05035710625084111 0.045745866310911765 0.050370404420179551 -0.052714461212402156 0.047239760071111615 0.027282564701374135 0.047734220541404776 0.023553788569881995
leaf_weight=1.5121793233556653 1.038620533865467 0.081987851648591348 17.603713564487411 1.6794764297665099 0.058120050816797053 3.4819710245647006 0.29180453412118368 0.7588554161193316 0.67742178402841069 0.10328850746736873 0.16988574243441679 0.29970230245089624 0.22861562135221913 0.10651411945582367 0.079149268567561992 0.70761045248946175 0.28550771389564034 0.64895517881086562 0.35345085784501862 0.098373585045919421 1.5270688493619673 0.070583269000053406 0.13733405276434485 0.097010447410866618 2.396622933447361 0.1811749471380607 0.35113827284658328 0.38828883547103032 4.8900833489606148 1.1897634653723796
leaf_count=26 2223 152 372 46 3 15274 306 320 12 252 657 115 146 10 1 31 89 89 61 115 90 1 119 9 39 57 23 9 100 102
internal_value=0.0296523 -0.017598 0.041762 0.0255158 0.00617621 -0.0304483 -0.00751129 -0.0160458 -0.00808891 -0.0287283 0.025395 -0.0711715 0.00961258 -0.0410967 -0.0445874 0.0196879 0.0168659 0.017187 -0.00484958 0.0326029 0.0366094 -0.00872835 -0.0477345 -0.0105738 0.0423485 0.0349543 0.0191512 0.0018315 0.0481728 0.0430024
internal_weight=41.4943 8.46499 33.0293 9.34572 4.34902 6.51709 2.80078 2.83684 2.47902 1.50657 1.9479 0.357822 1.61365 0.86537 1.11777 1.38503 0.388796 1.29421 0.645255 1.77801 1.69603 0.168957 3.71632 0.234345 4.9967 2.60008 0.920602 0.569464 23.6836 6.07985
internal_count=20849 19438 1411 837 663 18423 3021 637 519 2565 1015 118 189 330 2224 43 341 456 367 358 206 116 15402 128 174 135 89 66 574 202
is_linear=0
shrinkage=0.05


Tree=105
num_leaves=31
num_cat=0
split_feature=5 5 7 3 5 1 5 3 4 7 4 5 7 5 2 5 2 2 3 2 2 5 7 1 7 4 7 3 7 5
split_gain=8.98379 1.77258 1.34527 1.13803 0.866652 0.755491 0.703686 1.02411 0.660802 0.534749 0.516671 0.617301 0.429958 0.3222 0.327195 0.275441 0.231135 0.294388 0.380367 0.128188 0.18943 0.118481 0.11787 0.117221 0.141903 0.0986041 0.16732 0.24569 0.064842 0.165937
threshold=0.55973067993470238 0.77692039150474768 0.4288708452381923 1.0000000180025095e-35 0.44018887201575585 3.5000000000000004 0.37703876156758848 1.5000000000000002 1.0000000180025095e-35 0.66759605958163371 1.0000000180025095e-35 0.21661244440873653 0.62461637458143737 0.41572676676501963 4.5000000000000009 0.56609114701859709 21.500000000000004 2.5000000000000004 1.5000000000000002 22.500000000000004 21.500000000000004 0.5964003587368395 0.52102862529569294 4.5000000000000009 0.56968344794642389 1.0000000180025095e-35 0.66759605958163371 1.5000000000000002 0.56968344794642389 0.70034707084196135
decision_type=2 2 2 2 2 2 2 2 2 2 2 2 2 2 2 2 2 2 2 2 2 2 2 2 2 2 2 2 2 2
left_child=2 3 4 23 10 9 -4 8 12 15 11 -1 -8 14 -13 -5 17 18 -17 20 -15 -18 -23 -2 -25 26 27 -7 29 -20
right_child=1 -3 6 5 -6 25 7 -9 -10 -11 -12 13 -14 19 -16 16 21 -19 28 -21 -22 22 -24 24 -26 -27 -28 -29 -30 -31
leaf_value=0.050375208648543002 -0.05083405682689407 -0.050156172178788164 0.050245951762939479 0.036144298329376212 -0.050769618619726176 -0.05225279500146035 -0.023470330919668887 0.050312872494343457 0.047300632530135216 0.043332237707586346 0.049439969934575209 0.014152571703567414 0.017192071699637317 -0.05063830529783564 -0.042474491220638885 -0.052461387681716411 0.038481851118211924 -0.051302283075074728 0.037425874292483008 0.051310878864321577 0.047602610357485274 -0.050369562910681176 0.025848969273621181 -0.051535074805584086 0.050340410251676432 0.050304331876910302 0.050413537157564581 0.028753971150672686 0.050396133088073752 -0.051365181309474144
leaf_weight=0.62126322463155181 1.0088487864049946 2.7455213306893711 20.125714994966987 0.22467907422105859 0.45907803030422645 0.13154567462333921 1.0978281575953581 3.9190242774784565 1.0546262599527838 0.458820295985788 1.1615554969757793 0.39126444829162188 1.5940421684645114 0.10059425359941077 0.73296264986856841 0.2681690097087992 0.19998026834218752 0.83090987829200458 0.16236275728442706 0.24895139038562775 0.095797388989012688 0.11133214447181672 0.093178575858473778 0.069606681208824628 0.067163735628128052 0.8043045551457908 0.37682272121310234 0.32450673851417378 0.15179877728223801 0.077849002322182059
leaf_count=9 3674 12792 424 36 668 63 35 70 16 7 18 22 19 53 71 226 19 2203 41 1 5 195 2 44 1 15 5 32 2 81
internal_value=0.0294698 -0.017484 0.0415154 -0.000754397 0.0136592 0.0112529 0.0453357 0.032444 0.0137523 -0.00561021 0.0224822 0.00818942 0.000608684 -0.00850846 -0.0227666 -0.0162013 -0.0224057 -0.0314992 -0.00657489 0.0274849 -0.00271761 0.0111163 -0.0156431 -0.0449451 -0.00150716 0.0378176 0.0257592 0.00538804 0.0248154 0.00865003
internal_weight=39.7101 8.1074 31.6027 5.36188 3.81147 4.21626 27.7912 7.66552 3.7465 2.57908 3.35239 2.19083 2.69187 1.56957 1.12423 2.12026 1.89558 1.49109 0.66018 0.445343 0.196392 0.404491 0.204511 1.14562 0.13677 1.63718 0.832875 0.456052 0.392011 0.240212
internal_count=20849 19438 1411 6646 847 2927 564 140 70 2812 179 161 54 152 93 2805 2769 2553 350 59 58 216 197 3719 45 115 100 95 124 122
is_linear=0
shrinkage=0.05


Tree=106
num_leaves=31
num_cat=0
split_feature=5 5 6 5 4 4 1 6 6 1 2 2 2 1 2 0 6 6 0 1 2 2 1 5 2 0 6 5 0 5
split_gain=8.50258 1.68988 1.34151 1.10973 1.14298 1.0369 0.829499 0.696986 0.682651 0.616055 0.446299 0.400087 0.591397 0.436414 0.306971 0.304645 0.2149 0.176908 0.15672 0.149335 0.371693 0.807484 0.141177 0.227135 0.0907576 0.0811532 0.0700099 0.0589091 0.0802383 0.0421734
threshold=0.55973067993470238 0.77692039150474768 0.0095390916651275706 0.32671335553782699 1.0000000180025095e-35 1.0000000180025095e-35 5.5000000000000009 0.00073524595148691068 0.024248155883799551 6.5000000000000009 3.5000000000000004 22.500000000000004 4.5000000000000009 2.5000000000000004 2.5000000000000004 157.91048069127996 0.0031095467360047848 0.0044947073719378951 31.105267894822806 1.5000000000000002 4.5000000000000009 21.500000000000004 3.5000000000000004 0.72987422433773974 21.500000000000004 21.796678098919109 0.03718888413275865 0.21661244440873653 65.312757477349265 0.58510731647861813
decision_type=2 2 2 2 2 2 2 2 2 2 2 2 2 2 2 2 2 2 2 2 2 2 2 2 2 2 2 2 2 2
left_child=2 5 3 27 6 8 7 -5 9 10 14 12 13 17 15 -2 -7 -9 -16 20 -4 -22 23 -18 -14 -19 -10 -1 -29 -20
right_child=1 -3 19 4 -6 16 -8 11 26 -11 -12 -13 24 -15 18 -17 22 25 29 -21 21 -23 -24 -25 -26 -27 -28 28 -30 -31
leaf_value=0.050281196773470906 -0.051826801307344551 -0.050148844129725423 0.048742707977800337 -0.092767055562838638 0.045080032374880535 -0.050274499075443749 0.050747823313810649 -0.052362965289380649 0.013864509582537996 0.045578374193473298 -0.051187373609302755 0.033093501315879979 -0.05354384214040734 0.0461634076392071 -0.051427996742812988 0.026262829083390761 0.030875386883629948 0.029930068323134985 0.050209274514808645 0.049605092913298392 -0.055231319675769878 0.046820726968810532 0.050128056646557721 -0.051290123939167868 -0.0087145612561550165 -0.019452770625433824 0.048885408111469734 0.028333631842819798 0.04809458665943548 0.018026608845938766
leaf_weight=1.9274345897138139 0.48902012762846447 2.6119926910614595 2.0774471373733863 0.28973052887158779 1.43721321997873 0.075654795335139968 0.49771500006318081 0.25305821915389992 0.25519886339316133 0.27258547488600005 1.5088225008003062 0.42896987732092373 0.85648709948873136 0.41479762292874511 0.064969152706908062 0.16773555641702842 0.63796326663577907 0.15259927093575243 0.18095358795835637 18.678702969409642 0.30697188549675036 0.52592302011908032 0.83077074357424863 0.096882318728603423 0.13004370038106572 0.18291744230373297 0.32374428186449222 1.0380543298088016 1.0169448395026845 0.23270957422209904
leaf_count=37 869 12792 60 105 43 152 5 81 52 3 4979 16 415 20 129 72 118 15 3 448 49 17 19 69 27 26 10 22 25 171
internal_value=0.029321 -0.0174039 0.0413041 0.0246367 0.00802837 -0.000754187 -0.00857981 -0.0194815 -0.0161465 -0.0259903 -0.0333682 -0.0107034 -0.0201448 0.00688343 -0.00968819 -0.0318827 0.0320299 -0.0207991 0.020766 0.0479636 0.0374286 0.00920841 0.036007 0.0200427 -0.0476345 0.00300747 0.0334482 0.044002 0.0381126 0.0321047
internal_weight=37.964 7.749 30.215 8.62597 4.64353 5.13701 3.20632 2.7086 3.49574 2.9168 2.64421 2.41887 1.9899 1.00337 1.13539 0.656756 1.64127 0.588575 0.478632 21.589 2.91034 0.832895 1.56562 0.734846 0.986531 0.335517 0.578943 3.98243 2.055 0.413663
internal_count=20849 19438 1411 837 753 6646 710 705 6288 6226 6223 600 584 142 1244 941 358 122 303 574 126 66 206 187 442 41 62 84 47 174
is_linear=0
shrinkage=0.05


Tree=107
num_leaves=31
num_cat=0
split_feature=5 5 6 3 5 3 1 1 6 6 3 5 0 5 6 0 5 0 1 4 1 6 4 0 0 0 4 6 1 6
split_gain=8.05381 1.61325 1.31095 1.12449 1.42441 1.03672 0.678254 0.606202 0.673808 0.465698 0.423396 0.392001 0.322608 0.305185 0.224082 0.217572 0.326426 0.188194 0.147322 0.253814 0.144512 0.271786 0.474416 0.12955 0.114633 0.106029 0.18648 0.365827 0.0903889 0.0735754
threshold=0.55973067993470238 0.77692039150474768 0.0095390916651275706 1.5000000000000002 0.26969689915409245 1.0000000180025095e-35 3.5000000000000004 4.5000000000000009 0.0011815453701358128 0.014744368493971835 1.0000000180025095e-35 0.44018887201575585 250.21386734161678 0.56609114701859709 0.03718888413275865 99.826871198900974 0.60657807696387767 9.6949651946421227 1.5000000000000002 1.0000000180025095e-35 1.5000000000000002 0.015960691776764676 1.0000000180025095e-35 9.4478757119129995 21.348501013826976 88.1030753554423 1.0000000180025095e-35 0.019602292486637841 3.5000000000000004 0.03718888413275865
decision_type=2 2 2 2 2 2 2 2 2 2 2 2 2 2 2 2 2 2 2 2 2 2 2 2 2 2 2 2 2 2
left_child=2 5 3 4 -1 14 9 8 28 13 12 -12 -10 -7 -2 17 -17 23 19 24 21 22 -4 -15 -5 26 27 -8 -6 -11
right_child=1 -3 20 18 7 6 25 -9 10 29 11 -13 -14 15 -16 16 -18 -19 -20 -21 -22 -23 -24 -25 -26 -27 -28 -29 -30 -31
leaf_value=0.047214562634331464 -0.050803315762007945 -0.050141847252809901 -0.0540234244569502 0.010544440525969759 -0.054854836680321831 0.03491857940042558 -0.052172696498354071 0.048008489016250995 -0.053423638681135747 0.015980246516668416 0.026259956023801434 -0.051313919881497277 0.046578319396615692 -0.050025166020758516 0.046137326187531719 0.039752572211937461 -0.051387467514270306 -0.051458680470334889 0.045515850432994949 0.050429300521837785 0.049528440303601928 0.044274217133945831 0.047631273925843855 0.047506019306872573 -0.052512961570632136 0.049970298233725875 0.050164156651740302 0.047564444760923141 -0.094757078311386217 0.049332677046444409
leaf_weight=1.3205161378718933 0.98331924851663532 2.4849422924598912 0.2068808995973116 0.19210009985545173 0.32556294478854475 0.21131380385486487 0.18017751352454048 0.31929102956200939 0.59859111396508491 0.56567815833841439 0.81425602050148882 0.20356682328565512 0.093206725985510275 0.054986632443615013 0.063459408207563683 0.23299833187775221 0.16986959325731732 0.83407667255960405 3.7496006205619778 0.32146317884325981 17.794550309932674 2.3152185339276912 0.25779503805097193 0.089411563079920597 0.11535249828011729 0.79594086010183673 0.33799236637423746 0.18773521110415459 0.25161393738380866 0.23365593637572601
leaf_count=26 3715 12792 56 19 149 35 83 9 286 157 36 138 10 267 4 25 307 1998 99 5 448 61 9 17 51 20 8 4 9 6
internal_value=0.0291625 -0.0172802 0.0411039 0.0243368 0.00490866 -0.000752037 0.0111233 -0.0165279 -0.0255387 -0.00541188 -0.00976883 0.010745 -0.0399503 -0.0210414 -0.0449264 -0.029602 0.0013233 -0.0423349 0.0417597 0.0193655 0.0478722 0.0372702 0.00237303 0.0103663 -0.0131139 0.037459 0.023352 -0.00127972 -0.0722498 0.0257296
internal_weight=36.3051 7.42556 28.8796 8.30512 3.9266 4.94062 3.89384 2.60609 2.2868 2.39199 1.70962 1.01782 0.691798 1.59266 1.04678 1.38134 0.402868 0.978475 4.37852 0.628916 20.5744 2.77989 0.464676 0.144398 0.307453 1.50185 0.705905 0.367913 0.577177 0.799334
internal_count=20849 19438 1411 837 663 6646 2927 637 628 2812 470 174 296 2649 3719 2614 332 2282 174 75 574 126 65 284 70 115 95 87 158 163
is_linear=0
shrinkage=0.05


Tree=108
num_leaves=31
num_cat=0
split_feature=6 4 3 1 1 2 2 3 6 1 2 6 3 2 2 6 6 3 0 1 6 3 1 6 6 6 0 2 2 2
split_gain=4.2972 2.40247 1.60605 1.0219 0.527154 0.544241 1.05007 0.521207 0.728511 0.730622 0.446352 0.372476 0.261682 0.470042 0.402908 0.260625 0.215671 0.328712 0.194829 0.289328 0.218479 0.185053 0.373114 0.423684 0.178018 0.164291 0.163358 0.262171 0.150155 0.129611
threshold=0.010234575731995951 1.0000000180025095e-35 1.0000000180025095e-35 1.5000000000000002 1.5000000000000002 4.5000000000000009 21.500000000000004 1.5000000000000002 0.0063884999519668367 4.5000000000000009 22.500000000000004 0.0027031936033404271 1.0000000180025095e-35 4.5000000000000009 21.500000000000004 0.0029140656885061227 0.015960691776764676 1.5000000000000002 78.256012798762427 3.5000000000000004 0.0058899674833835895 1.5000000000000002 3.5000000000000004 0.0063116073021859754 0.0089661772434227564 0.0012567313140635203 19.509041849353718 4.5000000000000009 4.5000000000000009 21.500000000000004
decision_type=2 2 2 2 2 2 2 2 2 2 2 2 2 2 2 2 2 2 2 2 2 2 2 2 2 2 2 2 2 2
left_child=1 2 29 10 5 16 -7 8 9 11 26 -5 13 -6 -15 -13 17 -2 19 20 -9 22 23 -3 -10 -12 27 -4 -22 -1
right_child=4 21 3 7 12 6 -8 18 24 -11 25 15 -14 14 -16 -17 -18 -19 -20 -21 28 -23 -24 -25 -26 -27 -28 -29 -30 -31
leaf_value=-0.050634036393561933 -0.034300509477916581 -0.05069169894333219 0.02392385970110647 -0.066866975943792373 0.044478883078626824 -0.052662761292104322 0.039207432762711381 -0.051038532704802547 0.041654991278899323 0.031573802952297593 0.0459583550146156 0.042019914738612031 0.048248720038902203 -0.051515762934140646 0.028447255600187606 -0.050219306410381394 0.047356022941309139 0.045441118055100899 0.044990632103737549 0.03476088805193072 0.042756678782732413 0.047491949156874741 0.048273311031530632 0.034739727508823301 -0.01961829665282909 -0.050113783768162661 -0.051224626381955053 -0.05105147664154535 -0.022938387555849395 -0.0192993299000003
leaf_weight=1.805553280122693 0.22714255539176864 0.27446001840871692 0.22193752473685879 0.71152430000802291 1.6062197535648022 0.55751695487560915 0.70352650119457394 0.20772203421802282 0.79583597788587201 0.41700606515223615 0.23624131391989056 0.1641011169704143 15.944845725098276 0.27762594723753853 0.36417121812701225 0.14359209650137927 1.8369016766082493 0.29983043283573352 1.2274023145582758 0.97090527748514432 0.19604710438579787 2.4967701030109311 0.7219799775921274 0.30797486043593381 0.13928592715819832 0.054827653439133428 1.0075313811685189 0.24565294844069285 0.15634319926903117 0.40382196933205694
leaf_count=8964 233 599 296 814 219 943 60 476 213 41 37 52 758 626 95 514 143 39 182 89 28 175 47 134 79 161 3213 1040 89 490
internal_value=0.0289995 0.00613052 -0.00780766 0.00407843 0.0425279 0.0251164 -0.00140908 0.0153724 -0.00181694 -0.0241791 -0.028724 -0.04699 0.0459971 0.0300267 -0.00614281 -0.00102563 0.0392668 0.0110699 0.0301496 0.0182518 -0.0103654 0.0395179 0.0242549 -0.00551801 0.0325284 0.0278616 -0.0398894 -0.0154651 0.0136101 -0.0449068
internal_weight=34.7243 12.9065 9.10533 6.89596 21.8178 3.62492 1.26104 5.12977 2.37135 1.43622 1.76619 1.01922 18.1929 2.24802 0.641797 0.307693 2.36387 0.526973 2.75842 1.53102 0.560112 3.80118 1.30441 0.582435 0.935122 0.291069 1.47512 0.46759 0.35239 2.20938
internal_count=20849 17733 16778 7324 3116 1418 1003 2577 1713 1421 4747 1380 1698 940 721 566 415 272 864 682 593 955 780 733 292 198 4549 1336 117 9454
is_linear=0
shrinkage=0.05


Tree=109
num_leaves=31
num_cat=0
split_feature=5 5 5 3 3 2 2 1 2 2 0 0 3 0 0 0 1 5 5 1 0 4 5 2 0 0 1 1 0 1
split_gain=7.42503 1.45662 0.994298 0.923404 0.871103 0.8128 0.770257 0.616996 0.379935 0.374891 0.321971 0.730182 0.252979 0.30169 0.164965 0.176603 0.153434 0.28493 0.136344 0.10939 0.107031 0.183302 0.125398 0.100243 0.141091 0.283712 0.0972297 0.0934878 0.119138 0.0762286
threshold=0.55973067993470238 0.77692039150474768 0.37703876156758848 1.0000000180025095e-35 1.5000000000000002 4.5000000000000009 22.500000000000004 3.5000000000000004 3.5000000000000004 21.500000000000004 65.312757477349265 50.842225484572488 1.5000000000000002 157.91048069127996 44.314907182073448 10.375240897809009 1.5000000000000002 0.21661244440873653 0.5964003587368395 2.5000000000000004 88.1030753554423 1.0000000180025095e-35 0.64630581293608913 4.5000000000000009 49.345893572730809 78.256012798762427 1.5000000000000002 4.5000000000000009 174.0001743894845 1.5000000000000002
decision_type=2 2 2 2 2 2 2 2 2 2 2 2 2 2 2 2 2 2 2 2 2 2 2 2 2 2 2 2 2 2
left_child=2 3 16 27 5 10 -7 8 12 -10 11 19 13 -5 15 -14 17 -1 -11 29 21 22 -9 -6 -25 -26 -20 -2 -29 -4
right_child=1 -3 4 7 23 6 -8 20 9 18 -12 -13 14 -15 -16 -17 -18 -19 26 -21 -22 -23 -24 24 25 -27 -28 28 -30 -31
leaf_value=0.050201990004104025 -0.050693074638185544 -0.05013395626829012 0.027480627229195222 -0.051941406604948163 0.047650906251762125 -0.053301121375385313 0.029551446496080137 0.0153865899829293 -0.051144384211048034 0.033898503471619712 0.044219605085090215 -0.04536044153685051 0.045383603343939462 0.044219226321387112 0.043748626884490042 -0.051157395864596958 0.048580287651133078 0.013555532499359736 -0.050747860474290002 0.047813356324955071 0.049829867673275054 0.050051868734402954 -0.05220799846469254 0.042376886177456552 -0.052218836563392858 0.04043927060216447 0.018760484161729759 -0.051415260029221602 0.049720520837622767 -0.017036125372093945
leaf_weight=1.2322044298052852 0.84292775177891499 2.2885335514947656 0.33515250353229908 0.24492105496028738 2.7268108109128666 0.80899159317777936 0.42942370280798059 0.25221904202771817 0.65058317650255026 0.24067311878025066 1.1619646434555759 0.43395425185735792 0.083215956969070248 0.12229232593381312 0.58210788813448744 0.10997601828421466 16.669252288003918 0.93129783458425652 0.11951838318782393 0.53190822100441437 0.72493567585479468 0.30713159826700576 0.094253599803778343 0.69272995101346146 0.13815052282006945 0.20550463128893171 0.086885866207012441 0.060752065008273348 0.055924852335010655 0.13485772177227773
leaf_count=31 3674 12792 65 288 80 507 22 20 2107 21 61 13 15 19 83 81 427 40 135 20 20 8 67 65 15 28 63 42 3 37
internal_value=0.02876 -0.0175624 0.0407942 -0.00128104 0.0255281 0.00876174 -0.0245718 0.0102823 -0.00591356 -0.0269213 0.0246522 0.00881743 0.0142695 -0.0199172 0.0304617 -0.0095731 0.0469544 0.0344272 0.00832781 0.0322831 0.036601 0.0219284 -0.00300168 0.0426199 0.029383 0.0031904 -0.0214883 -0.0448868 -0.00293949 0.0147077
internal_weight=33.2991 6.86685 26.4322 4.57832 7.59945 3.83625 1.23842 3.61871 2.24017 1.09766 2.59784 1.43587 1.14251 0.367213 0.7753 0.193192 18.8328 2.1635 0.447077 1.00192 1.37854 0.653604 0.346473 3.7632 1.03639 0.343655 0.206404 0.959605 0.116677 0.47001
internal_count=20849 19438 1411 6646 913 725 529 2927 2812 2326 196 135 486 307 179 96 498 71 219 122 115 95 87 188 108 43 198 3719 45 102
is_linear=0
shrinkage=0.05


Tree=110
num_leaves=31
num_cat=0
split_feature=5 5 7 6 3 6 7 4 4 3 5 6 7 0 6 6 7 5 6 3 7 6 7 6 5 7 0 5 7 6
split_gain=7.0056 1.38922 1.36966 0.932646 0.876254 0.826756 0.535358 0.669975 0.440423 0.37319 0.32886 0.395884 0.336592 0.311771 0.256528 0.193567 0.177834 0.159027 0.322529 0.684126 0.147888 0.237627 0.0762186 0.198654 0.0118611 0.00117781 0.000505743 0.000323979 0.000312876 0.000135505
threshold=0.55973067993470238 0.77692039150474768 0.4288708452381923 0.020781001596177493 1.0000000180025095e-35 0.0014486315633139484 0.66759605958163371 1.0000000180025095e-35 1.0000000180025095e-35 1.5000000000000002 0.21661244440873653 0.0012061840587895753 0.40590577401962674 75.094729121894062 0.010760764151715542 0.03718888413275865 0.50696498429313719 0.41572676676501963 0.016408764523637938 1.5000000000000002 0.55258286185066441 0.00026751963303513893 0.39569486501867601 0.014744368493971835 0.37703876156758848 0.40590577401962674 68.996635843373923 0.56609114701859709 0.48560542529687939 0.0011815453701358128
decision_type=2 2 2 2 2 2 2 2 2 2 2 2 2 2 2 2 2 2 2 2 2 2 2 2 2 2 2 2 2 2
left_child=2 4 3 8 15 -4 7 9 10 28 -1 12 29 14 26 27 -16 24 19 -19 21 -15 23 -9 -7 -13 -11 -2 -6 -12
right_child=1 -3 5 -5 6 17 -8 22 -10 13 11 25 -14 20 16 -17 -18 18 -20 -21 -22 -23 -24 -25 -26 -27 -28 -29 -30 -31
leaf_value=0.050314027202662363 -0.053585374737645235 -0.050127623760612985 0.0113877733082175 0.041200725241455516 -0.050058955912652331 0.050191930525735423 0.046741288853927594 -0.050357066448500458 0.02883396443993029 -0.050926657927471523 -0.050429738481523247 -0.050948125335562006 0.049966435222296574 0.045454316995814273 -0.050500158486193325 0.045634660512593905 0.050352332596282891 -0.018285934324272189 0.050259830814090092 0.050254711292671395 0.050366911800868025 -0.050602712808881359 0.040675286689597655 0.041613553312473087 0.045344860805236441 -0.054740514623133452 -0.055173422039298849 -0.050381238936410694 -0.052351707914130907 -0.053642299570932285
leaf_weight=0.1239334680140084 0.087897744306245751 2.1771885260823183 1.6975966750178511 1.3741898479347581 0.29002247466269238 15.302697729319338 0.77722001122310747 0.090978089603595325 0.46585238391708106 0.28459136308083544 0.067956361075630189 0.60439903817314189 0.21080382610671222 0.12994628022715915 0.06435924756078748 0.055506809643702582 0.13623594865202904 0.64788021176354893 2.2609414644539356 0.83107439428567886 0.2798091396689415 0.1276102409537998 0.73078279926266987 0.16555808094562963 1.3755917735397822 0.30961268924875185 0.09302014420973137 0.7700328645951231 0.3055779169080779 0.063491602333670016
leaf_count=2 44 12792 29 37 1742 412 14 125 32 644 163 599 2 8 118 4 2 27 48 18 4 176 22 6 30 10 20 3671 46 2
internal_value=0.0285508 -0.0174736 0.040479 0.0100131 -0.00127596 0.0449151 0.0101769 -0.000354436 -0.0132029 -0.0192788 -0.0273914 -0.0350572 0.0108115 -0.0022173 -0.0276992 -0.044855 0.0179947 0.0477026 0.0383842 0.0202294 0.0252013 -0.00213858 0.0324443 0.00899706 0.0497922 -0.0522328 -0.0519728 -0.0507095 -0.0512353 -0.0519815
internal_weight=31.9024 6.56634 25.336 3.22024 4.38915 22.1158 3.47571 2.69849 1.84605 1.71117 1.3802 1.25626 0.342252 1.11557 0.578207 0.913437 0.200595 20.4182 3.7399 1.47895 0.537366 0.257557 0.987319 0.256536 16.6783 0.914012 0.377612 0.857931 0.5956 0.131448
internal_count=20849 19438 1411 847 6646 564 2927 2913 810 2760 778 776 167 972 784 3719 120 535 93 45 188 184 153 131 442 609 664 3715 1788 165
is_linear=0
shrinkage=0.05


Tree=111
num_leaves=31
num_cat=0
split_feature=5 5 7 6 6 3 1 4 7 6 5 1 5 7 6 5 6 3 7 4 7 6 5 1 7 5 5 3 7 7
split_gain=6.61816 1.32394 1.30944 0.873152 0.837644 0.83154 0.561516 0.414116 0.409031 0.508162 0.43276 0.313223 0.438894 0.247487 0.183952 0.159363 0.318515 0.651127 0.122837 0.262952 0.106519 0.220051 0.013414 0.000999541 0.000478172 0.000278179 0.000172957 0.00012448 6.18942e-05 5.89158e-05
threshold=0.55973067993470238 0.77692039150474768 0.4288708452381923 0.020781001596177493 0.0014486315633139484 1.0000000180025095e-35 3.5000000000000004 1.0000000180025095e-35 0.66759605958163371 0.014744368493971835 0.56609114701859709 1.0000000180025095e-35 0.21661244440873653 0.40590577401962674 0.03718888413275865 0.41572676676501963 0.016408764523637938 1.5000000000000002 0.52102862529569294 1.0000000180025095e-35 0.44169221199942432 0.00055811837114145993 0.37703876156758848 3.5000000000000004 0.52102862529569294 0.56609114701859709 0.41572676676501963 1.5000000000000002 0.52102862529569294 0.43542881278117024
decision_type=2 2 2 2 2 2 2 2 2 2 2 2 2 2 2 2 2 2 2 2 2 2 2 2 2 2 2 2 2 2
left_child=2 5 3 7 -4 14 8 11 9 10 -7 13 -13 -1 25 22 17 -17 19 -11 21 -8 -6 26 -12 -2 27 -14 -27 -23
right_child=1 -3 4 -5 15 6 20 -9 -10 18 24 12 23 -15 -16 16 -18 -19 -20 -21 -22 29 -24 -25 -26 28 -28 -29 -30 -31
leaf_value=-0.050461941907331012 -0.053402793840253752 -0.050121582391553544 0.010879913202331627 0.040537017650573777 0.050182537987865275 0.033492029796179261 0.049995599346795393 0.027855416515989662 0.042268331369223346 -0.051114403803799724 -0.050100729686672368 0.050298617138315731 -0.050859128772081742 0.048816307211595744 0.045205519400740329 -0.017459448850129781 0.050247109736117068 0.050242241441709079 0.047037659374744467 0.035363732926752524 0.042864635240162867 -0.050243836179560124 0.044919694020942091 -0.055219789645069878 -0.052422280576357332 -0.050028180046911841 -0.050416767799761619 -0.052706610380681411 -0.050993537925833644 -0.052705889398924816
leaf_weight=0.090842594785505937 0.083889557528890601 2.0712491398517159 1.6882418713066751 1.3280365120881468 14.559032315388322 0.18158883317664798 0.11864680577127718 0.4583035840478259 0.36196580156683911 0.1442138596321455 0.50568419903720496 0.11792436987161614 0.1452120272006141 0.20317124016582966 0.053288502123905346 0.64470558916218512 2.1512048058211803 0.79073368012905121 0.24897918989881873 0.22512175215524621 1.0512428569491019 0.048490260887774639 1.3205806389451034 0.21712149550876347 0.39510297295782948 0.47844481052743504 0.29626110273966333 0.2450160474400036 0.25428886469308054 0.048703622072935104
leaf_count=102 44 12792 29 37 412 35 4 32 7 147 2572 2 55 2 4 27 48 18 6 8 22 88 30 36 37 3616 569 12 55 1
internal_value=0.0283792 -0.0174079 0.0402163 0.00987818 0.0446648 -0.00127365 0.0100984 -0.0130753 -0.00599457 -0.0162666 -0.0369239 -0.0273345 -0.0404233 0.0181419 -0.044802 0.0475948 0.0380757 0.0198351 0.0198946 0.00159676 0.0362957 0.00430185 0.0497449 -0.0522628 -0.051119 -0.0506754 -0.0513276 -0.0520191 -0.0503632 -0.0514776
internal_weight=30.5273 6.2709 24.2564 3.10189 21.1545 4.19965 3.32974 1.77385 2.06266 1.70069 1.08238 1.31555 1.02154 0.294014 0.869912 19.4663 3.58664 1.43544 0.618315 0.369336 1.26708 0.215841 15.8796 0.903611 0.900787 0.816623 0.686489 0.390228 0.732734 0.0971939
internal_count=20849 19438 1411 847 564 6646 2927 810 2812 2805 2644 778 674 104 3719 535 93 45 161 155 115 93 442 672 2609 3715 636 67 3671 89
is_linear=0
shrinkage=0.05


Tree=112
num_leaves=31
num_cat=0
split_feature=7 6 3 1 6 6 7 1 6 0 1 2 7 6 3 1 1 0 2 7 1 3 1 6 6 7 7 2 6 7
split_gain=5.37454 1.61079 1.09826 0.810242 0.860755 0.633843 0.628419 0.420256 0.397614 0.327509 0.289224 0.566329 0.25178 0.479431 0.317227 0.274104 0.237532 0.174999 0.273871 0.162439 0.160235 0.12844 0.122178 0.323538 0.110506 0.108301 0.0987446 0.110593 0.180968 0.0664236
threshold=0.35963692606151626 0.010234575731995951 1.5000000000000002 4.5000000000000009 0.0011815453701358128 0.014744368493971835 0.66759605958163371 4.5000000000000009 0.0012061840587895753 32.160128230491878 1.5000000000000002 3.5000000000000004 0.55258286185066441 0.024248155883799551 1.5000000000000002 2.5000000000000004 2.5000000000000004 10.595155689298823 3.5000000000000004 0.21821931409656012 5.5000000000000009 1.0000000180025095e-35 3.5000000000000004 0.0053801687988060129 0.03718888413275865 0.278306994020798 0.52102862529569294 21.500000000000004 0.0024114437880970591 0.30996399644545392
decision_type=2 2 2 2 2 2 2 2 2 2 2 2 2 2 2 2 2 2 2 2 2 2 2 2 2 2 2 2 2 2
left_child=5 2 3 4 -2 7 8 29 -6 19 11 -4 13 14 15 -3 -11 18 -10 -7 25 -17 -19 -24 -18 -9 27 28 -12 -1
right_child=1 12 10 -5 6 9 -8 20 17 16 26 -13 -14 -15 -16 21 24 22 -20 -21 -22 -23 23 -25 -26 -27 -28 -29 -30 -31
leaf_value=-0.050119965615588992 -0.068853002798884774 -0.052805491086030866 0.036645267189183782 0.041584741717711524 0.049965789981572958 -0.05005072559981677 0.034284897199281718 -0.050055449326760364 0.040374313875349281 -0.053099538859081433 0.032128006708363237 -0.052358185419653848 0.048959722191323718 0.04761317879570745 0.035356831864591542 -0.021888624165852244 -0.050145206294079384 -0.046981734538969443 -0.053207336257173644 0.037786015766300612 -0.051077318343167859 0.030914701742829256 -0.054705675260829617 0.037840667362266489 0.050308213544440997 0.044216301431624062 0.047065087721921757 0.048785490209623861 -0.03073402843495748 -0.029723467143795215
leaf_weight=1.9891783494676967 0.55208099856827386 0.2568266507078103 0.58837411601416523 0.9022790726594393 0.19155230592878103 0.058025538419314904 0.87779158703051496 0.035147238508215994 0.20901240511011554 0.28934274292259943 0.39671753735456183 0.25670896006340627 12.800208641041534 2.6029790228931233 0.7317469638219336 0.18508665441186167 0.036523247981676832 0.78347925160778664 0.12490094635722926 0.5666121887988993 0.075197066675173119 0.30484328448073938 0.20683999886387028 0.17378285495215096 0.10933403670787811 0.22871686839789618 2.6495866347104311 0.38659858473693021 0.16093322161759716 0.49937121070979618
leaf_count=15503 403 166 48 29 10 315 28 140 31 419 44 170 394 81 51 37 100 1065 110 130 35 16 32 17 2 17 72 11 55 1318
internal_value=0.0281904 0.0365877 0.0187814 -0.000144398 -0.0122143 -0.0265513 -3.47962e-05 -0.0389119 -0.0178651 0.00642623 0.0359284 0.00960889 0.0455117 0.034698 0.0119602 -0.0109661 -0.0268728 -0.0265387 0.00536991 0.0296264 0.0133098 0.0109666 -0.0356914 -0.0124513 0.0251543 0.0316591 0.0421174 0.0282341 0.0139866 -0.046027
internal_weight=29.2298 25.3423 8.46064 4.02172 3.11944 3.88745 2.56736 2.82761 1.68957 1.05984 4.43892 0.845083 16.8817 4.08148 1.4785 0.746757 0.4352 1.49802 0.333913 0.624638 0.339061 0.48993 1.1641 0.380623 0.145857 0.263864 3.59384 0.944249 0.557651 2.48855
internal_count=20849 2870 2125 1725 1696 17979 1293 17013 1265 966 400 218 745 351 270 219 521 1255 141 445 192 53 1114 49 102 157 182 110 99 16821
is_linear=0
shrinkage=0.05


Tree=113
num_leaves=31
num_cat=0
split_feature=5 4 6 5 4 5 1 6 0 6 2 2 1 1 5 1 2 6 1 2 2 6 6 2 5 6 6 0 2 0
split_gain=6.09389 1.19755 1.14416 0.884678 0.892505 0.674705 0.65541 0.457581 0.382419 0.416111 0.293374 0.441853 0.338818 0.271289 0.291727 0.193435 0.263139 0.206974 0.143346 0.330459 0.634214 0.134875 0.11492 0.0959055 0.15484 0.095681 0.094779 0.146712 0.0688098 0.0625372
threshold=0.55973067993470238 1.0000000180025095e-35 0.0095390916651275706 0.32671335553782699 1.0000000180025095e-35 0.70479351897953746 5.5000000000000009 0.00077682924991504183 75.094729121894062 0.050112893505481405 22.500000000000004 4.5000000000000009 2.5000000000000004 3.5000000000000004 0.72987422433773974 3.5000000000000004 1.5000000000000002 8.9898404961085606e-05 1.5000000000000002 4.5000000000000009 21.500000000000004 0.0044947073719378951 0.0034802866415202696 3.5000000000000004 0.56609114701859709 0.019602292486637841 0.024248155883799551 142.43913000854596 21.500000000000004 21.796678098919109
decision_type=2 2 2 2 2 2 2 2 2 2 2 2 2 2 2 2 2 2 2 2 2 2 2 2 2 2 2 2 2 2
left_child=2 5 3 -1 6 8 7 -5 9 23 11 12 21 14 22 16 -10 -18 19 -4 -21 -9 -3 24 -2 -26 -7 -28 -13 -23
right_child=1 13 18 4 -6 26 -8 10 15 -11 -12 28 -14 -15 -16 -17 17 -19 -20 20 -22 29 -24 -25 25 -27 27 -29 -30 -31
leaf_value=0.042740271526895746 0.046723806427738233 -0.050242448732307501 0.048185460715294712 -0.081079133545007565 0.04373356104090817 -0.050178497186249775 0.050588848088394846 -0.051853443354903245 0.040530751218079038 0.050251716388737599 0.030859706809056493 -0.052900818249498598 0.045347522201241879 0.048140015988813602 -0.050422671144181266 0.048346121914793157 0.048712156686428768 -0.050817215997941728 0.049229414688974238 -0.054577892600527846 0.046014638177433148 0.028116696758537368 0.02874663784126473 -0.051598410440193289 -0.051603616455576699 0.016914268154461797 -0.050253033311096831 0.045350897884225805 -0.0087355625368042127 -0.020197793845446385
leaf_weight=2.9883925288450035 0.0716792879247794 0.050693489807599468 1.5131008818862022 0.27326250349870029 1.1028581941063751 2.3131471250890177 0.37995269149541844 0.20494135725311913 0.2228425793655332 0.1487022191286087 0.33147019725583948 0.69152460953046102 0.3191171184880659 0.61199325518828118 0.18917933151533362 0.31036615769698983 0.065812799213745166 0.25316567291156389 13.395868976105701 0.26190562752162794 0.39004330479656346 0.12368446758773644 0.50237815092259552 0.61135873363673454 0.21712812091573142 0.066573904914548621 0.097868455348361638 0.068017627811059356 0.10108336916891858 0.14608181065705139
leaf_count=84 10 104 60 112 43 15274 5 81 69 3 16 409 20 55 748 27 9 605 448 49 17 15 108 1849 442 7 119 9 26 26
internal_value=0.0279644 -0.0176715 0.0398767 0.0225381 0.0061058 -0.0302087 -0.0100343 -0.0205465 -0.00834727 -0.0276142 -0.0119218 -0.0208606 0.00550666 0.0234944 0.00317385 0.0168715 -0.00115779 -0.030282 0.0473001 0.0353631 0.00560388 -0.0212759 0.0215066 -0.0395914 -0.0189358 -0.0355251 -0.0475604 -0.0110529 -0.0472683 0.0019538
internal_weight=28.0242 5.80091 22.2233 6.66237 3.67398 4.44666 2.57112 2.19117 1.96763 1.11544 1.9179 1.58643 0.793825 1.35424 0.742251 0.852187 0.541821 0.318978 15.5609 2.16505 0.651949 0.474708 0.553072 0.96674 0.355381 0.283702 2.47903 0.165886 0.792608 0.269766
internal_count=20849 19438 1411 837 753 18423 710 705 3021 2311 593 577 142 1015 960 710 683 614 574 126 66 122 212 2308 459 449 15402 128 435 41
is_linear=0
shrinkage=0.05


Tree=114
num_leaves=31
num_cat=0
split_feature=5 7 5 3 5 5 3 1 7 5 7 7 1 0 0 3 2 0 0 0 7 7 7 1 7 7 0 7 5 7
split_gain=5.76197 1.23007 1.14335 0.720284 0.667625 0.620078 0.831583 0.480953 0.468928 0.393895 0.354143 0.290116 0.199144 0.189984 0.18865 0.281235 0.30489 0.154026 0.117858 0.0972144 0.10197 0.100418 0.0847499 0.0725059 0.0960589 0.0536971 0.000621764 0.000313029 0.000198392 0.000107301
threshold=0.55973067993470238 0.4288708452381923 0.77692039150474768 1.0000000180025095e-35 0.21661244440873653 0.37703876156758848 1.5000000000000002 3.5000000000000004 0.71748051682258629 0.44018887201575585 0.66759605958163371 0.30996399644545392 4.5000000000000009 31.898570695496215 32.160128230491878 1.5000000000000002 3.5000000000000004 65.312757477349265 37.7151544159344 88.1030753554423 0.47492814856243182 0.44169221199942432 0.50696498429313719 4.5000000000000009 0.56968344794642389 0.39569486501867601 276.25075634236902 0.56968344794642389 0.56609114701859709 0.48560542529687939
decision_type=2 2 2 2 2 2 2 2 2 2 2 2 2 2 2 2 2 2 2 2 2 2 2 2 2 2 2 2 2 2
left_child=1 4 3 23 -1 -3 8 10 17 11 13 12 26 -5 -15 29 22 -7 -18 20 21 -9 25 28 -25 -17 -6 -20 -2 -16
right_child=2 5 -4 7 9 6 -8 19 -10 -11 -12 -13 -14 14 15 16 18 -19 27 -21 -22 -23 -24 24 -26 -27 -28 -29 -30 -31
leaf_value=0.050227817207185221 -0.053004788813423742 0.050161018512206168 -0.050114558786391109 -0.050293403063273449 -0.05103641849842934 -0.016703764584606873 0.050211528183423927 -0.051335321231874564 0.038213609909731175 -0.050814923780371113 0.041097499991164813 0.015420354050951018 0.048919949594914892 0.048906768555517538 -0.050132430326843724 -0.050567149097521795 0.024528719989358523 0.013709526331918263 -0.050464852915319151 0.049608618010431441 0.031985920010565626 0.043675990919532566 0.043868040859681143 -0.051117982259044209 0.050221716334802984 0.023128165110644788 -0.055876447112551166 -0.054401116561832122 -0.050277892450301259 -0.051917458077259539
leaf_weight=0.72012574039400279 0.07503853733214727 13.127332771196963 1.8162430499105537 0.32462912749178974 0.18681734192068722 1.0665344985318364 2.5995002370327711 0.083062220786814356 0.9911137893795966 0.39157024941960106 0.32545939553529013 1.3385475331160703 0.057759733172133565 0.13330039224092605 0.14425754693365866 0.043584562226897106 0.064842433333978988 0.68282868567621324 0.15747434035438346 0.57663524622330442 0.41666900552809238 0.04180726152844727 0.31777630560100079 0.04996884184947703 0.043952498584985733 0.057101609971141443 0.10290431190514937 0.074356213212013245 0.60024037420953391 0.20218090719572501
leaf_count=17 44 424 12792 1357 121 30 70 82 22 668 7 36 2 15 899 89 54 18 351 20 8 5 6 44 1 8 3 1 3630 25
internal_value=0.0277973 0.0396369 -0.017578 -0.00174493 0.00874096 0.0443175 0.0299524 0.00944623 0.0107354 -0.00563898 -0.00623595 0.00485286 -0.0358546 -0.0163742 -0.00715887 -0.014199 0.00371322 -0.00483255 -0.0350604 0.0353215 0.0201084 -0.0195248 0.0312022 -0.0448559 -0.0036939 -0.00877272 -0.0527555 -0.0517274 -0.0505809 -0.0511742
internal_weight=26.8136 21.265 5.54858 3.73234 2.79772 18.4673 5.33998 2.96314 2.74048 2.0776 1.84496 1.68603 0.347481 1.5195 1.19487 1.06157 0.715135 1.74936 0.296673 1.11817 0.541538 0.124869 0.418462 0.7692 0.0939213 0.100686 0.289722 0.231831 0.675279 0.346438
internal_count=20849 1411 19438 6646 847 564 140 2927 70 830 2812 162 126 2805 1448 1433 509 48 406 115 95 87 103 3719 45 97 124 352 3674 924
is_linear=0
shrinkage=0.05


Tree=115
num_leaves=31
num_cat=0
split_feature=5 5 5 3 3 2 2 1 0 0 2 2 3 0 3 2 0 0 5 1 0 4 5 2 0 0 1 1 5 1
split_gain=5.43501 1.09065 0.917095 0.773475 0.683636 0.658369 0.596263 0.451561 0.290959 0.611292 0.286515 0.282397 0.187971 0.232241 0.161779 0.354372 0.133095 0.139914 0.11093 0.10136 0.0962562 0.158246 0.104999 0.0871473 0.115997 0.220404 0.0781265 0.0770897 0.121429 0.0689403
threshold=0.55973067993470238 0.77692039150474768 0.37703876156758848 1.5000000000000002 1.0000000180025095e-35 4.5000000000000009 22.500000000000004 3.5000000000000004 65.312757477349265 50.842225484572488 3.5000000000000004 21.500000000000004 1.5000000000000002 157.91048069127996 1.0000000180025095e-35 4.5000000000000009 44.314907182073448 10.375240897809009 0.5964003587368395 2.5000000000000004 88.1030753554423 1.0000000180025095e-35 0.64630581293608913 4.5000000000000009 49.345893572730809 78.256012798762427 1.5000000000000002 1.5000000000000002 0.21661244440873653 4.5000000000000009
decision_type=2 2 2 2 2 2 2 2 2 2 2 2 2 2 2 2 2 2 2 2 2 2 2 2 2 2 2 2 2 2
left_child=2 4 14 5 29 8 -7 10 9 19 12 -12 13 -6 15 -1 17 -14 -13 -4 21 22 -9 -5 -25 -26 -20 28 -16 -2
right_child=1 -3 3 23 7 6 -8 20 -10 -11 11 18 16 -15 27 -17 -18 -19 26 -21 -22 -23 -24 24 25 -27 -28 -29 -30 -31
leaf_value=0.049864674806729285 -0.050552910438463418 -0.050109104119695241 0.012344096891064082 0.047187808079337118 -0.051432167764673978 -0.053005703282819353 0.026340455408019055 0.014055953606762617 0.043021811342447723 -0.045072455284949423 -0.050869111427681829 0.032575219503915974 0.044829452445776248 0.043740417799657261 0.050149228698252168 0.00064900918984434281 0.042946198715221866 -0.050965866181352397 -0.05072825930578978 0.047445130903139801 0.049515667437128631 0.04988969890644962 -0.05224588348642948 0.041400564049908592 -0.051800209627597772 0.039323286949176132 0.018295966501908244 0.049526396393373119 0.021281135751575118 -0.0036908848592094993
leaf_weight=0.95386914821574886 0.64269177587266257 1.7278471509380322 0.39731226204457903 2.0983098433061973 0.19218089206697209 0.69858839460357536 0.35815878634457476 0.20609665616939288 0.9365791393429389 0.39612144282727968 0.50498592118674424 0.19512628248776309 0.065952884506259579 0.096178800260531716 0.82322257012128897 0.59322816698113456 0.4553078917961102 0.090309782957774587 0.10088565196929267 0.42638309102039784 0.54951660400547553 0.2374034094682429 0.084072604011453222 0.53456309423199844 0.1137882287875982 0.15920185573486378 0.069057159271324053 11.248799995053558 0.65339545501046814 0.089399172124103643
leaf_count=35 3674 12792 102 80 288 507 22 20 61 13 2107 21 15 19 28 27 83 81 135 20 20 8 67 65 15 28 63 379 29 45
internal_value=0.0275869 -0.017486 0.0393174 0.0231231 -0.00173719 0.00621769 -0.0261133 0.00934369 0.0220615 0.00596819 -0.00618983 -0.0266491 0.0135903 -0.0196885 0.0462603 0.0309931 0.0292814 -0.0105341 0.00685348 0.030514 0.03487 0.0196152 -0.0051541 0.0418161 0.0278586 0.00134102 -0.0226799 0.0481164 0.0373753 -0.0448304
internal_weight=25.6985 5.30701 20.3915 6.11901 3.57917 3.21314 1.05675 2.84707 2.1564 1.21982 1.76999 0.870055 0.89993 0.28836 14.2725 1.5471 0.611571 0.156263 0.365069 0.823695 1.07709 0.527573 0.290169 2.90586 0.807553 0.27299 0.169943 12.7254 1.47662 0.732091
internal_count=20849 19438 1411 913 6646 725 529 2927 196 135 2812 2326 486 307 498 62 179 96 219 122 115 95 87 188 108 43 198 436 57 3719
is_linear=0
shrinkage=0.05


Tree=116
num_leaves=31
num_cat=0
split_feature=5 7 5 3 5 5 3 7 1 5 7 7 1 0 0 3 2 0 0 0 7 2 7 1 7 7 0 7 5 7
split_gain=5.12587 1.2318 1.041 0.645471 0.639115 0.616961 0.79141 0.429041 0.425185 0.358478 0.31839 0.264321 0.18139 0.17434 0.172629 0.255951 0.267524 0.132247 0.110655 0.0942572 0.098398 0.202104 0.0818947 0.0689699 0.0913313 0.0479269 0.00052769 0.000231127 0.000147412 7.83157e-05
threshold=0.55973067993470238 0.4288708452381923 0.77692039150474768 1.0000000180025095e-35 0.21661244440873653 0.37703876156758848 1.5000000000000002 0.71748051682258629 3.5000000000000004 0.44018887201575585 0.66759605958163371 0.30996399644545392 4.5000000000000009 31.898570695496215 32.160128230491878 1.5000000000000002 3.5000000000000004 65.312757477349265 37.7151544159344 88.1030753554423 0.66759605958163371 3.5000000000000004 0.50696498429313719 4.5000000000000009 0.56968344794642389 0.39569486501867601 276.25075634236902 0.56968344794642389 0.56609114701859709 0.48560542529687939
decision_type=2 2 2 2 2 2 2 2 2 2 2 2 2 2 2 2 2 2 2 2 2 2 2 2 2 2 2 2 2 2
left_child=1 4 3 23 -1 -3 7 17 10 11 13 12 26 -5 -15 29 22 -7 -18 20 21 -10 25 28 -25 -17 -6 -20 -2 -16
right_child=2 5 -4 8 9 6 -8 -9 19 -11 -12 -13 -14 14 15 16 18 -19 27 -21 -22 -23 -24 24 -26 -27 -28 -29 -30 -31
leaf_value=0.050207386592172304 -0.052714786389546936 0.050146183130032412 -0.050103903749467674 -0.050267779499611913 -0.051001802172497196 -0.015737202969812281 0.050192216303319465 0.037578174376937036 0.030452961062090968 -0.05078279377836753 0.040441405214497433 0.013634469671368971 0.048749800143108056 0.048715698031620611 -0.05013576842787381 -0.050504798304452342 0.024208542609730876 0.012959284825976062 -0.050422346499054818 0.049415975089714979 0.050216731437946562 -0.051746159612216652 0.043351378808585646 -0.051059458014717243 0.050211635928685917 0.020696230181641073 -0.055557835947789951 -0.05396136474786456 -0.050251980627585818 -0.051730278153485403
leaf_weight=0.65475760772824942 0.068410638530621681 11.913458628579976 1.643745349920209 0.29582655050762729 0.17883672381867688 1.041179560881573 2.3634981494396925 0.93098838068544854 0.22987483590259195 0.37484258314361785 0.30180923826992501 1.2954898619209414 0.052476831246167421 0.1232989753843865 0.13245568779530004 0.041277727206761483 0.062411820668785367 0.65346416906686489 0.14337683693156578 0.52374482691811863 0.1707635410130024 0.1108336390752811 0.29317403584718704 0.047413361251528841 0.041971050202846527 0.055294887832133099 0.098591270158067346 0.068021900951862335 0.54323714120982913 0.18395856008282863
leaf_count=17 44 424 12792 1357 121 30 70 22 21 668 7 36 2 15 899 89 54 18 351 20 4 70 6 44 1 8 3 1 3630 25
internal_value=0.0273671 0.0389912 -0.0173769 -0.00172584 0.00733002 0.0439644 0.0292029 0.0103091 0.00924171 -0.00670546 -0.0061351 0.00345949 -0.0364962 -0.0161825 -0.00704295 -0.0140584 0.00358691 -0.00467168 -0.0342903 0.0345065 0.0192393 0.0037133 0.030197 -0.0445321 -0.00350694 -0.009737 -0.0526209 -0.0515611 -0.0505274 -0.0510628
internal_weight=24.6385 19.5576 5.0809 3.43716 2.65499 16.9026 4.98913 2.62563 2.73612 2.00024 1.70091 1.62539 0.329905 1.3991 1.10327 0.979971 0.663557 1.69464 0.273811 1.03522 0.511472 0.340708 0.389747 0.701032 0.0893844 0.0965726 0.277428 0.211399 0.611648 0.316414
internal_count=20849 1411 19438 6646 847 564 140 70 2927 830 2812 162 126 2805 1448 1433 509 48 406 115 95 91 103 3719 45 97 124 352 3674 924
is_linear=0
shrinkage=0.05


Tree=117
num_leaves=31
num_cat=0
split_feature=7 3 1 4 7 3 1 2 2 0 0 7 7 7 4 1 1 2 0 0 4 0 7 0 7 0 0 1 2 2
split_gain=4.2258 0.835135 0.733478 0.727315 0.745857 0.470359 0.457562 0.244019 0.858113 0.209419 0.746126 0.214914 0.198747 0.182798 0.1864 0.192512 0.166841 0.156814 0.226876 0.133885 0.108457 0.099953 0.0941996 0.135672 0.0832573 0.0730629 0.12764 0.0696361 0.148189 0.304953
threshold=0.38614249969323833 1.5000000000000002 2.5000000000000004 1.0000000180025095e-35 0.76573366385537411 1.0000000180025095e-35 4.5000000000000009 4.5000000000000009 21.500000000000004 44.314907182073448 52.983782115057288 0.66759605958163371 0.21821931409656012 0.44169221199942432 1.0000000180025095e-35 2.5000000000000004 3.5000000000000004 21.500000000000004 32.160128230491878 5.9605780549498615 1.0000000180025095e-35 41.610222081714276 0.31228261591571188 10.595155689298823 0.2396101482698676 6.7489540630750708 6.5048743617730933 1.5000000000000002 4.5000000000000009 21.500000000000004
decision_type=2 2 2 2 2 2 2 2 2 2 2 2 2 2 2 2 2 2 2 2 2 2 2 2 2 2 2 2 2 2
left_child=2 3 17 4 6 -4 7 9 -9 19 -11 16 -7 14 15 -3 -12 25 24 -2 22 -10 23 -14 -19 26 -1 28 -15 -30
right_child=1 13 5 -5 -6 12 -8 8 21 10 11 -13 20 27 -16 -17 -18 18 -20 -21 -22 -23 -24 -25 -26 -27 -28 -29 29 -31
leaf_value=-0.050244167053420823 -0.051558551995185303 -0.051638102383418642 -0.050189653883270992 0.045692636546257583 0.048185649567645393 -0.050032676495656542 0.038265580203223536 -0.05254942877829738 0.0062767254397665603 -0.074404601304659299 -0.021372817092506755 0.044361320899614212 0.03836761203170376 0.045939157804339353 0.049188880171802368 0.024706184227748222 0.0462996179243335 -0.050008877078452196 -0.051189062773932349 0.032844663708902176 0.047657714765897446 0.04268858103839715 0.029489938858191424 -0.050631739079012167 0.031610001459525909 -0.047860588903158863 0.041897672954494189 0.048330339160110924 -0.052035550033742654 0.040267245753619486
leaf_weight=0.090628882026070445 0.049925015751797086 0.13768438548140771 0.27679239476128703 2.7325824814033695 1.2747765347594393 0.085376687835377885 0.83677767368499179 0.83613847493324989 0.51439069904154167 0.28998691247397779 0.36809844125673408 0.4128069868311286 0.070957952884782571 1.2135365202848323 0.27824990279623307 0.20629882896173513 0.12102476680593099 0.036599292463506461 0.20596528797614155 0.7976587536468287 0.44537079433212057 0.29746490522666136 0.33945839766965946 0.10798839164635865 0.21357767286099261 1.7550610268735907 0.064215703285299242 9.144782334653426 0.13028995853528602 0.28570869419490919
leaf_count=680 16 116 2274 155 46 666 34 930 49 16 118 13 26 51 13 22 11 322 460 217 30 46 103 195 101 13637 59 363 62 18
internal_value=0.0271527 0.0362556 -0.0219818 0.0244256 0.0144043 0.00778846 0.00488596 -0.00268865 -0.0169974 0.00887333 -0.00463757 0.0177938 0.0230845 0.0451117 0.0187613 -0.00585175 -0.00462849 -0.0386652 -0.0123257 0.0278731 0.0295617 0.0196181 0.014015 -0.0153406 0.0196697 -0.0449558 -0.012032 0.0466335 0.0371111 0.0113582
internal_weight=23.6202 19.9282 3.69199 8.53163 5.79905 1.32594 4.52427 3.68749 1.64799 2.0395 1.19192 0.90193 1.04915 11.3966 0.622233 0.343983 0.489123 2.36605 0.456142 0.847584 0.963776 0.811856 0.518405 0.178946 0.250177 1.90991 0.154845 10.7743 1.62954 0.415999
internal_count=20849 2296 18553 1651 1496 3294 1450 1416 1025 391 158 142 1020 645 151 138 129 15259 883 233 354 95 324 221 423 14376 739 494 131 80
is_linear=0
shrinkage=0.05


Tree=118
num_leaves=31
num_cat=0
split_feature=7 6 4 4 3 6 6 6 2 2 1 3 7 6 7 3 4 1 1 6 2 7 2 1 7 2 2 2 1 3
split_gain=3.9812 1.36588 0.922055 0.699585 0.62002 0.527575 0.362103 0.440121 0.368753 1.04733 0.339101 0.254739 0.21182 0.18426 0.435088 0.320884 0.406031 0.151967 0.126215 0.246472 0.126008 0.124727 0.120163 0.0761283 0.124555 0.0742416 0.0545819 0.0443599 0.0546603 0.0592225
threshold=0.38614249969323833 0.010234575731995951 1.0000000180025095e-35 1.0000000180025095e-35 1.0000000180025095e-35 0.03718888413275865 0.00077682924991504183 0.00066995638558581033 4.5000000000000009 21.500000000000004 4.5000000000000009 1.0000000180025095e-35 0.53576077067420302 0.024248155883799551 0.56968344794642389 1.5000000000000002 1.0000000180025095e-35 1.5000000000000002 2.5000000000000004 0.014744368493971835 21.500000000000004 0.81338551208624488 1.0000000180025095e-35 3.5000000000000004 0.81338551208624488 2.5000000000000004 1.0000000180025095e-35 4.5000000000000009 3.5000000000000004 1.5000000000000002
decision_type=2 2 2 2 2 2 2 2 2 2 2 2 2 2 2 2 2 2 2 2 2 2 2 2 2 2 2 2 2 2
left_child=3 2 4 5 21 10 7 23 12 -10 -1 -5 17 14 15 16 26 -8 19 -13 22 -2 -12 24 -6 -19 -3 -4 29 -29
right_child=1 13 27 11 6 -7 8 -9 9 -11 20 18 -14 -15 -16 -17 -18 25 -20 -21 -22 -23 -24 -25 -26 -27 -28 28 -30 -31
leaf_value=-0.050266397504496498 -0.043473481328980171 0.00015704824939457248 0.048583559766551321 -0.050909498029160408 -0.050660024692680009 0.022185280420668977 -0.051023600202893309 -0.077360691817532148 -0.052878722770421473 0.037757163621784239 0.043288620095956222 -0.050344395881178367 0.04225322304869536 0.049688701282368353 0.04756667010119936 0.037205836525611428 0.037297356708957313 -0.0015298038358682825 0.046085931149434323 0.041882962718376833 0.041060825714248031 0.05018899843045671 -0.051006605335928559 0.046230494304138142 0.050262843255932638 0.045615388176223404 -0.05227775557782393 -0.0080960569448396396 0.049665115138944914 0.038521846334607077
leaf_weight=2.033687997929523 0.67644395573006733 0.058403625407662529 1.5851478897820928 0.11618605573312368 0.074147518665995782 0.35915912262862537 0.10164232805982498 0.23293329201260349 0.56683986054122193 0.72818442556308582 0.047701898300147039 0.12335333991359221 1.4185275136987909 8.4525891055236553 2.9439062596065924 0.66353399796207668 0.24977897493226919 0.19530273409327492 0.43175383193738526 0.17551743001240538 0.14055941445258213 0.037515364587306976 0.11580995123222237 0.12300384593982017 0.052020758390426636 0.14587733727967134 0.3304000672796974 0.12940948003961228 0.22644127857347485 0.14386423327960074
leaf_count=17382 788 12 64 532 83 18 61 16 375 56 14 341 53 327 125 45 14 33 64 17 23 1 162 9 1 15 150 45 10 13
internal_value=0.026894 0.0359089 0.017147 -0.0217863 0.00405006 -0.0342349 0.0124096 -0.0279502 0.0185742 -0.0019147 -0.042903 0.0178598 0.0328292 0.0454199 0.036922 0.012856 -0.0124452 0.0026406 0.0287957 0.00381784 0.0063451 -0.0385519 -0.0234975 0.0182401 -0.00904826 0.0186279 -0.0444013 0.0444886 0.0314988 0.0164458
internal_weight=22.6796 19.1359 6.4373 3.54373 4.35244 2.69692 3.63848 0.482105 3.15637 1.29502 2.33776 0.846811 1.86135 12.6986 4.24602 1.30212 0.638583 0.442822 0.730625 0.298871 0.304071 0.713959 0.163512 0.249172 0.126168 0.34118 0.388804 2.08486 0.499715 0.273274
internal_count=20849 2296 1623 18553 1491 17599 702 109 593 431 17581 954 162 673 346 221 176 109 422 358 199 789 176 93 84 48 162 132 68 58
is_linear=0
shrinkage=0.05


Tree=119
num_leaves=31
num_cat=0
split_feature=5 7 5 3 5 3 5 4 7 7 1 7 4 1 7 4 2 7 5 1 7 2 7 5 5 7 5 1 2 7
split_gain=4.59746 1.06306 0.931147 0.629098 0.557039 0.653204 0.545121 0.391468 0.365359 0.33748 0.297411 0.216841 0.229244 0.187617 0.182887 0.133857 0.123783 0.229715 0.109117 0.0923348 0.0629994 0.0459681 0.0220959 0.00272031 0.000521652 0.000228514 5.61263e-05 4.80675e-05 2.6142e-05 1.89454e-05
threshold=0.55187041443273244 0.4288708452381923 0.77692039150474768 1.5000000000000002 0.37703876156758848 1.5000000000000002 0.21661244440873653 1.0000000180025095e-35 0.50696498429313719 0.71748051682258629 6.5000000000000009 0.66759605958163371 1.0000000180025095e-35 6.5000000000000009 0.30996399644545392 1.0000000180025095e-35 21.500000000000004 0.32577438321219071 0.65313484629090202 3.5000000000000004 0.246600740752704 2.5000000000000004 0.40129851081728674 0.69090039809582982 0.26969689915409245 0.48560542529687939 0.66217129979670952 3.5000000000000004 3.5000000000000004 0.3074562674637995
decision_type=2 2 2 2 2 2 2 2 2 2 2 2 2 2 2 2 2 2 2 2 2 2 2 2 2 2 2 2 2 2
left_child=1 6 3 10 -3 9 -1 14 13 19 11 12 25 15 24 27 17 -16 20 -6 -14 -10 28 -17 -8 -2 -27 -5 -19 -26
right_child=2 4 -4 8 5 -7 7 -9 21 -11 -12 -13 18 -15 16 23 -18 22 -20 -21 -22 -23 -24 -25 29 26 -28 -29 -30 -31
leaf_value=0.050182355639915882 -0.050021125672252635 0.050127250290525775 -0.050104113156716756 -0.050243595247740129 -0.014707262035193909 0.050168198822353328 -0.054347522901102896 0.032656229008383879 0.045343828017698047 0.036705957744954526 0.044305452649949104 0.013722195153316036 0.043796251917107155 0.050418772218992394 0.0311940894564805 0.009560650483602327 0.011619576070054087 -0.051963644699626936 -0.05049696240265418 0.0099515119014476714 -0.011418053347041872 0.025477717281522434 -0.027665403699256814 0.026244668188555725 -0.05008600706919239 -0.051844880950742481 -0.05048382791737465 -0.051877818155000088 -0.050963991680257038 -0.05146249644345588
leaf_weight=0.5745390541851586 0.49742574723495525 10.348226822912691 1.4633297209729788 0.22222678956313768 0.79980259336298265 1.9390487708151338 0.12668494874378644 0.48463042083312746 0.54237681254744508 0.82504824921488751 0.14462316781282436 0.2305530342273413 0.11507975639688084 0.082368358969688416 0.14001638847548747 0.052636175547377206 0.41731712728505954 0.11338187998626381 0.077392145583871752 0.72263574134558439 0.093748229111952242 0.62873656913870946 0.15493361912376713 0.045595951516588684 0.17908880058530485 0.36771559096087003 0.095395848366024438 0.056418962645693682 0.15454283916915301 0.029052824880636763
leaf_count=17 5236 424 12792 935 32 66 3 32 14 22 3 8 46 1 23 17 13 12 222 10 31 26 12 30 623 45 85 30 34 5
internal_value=0.0267032 0.0388143 -0.0169808 -0.00207743 0.043849 0.0286924 0.00777972 -0.00575735 0.0198561 0.0109532 -0.0241249 -0.030824 -0.0390616 -0.0179415 -0.0199141 -0.0328819 -0.00901602 -0.0243153 0.000215119 -0.00300281 0.0190091 0.0346783 -0.0426955 0.0173048 -0.0518178 -0.0507653 -0.0515645 -0.0505745 -0.051387 -0.0502781
internal_weight=21.7246 17.009 4.71562 3.25229 14.6348 4.28654 2.37419 1.79965 1.63036 2.34749 1.62193 1.47731 1.24676 0.459246 1.31502 0.376878 0.980192 0.562875 0.28622 1.52244 0.208828 1.17111 0.422858 0.0982321 0.334827 0.960537 0.463111 0.278646 0.267925 0.208142
internal_count=20849 1328 19521 6729 554 130 774 757 1053 64 5676 5673 5665 1013 725 1012 94 81 299 42 77 40 58 47 631 5366 130 965 46 628
is_linear=0
shrinkage=0.05


Tree=120
num_leaves=31
num_cat=0
split_feature=5 6 5 3 5 3 1 6 3 1 6 2 1 0 5 2 6 1 2 2 6 0 6 0 0 1 2 2 5 6
split_gain=4.34145 1.01663 0.890926 0.769495 0.89761 0.589079 0.408483 0.360498 0.298912 0.279486 0.287881 0.215928 0.324323 0.213175 0.186489 0.172647 0.137194 0.127559 0.281615 0.482925 0.126529 0.111298 0.245908 0.111063 0.155998 0.0922372 0.211632 0.0582893 0.0413828 0.0582792
threshold=0.55187041443273244 0.0092474451137293072 0.77692039150474768 1.5000000000000002 0.26969689915409245 1.5000000000000002 4.5000000000000009 0.0011815453701358128 1.0000000180025095e-35 6.5000000000000009 0.03718888413275865 3.5000000000000004 3.5000000000000004 250.21386734161678 0.44018887201575585 22.500000000000004 0.014744368493971835 1.5000000000000002 4.5000000000000009 21.500000000000004 0.015960691776764676 44.314907182073448 0.0070743887854516378 157.91048069127996 162.42154410939995 1.5000000000000002 2.5000000000000004 5.5000000000000009 0.48011880266979329 0.024248155883799551
decision_type=2 2 2 2 2 2 2 2 2 2 2 2 2 2 2 2 2 2 2 2 2 2 2 2 2 2 2 2 2 2
left_child=1 3 5 4 -1 9 7 -6 13 10 15 21 20 -9 -10 23 -17 18 -3 -20 -13 22 -7 -2 -25 26 -5 -27 -19 -30
right_child=2 17 -4 25 6 11 -8 8 14 -11 -12 12 -14 -15 -16 16 -18 28 19 -21 -22 -23 -24 24 -26 27 -28 -29 29 -31
leaf_value=0.045737528345841001 -0.050792940109729637 0.047817632175235311 -0.050099130088486633 0.045958003040327072 -0.064522331816965914 -0.051501999995355478 0.04715487553655117 -0.053068456787897136 0.023246374237154539 0.043775244748131575 0.046866571235231275 -0.051015114020455887 0.044804899282763162 0.046989204866026452 -0.050775794084083462 -0.050308963958508195 0.042512858537059238 0.049831240132891336 -0.053729715662342914 0.04540160550150537 0.012591254840019923 0.045471198411272132 0.040380677848859209 0.044058152143649505 -0.05033351985670427 0.049826471105353175 -0.031187372023432178 0.032156947652227007 0.018034901113823634 0.050136274599760999
leaf_weight=0.77003376855282768 0.96085120940187951 1.1160649254161388 1.3920972519408676 0.23730695707490701 0.46397283725673322 0.10899718134169234 0.20741894243110426 0.43816612052614778 0.51798793162743095 0.13919459376484167 0.1109684747934806 0.26654510731168557 0.21312427581142401 0.060593691261601634 0.1018125173941371 0.061840908681915496 0.11173435252567288 9.0926693865767412 0.21584273836924683 0.28517881158040836 0.11064054585585836 0.66377031056617852 0.21938999855046859 0.079884238184604328 0.096826492452237289 1.3815836826688612 0.14215367353608599 0.70487505490746105 0.25286790880636623 0.32069779559969902
leaf_count=26 5020 59 12792 13 141 64 9 261 36 3 8 775 31 9 120 184 7 397 43 17 49 93 41 23 431 53 55 43 34 12
internal_value=0.0264699 0.0385036 -0.0167986 0.0197991 0.000597592 -0.00205272 -0.0188215 -0.0274689 -0.0120993 -0.0238427 -0.030461 0.0194457 -0.00449885 -0.0409126 0.011087 -0.0370057 0.00944256 0.0468351 0.0338374 0.00269531 -0.0323573 0.0336922 0.00988328 -0.044093 -0.00766261 0.0397332 0.0170578 0.0438571 0.0490096 0.0359837
internal_weight=20.8451 16.3092 4.53586 5.02591 2.55999 3.14377 1.78995 1.58253 1.11856 1.5613 1.42211 1.58247 0.59031 0.49876 0.6198 1.31114 0.173575 11.2833 1.61709 0.501022 0.377186 0.992157 0.328387 1.13756 0.176711 2.46592 0.379461 2.08646 9.66624 0.573566
internal_count=20849 1328 19521 766 602 6729 576 567 426 5676 5673 1053 855 270 156 5665 191 562 119 60 824 198 105 5474 454 164 68 96 443 46
is_linear=0
shrinkage=0.05


Tree=121
num_leaves=31
num_cat=0
split_feature=5 6 5 3 5 3 4 6 3 0 2 2 5 2 2 0 3 6 0 6 4 2 2 2 3 5 6 6 0 6
split_gain=4.10673 0.986873 0.849687 0.724101 0.844574 0.556347 0.231171 0.213139 0.335269 0.204737 0.203442 0.276024 0.180492 0.170548 0.441572 0.154535 0.171996 0.153258 0.105294 0.231381 0.09832 0.110455 0.261309 0.0919826 0.205253 0.119788 0.173551 0.0872543 0.0557388 0.0512875
threshold=0.55187041443273244 0.0092474451137293072 0.77692039150474768 1.5000000000000002 0.26969689915409245 1.5000000000000002 1.0000000180025095e-35 0.00082644374790450379 1.0000000180025095e-35 250.21386734161678 3.5000000000000004 21.500000000000004 0.65313484629090202 21.500000000000004 4.5000000000000009 120.33106038563066 1.0000000180025095e-35 0.07401519825186316 44.314907182073448 0.0070743887854516378 1.0000000180025095e-35 4.5000000000000009 21.500000000000004 4.5000000000000009 1.0000000180025095e-35 0.37703876156758848 0.020781001596177493 0.030404255738759909 162.42154410939995 0.014744368493971835
decision_type=2 2 2 2 2 2 2 2 2 2 2 2 2 2 2 2 2 2 2 2 2 2 2 2 2 2 2 2 2 2
left_child=1 3 5 4 -1 6 15 -6 9 -9 18 27 29 14 -10 17 -17 -2 19 -7 21 -5 -23 -3 -25 -26 -27 -12 -18 -8
right_child=2 23 -4 20 7 10 12 8 13 -11 11 -13 -14 -15 -16 16 28 -19 -20 -21 -22 22 -24 24 25 26 -28 -29 -30 -31
leaf_value=0.045337745036690476 -0.050766011814109641 0.049505759292366634 -0.050094381149508795 0.041584647575064797 -0.059438037719064113 -0.051427647405735501 0.0047185156107511228 -0.052702480780434574 0.027659989549627086 0.046663931789377451 -0.05096479513804112 0.028727057828609671 -0.050654657670107017 0.046236605400831472 -0.053450977925425525 -0.050468348451536277 0.041544669446501342 0.050198810921345344 0.04503644960270381 0.039641791675198601 0.050182615695140556 -0.051650989443741094 0.03225461255876786 0.00089259547018413852 0.049592649642716258 -0.0060714585442801635 0.049075829057304454 0.039918311759557068 -0.050050408174968836 0.047135784970564282
leaf_weight=0.73877739789896013 0.79626820595149073 7.8974148393390333 1.3243262149699147 0.77399846643675119 0.26885594004852453 0.10382744154048851 0.12431239176657993 0.48587741277879082 0.42271819416782819 0.058030320957186632 0.24101404113025637 0.29830141169077251 0.093978896293265279 0.21646802405302878 0.27824466406673309 0.11035283400997287 0.14064254756522132 0.03944787010550499 0.63734157663566293 0.21248261279106373 1.1031159367412329 0.12355175801349105 0.37272227063658647 0.31389720712832092 1.9728878855239602 0.26477792392688559 0.30934214024455287 0.029659501335117966 0.018833554895536508 0.16699476190842688
leaf_count=26 4672 369 12792 41 104 64 73 294 40 9 765 87 223 13 116 530 67 1 93 41 38 70 15 50 92 36 15 3 104 6
internal_value=0.0263206 0.0382862 -0.0167133 0.0195417 0.000584813 -0.00204329 -0.0237549 -0.0185243 -0.010997 -0.0421009 0.019215 -0.00444651 0.00959684 0.00744326 -0.00453671 -0.0353781 -0.00247936 -0.0460002 0.0333321 0.00974863 0.0392621 0.0297786 0.0113656 0.0467231 0.0390417 0.0437432 0.0236425 -0.0410061 0.0307276 0.0290346
internal_weight=19.9385 15.6007 4.33778 4.84236 2.46897 3.01346 1.49083 1.73019 1.46134 0.543908 1.52263 0.568975 0.385286 0.917431 0.700963 1.10555 0.269829 0.835716 0.953652 0.31631 2.37339 1.27027 0.496274 10.7583 2.86091 2.54701 0.57412 0.270674 0.159476 0.291307
internal_count=20849 1328 19521 766 602 6729 5676 576 472 303 1053 855 302 169 156 5374 701 4673 198 105 164 126 85 562 193 143 51 768 171 79
is_linear=0
shrinkage=0.05


Tree=122
num_leaves=31
num_cat=0
split_feature=5 7 5 6 6 3 7 4 7 4 6 5 7 6 6 5 5 6 7 6 7 5 7 7 6 5 7 7 5 7
split_gain=3.88178 1.03603 0.811242 0.71076 0.614399 0.523776 0.330706 0.26078 0.256362 0.347952 0.202833 0.273281 0.232458 0.131416 0.186094 0.123904 0.111166 0.231167 0.38967 0.0446584 0.0972852 0.000635796 0.000145357 5.75403e-05 5.40125e-05 3.59906e-05 2.02728e-05 6.49981e-06 5.6986e-06 5.47144e-06
threshold=0.55187041443273244 0.4288708452381923 0.77692039150474768 0.0014486315633139484 0.020781001596177493 1.5000000000000002 0.50696498429313719 1.0000000180025095e-35 0.66759605958163371 1.0000000180025095e-35 0.0012061840587895753 0.21661244440873653 0.40590577401962674 0.050112893505481405 0.00024141026186848724 0.65313484629090202 0.37703876156758848 0.015960691776764676 0.62461637458143737 0.014744368493971835 0.47492814856243182 0.32671335553782699 0.48560542529687939 0.3736935917452095 0.0011815453701358128 0.66217129979670952 0.43542881278117024 0.3074562674637995 0.41572676676501963 0.35685321809070475
decision_type=2 2 2 2 2 2 2 2 2 2 2 2 2 2 2 2 2 2 2 2 2 2 2 2 2 2 2 2 2 2
left_child=1 4 5 -3 7 8 13 10 9 22 12 -12 24 14 -7 19 -5 18 -18 20 -11 -13 -2 27 -1 -24 -16 -23 -29 -4
right_child=2 3 29 16 -6 6 -8 -9 -10 15 11 21 -14 -15 26 -17 17 -19 -20 -21 -22 23 25 -25 -26 -27 -28 28 -30 -31
leaf_value=-0.050318842269168766 -0.050028058657256229 0.0065291454627729008 -0.050009574107596058 0.050108320984808025 0.038641519645784633 0.033214398129683707 0.033918007276227215 0.023082256583738293 0.02091484447706056 -0.050350684866000778 0.050183343545245486 -0.054198457155324536 0.049706020830307417 0.050150079059308253 -0.050224208000105297 -0.05042763015305305 -0.0072010597283041575 0.050158624982502023 0.050158683754446515 0.046150978033803268 0.040178695718066079 -0.050083485927760733 -0.051586117444176766 -0.051475920828029015 -0.052761745444945378 -0.050416039596794908 -0.051195676234711031 -0.050911233832409558 -0.050235675544391845 -0.050225096406558103
leaf_weight=0.041526765297024371 0.43862357753096037 1.1827679214766238 0.79055793788211282 8.597030855715273 0.86610481463139866 0.087897371988219786 1.0500395521521566 0.32433325478632469 0.2637830013409258 0.048993402429914568 0.072783377021551132 0.20744884299347177 0.14886881993152201 0.059589380398392677 0.1978591768493061 0.066674120527750347 0.58666328317485683 1.8103838413953779 0.59779834188520908 0.13329260284081101 0.075266237370669842 0.12230226354586193 0.31862506571997073 0.20457926651579328 0.049714880100509617 0.082798645962611772 0.073708468247787096 0.066848531016148627 0.058564157156069996 0.46929108180847834
leaf_count=151 5237 26 11262 412 35 44 40 28 9 70 2 14 2 2 933 222 29 66 21 5 3 471 45 18 2 85 34 6 45 1530
internal_value=0.02614 0.0380326 -0.0165947 0.0434511 0.0060324 -0.00202912 0.0189316 -0.0157437 -0.0235921 -0.0336758 -0.0286905 -0.041763 0.0111909 -0.0186205 -0.0300208 0.0103218 0.0472184 0.0389224 0.0217484 0.0260484 0.00448454 -0.0519066 -0.0506573 -0.0508554 -0.0516499 -0.0513448 -0.0504879 -0.0503428 -0.0505958 -0.0500899
internal_weight=19.0947 14.9377 4.157 12.7746 2.16307 2.89715 1.46909 1.29697 1.42806 1.16427 0.972637 0.732526 0.24011 0.419054 0.359465 0.324226 11.5919 2.99485 1.18446 0.257552 0.12426 0.659743 0.840047 0.452294 0.0912416 0.401424 0.271568 0.247715 0.125413 1.25985
internal_count=20849 1328 19521 554 774 6729 1053 739 5676 5667 711 556 155 1013 1011 300 528 116 50 78 73 554 5367 540 153 130 967 522 51 12792
is_linear=0
shrinkage=0.05


Tree=123
num_leaves=31
num_cat=0
split_feature=5 7 5 3 6 1 6 0 1 6 3 5 0 7 7 1 3 5 0 7 5 5 5 0 0 6 5 5 6 6
split_gain=3.66581 1.17629 0.68485 0.705169 0.821148 0.632605 0.587284 0.38209 0.362268 0.335599 0.293544 0.227082 0.196651 0.17737 0.175445 0.167127 0.16835 0.162421 0.103889 0.0698918 0.0511259 0.0486546 0.023937 0.0222072 0.0125514 0.0773914 0.011019 0.0246631 0.0492495 0.00789793
threshold=0.60657807696387767 0.44169221199942432 0.37703876156758848 1.5000000000000002 0.016408764523637938 3.5000000000000004 0.020781001596177493 30.398609806768679 2.5000000000000004 0.024248155883799551 1.0000000180025095e-35 0.77692039150474768 66.230817566777858 0.39569486501867601 0.81338551208624488 2.5000000000000004 1.5000000000000002 0.41572676676501963 22.021907444659572 0.36660805002641084 0.32671335553782699 0.26969689915409245 0.54295013503083467 12.725393487214673 22.29592645052881 0.014744368493971835 0.68303578599192039 0.7604581556953548 0.07401519825186316 0.0047722961600088964
decision_type=2 2 2 2 2 2 2 2 2 2 2 2 2 2 2 2 2 2 2 2 2 2 2 2 2 2 2 2 2 2
left_child=1 6 -3 4 8 9 10 -7 29 14 -1 26 15 -11 -2 16 17 -12 -19 -8 -17 -18 -5 -22 -20 -26 -9 28 -28 -4
right_child=5 2 3 22 -6 7 19 11 -10 13 12 -13 -14 -15 -16 20 21 18 24 -21 23 -23 -24 -25 25 -27 27 -29 -30 -31
leaf_value=-0.052303095886578048 -0.050197416960695934 0.050104404425407104 -0.053301125781865237 0.050142794340857388 0.045318136869204044 -0.050866347945410298 0.021810734230578169 0.048934356061128274 0.0033880146186027944 -0.050362638384337466 -0.05105620765708601 -0.050342294226633 -0.050744131597664922 0.03569150642071868 0.050224901099923114 0.047774686912128467 -0.0031640480937872393 -0.050224660103042384 0.050722297543744271 0.049838112279566686 0.036718503656904933 -0.051427316960622915 0.037965635438208918 0.0018784868598426573 -0.050052097211211927 0.049838348681721746 -0.050243627769637172 0.045495511614701778 0.050132339478422362 -0.041266206291496459
leaf_weight=0.37587523590991923 1.7867966763842558 8.4200739264488202 0.29354130783758525 1.5622968357056382 0.88935582363046695 0.18001429921787337 0.4137515608454122 0.34998413344510482 0.94465220936399419 0.084924596118071238 0.079660929171950334 0.072942982227687025 0.17692715926750668 0.20304052031133324 0.044578205794095882 0.21385527355596423 0.069778665900230408 0.035832437675708206 0.14037424325942993 0.48104536067694426 0.067308786485227756 0.20751211232345668 0.5441264547407626 0.14271893394106883 0.024671421993843978 0.090584704012144357 0.022805620996223297 0.12205636141152354 0.026328228414058685 0.25452520496037323
leaf_count=793 17681 420 27 64 27 459 29 34 28 140 13 341 164 14 1 7 2 104 1 18 12 137 18 45 141 3 85 22 1 18
internal_value=0.0259106 0.035596 0.0416959 0.0259221 0.0072857 -0.0257336 0.0043486 0.0129494 -0.0153739 -0.0398633 -0.0135626 0.0322852 -0.00190611 0.010313 -0.047753 0.00615207 -0.00980791 0.0122142 0.0295069 0.0368783 0.0305661 -0.0392821 0.0469972 0.0130439 0.0406831 0.0284561 0.0438497 0.0334545 0.00354254 -0.047712
internal_weight=18.3219 15.4285 12.9086 4.4885 2.38207 2.89347 2.5199 0.774132 1.49272 2.11934 1.6251 0.594117 1.24922 0.287965 1.83137 1.0723 0.648415 0.371124 0.291463 0.894797 0.423883 0.277291 2.10642 0.210028 0.25563 0.115256 0.521174 0.17119 0.0491338 0.548067
internal_count=20849 2071 602 182 100 18778 1469 942 73 17836 1422 483 629 154 17682 465 401 262 249 47 64 139 82 57 145 144 142 108 86 45
is_linear=0
shrinkage=0.05


Tree=124
num_leaves=31
num_cat=0
split_feature=5 7 5 6 6 7 4 4 6 1 5 1 7 1 5 6 7 5 7 6 6 2 2 5 7 5 7 1 7 5
split_gain=3.48583 0.943775 0.739277 0.7039 0.535811 0.470101 0.553269 0.243767 0.238512 0.224055 0.248558 0.193211 0.161026 0.152284 0.111668 0.22372 0.366344 0.0955819 0.0776198 0.0899367 0.0624943 0.0469464 0.123225 0.0613569 0.0229539 0.0798064 0.0191705 0.000456132 0.000173503 5.81261e-05
threshold=0.55187041443273244 0.4288708452381923 0.77692039150474768 0.0014486315633139484 0.020781001596177493 0.66759605958163371 1.0000000180025095e-35 1.0000000180025095e-35 0.024248155883799551 1.0000000180025095e-35 0.21661244440873653 6.5000000000000009 0.40590577401962674 3.5000000000000004 0.37703876156758848 0.015960691776764676 0.62461637458143737 0.69334968980408174 0.55258286185066441 0.050112893505481405 0.0034802866415202696 3.5000000000000004 2.5000000000000004 0.64630581293608913 0.59406677549667541 0.56609114701859709 0.39569486501867601 3.5000000000000004 0.53576077067420302 0.41572676676501963
decision_type=2 2 2 2 2 2 2 2 2 2 2 2 2 2 2 2 2 2 2 2 2 2 2 2 2 2 2 2 2 2
left_child=1 4 5 -3 7 6 8 9 11 12 -11 21 -1 17 -5 16 -16 20 19 -10 -8 22 -2 24 25 -24 -22 29 -23 -12
right_child=2 3 -4 14 -6 -7 13 -9 18 10 27 -13 -14 -15 15 -17 -18 -19 -20 -21 26 28 23 -25 -26 -27 -28 -29 -30 -31
leaf_value=-0.050336816853502046 -0.050911393138552564 0.005680647359983056 -0.050082310658453671 0.050098001756488202 0.037222934362776683 0.037415450896195378 -0.050216842044670321 0.022719431190932449 -0.050422328160760567 0.050166233165770902 -0.051480989372798852 0.039454570759967715 0.04827507006447701 0.049179697244200828 -0.007031329879634127 0.050144126881018797 0.050148272637120961 -0.050439005552355191 0.050181553308615436 0.050180226133672824 0.013732668049114043 -0.050165859234425562 0.048833726903958125 -0.050570101534399517 0.048285009078933988 -0.050812776388650338 0.044839531629971521 -0.054124513323695458 -0.051754106533969502 -0.050330461902326096
leaf_weight=0.059344190431150468 0.27273318448351369 1.1404889278928738 1.1419171731067761 7.780638709664343 0.81441478205670126 0.58880086103454221 0.031575072411214822 0.3114790235995315 0.058583853729942237 0.066036757081747055 0.2850051511413767 0.075379810295998939 0.13689316087402403 0.32999467494664714 0.56790678243851311 1.6436593402177093 0.55278385244309902 0.0710660326803918 0.10521727055311203 0.035786125808954239 0.134873077760858 0.47784508818585891 0.044992468276177533 0.039965971423953306 0.046805282472632825 0.036308710084995255 0.078273571998579428 0.16134428652731003 0.26861502624160494 0.17855422950015054
leaf_count=92 955 26 12792 412 35 21 69 28 55 2 67 2 2 26 29 66 21 188 3 1 67 4968 6 237 2 59 6 33 64 515
internal_value=0.0257477 0.0375481 -0.0163623 0.0429953 0.00592822 -0.00208415 -0.013117 -0.0153346 -0.03014 -0.028695 -0.042086 -0.0381686 0.0184538 0.0254278 0.0470311 0.0383989 0.0211727 0.000607424 0.0206516 -0.0122727 0.0154311 -0.043097 -0.0301587 0.00351702 0.0203908 0.00433208 0.025156 -0.0518348 -0.0507374 -0.0510378
internal_weight=17.5373 13.6985 3.83873 11.6855 2.01307 2.69682 2.10802 1.19866 1.46223 0.887178 0.69094 1.26265 0.196237 0.645782 10.545 2.76435 1.12069 0.315788 0.199587 0.09437 0.244722 1.18727 0.440806 0.168072 0.128106 0.0813012 0.213147 0.624904 0.74646 0.463559
internal_count=20849 1328 19521 554 774 6729 6708 739 6352 711 617 6293 94 356 528 116 50 330 59 56 142 6291 1259 304 67 65 73 615 5032 582
is_linear=0
shrinkage=0.05


Tree=125
num_leaves=31
num_cat=0
split_feature=5 6 5 3 5 3 1 6 6 1 6 1 6 1 6 5 4 3 5 5 5 1 6 5 4 1 6 4 0 6
split_gain=3.28643 0.885452 0.705349 0.679399 0.740577 0.446047 0.379675 0.297818 0.239117 0.230855 0.228394 0.186986 0.158242 0.137926 0.18876 0.22237 0.13604 0.133835 0.161171 0.119738 0.174264 0.105955 0.0966619 0.122551 0.0862042 0.126956 0.151401 0.0648862 0.117853 0.0648186
threshold=0.55187041443273244 0.0092474451137293072 0.77692039150474768 1.5000000000000002 0.26969689915409245 1.5000000000000002 4.5000000000000009 0.0011815453701358128 0.0012061840587895753 6.5000000000000009 0.03718888413275865 3.5000000000000004 0.0070743887854516378 1.5000000000000002 0.015960691776764676 0.26969689915409245 1.0000000180025095e-35 1.0000000180025095e-35 0.32671335553782699 0.60657807696387767 0.59185574037052913 2.5000000000000004 8.9898404961085606e-05 0.56609114701859709 1.0000000180025095e-35 2.5000000000000004 0.0022021284852602884 1.0000000180025095e-35 157.91048069127996 0.0061072391956947724
decision_type=2 2 2 2 2 2 2 2 2 2 2 2 2 2 2 2 2 2 2 2 2 2 2 2 2 2 2 2 2 2
left_child=1 3 5 4 -1 9 7 -6 -9 10 19 12 22 14 15 -3 17 -10 -19 20 -2 -20 -7 -24 25 26 -5 28 -22 -28
right_child=2 13 -4 24 6 11 -8 8 16 -11 -12 -13 -14 -15 -16 -17 -18 18 21 -21 27 -23 23 -25 -26 -27 29 -29 -30 -31
leaf_value=0.044992680945292504 -0.050828571384125401 0.050089244702802564 -0.050078355107252052 -0.051923525378712414 -0.063524516040166498 0.047559987858818598 0.047074385068630299 0.050614511904902827 -0.052461877284143692 0.043124571576067437 0.046549758737957664 0.041410688405016827 0.021322270362916007 0.048708755431645906 0.039689057324975546 -0.052278829719231458 0.025988741733187409 0.044987908846498295 -0.051554699830799001 -0.05045429059689549 -0.051255233602191322 0.024584223519073224 0.034027640196536556 -0.051106600464178045 0.050160913839109561 0.041921698919381786 0.041818327151798715 0.046613075518208175 0.037282644353846581 -0.0071008310534393972
leaf_weight=0.62296329176752196 0.1997603688942029 0.088832054287193318 1.0863088534388223 0.086780165685923061 0.42344309175314243 0.040662692470505135 0.18813498657254957 0.1275355855395901 0.36363678511406761 0.11911116633564245 0.089891828742110991 0.52718241560069146 0.47032337994824047 7.6244658391988196 1.0870357059466185 0.13170287011598703 0.12074729446612764 0.098747747018933296 0.17103886659970158 0.62714255911851069 0.075986212938005337 0.062349058851395966 0.052121578264632262 0.22368129991082242 0.9452371597290038 0.71178747861995362 0.17985950050206156 0.087914848234504461 0.074374401174281957 0.10860129147476982
leaf_count=26 418 5 12792 31 141 14 9 2 262 3 8 46 276 443 60 54 13 4 128 5037 186 17 11 706 38 36 41 6 18 18
internal_value=0.0255379 0.0372249 -0.0162646 0.0183234 -0.00107424 -0.00207217 -0.019522 -0.0286841 -0.0130569 -0.0231508 -0.0299852 0.0183682 0.00292869 0.0461357 0.0311323 -0.0110447 -0.023002 -0.0315041 -0.00855855 -0.036444 -0.0163853 -0.0312144 -0.0244074 -0.0350178 0.0391177 0.029515 0.00598104 0.0124904 -0.00746084 0.023401
internal_weight=16.8174 13.1429 3.67446 4.21086 2.1786 2.58815 1.55563 1.3675 0.944055 1.27418 1.15507 1.31397 0.786789 8.93204 1.30757 0.220535 0.81652 0.695772 0.332136 1.06518 0.438036 0.233388 0.316466 0.275803 2.03227 1.08703 0.375241 0.238275 0.150361 0.288461
internal_count=20849 1328 19521 766 602 6729 576 567 426 5676 5673 1053 1007 562 119 59 424 411 149 5665 628 145 731 717 164 126 90 210 204 59
is_linear=0
shrinkage=0.05


Tree=126
num_leaves=31
num_cat=0
split_feature=7 6 4 1 1 7 3 3 6 1 6 2 6 6 7 3 4 7 6 6 1 6 7 3 7 4 7 6 1 6
split_gain=2.79258 1.0849 0.698726 0.503545 0.45336 0.40783 0.314451 0.300828 0.264962 0.26282 0.233765 0.209741 0.207266 0.144404 0.326663 0.206534 0.301892 0.135358 0.133539 0.1179 0.135407 0.115283 0.10316 0.0935572 0.0926854 0.0789824 0.062796 0.0460309 0.10571 0.0431386
threshold=0.38614249969323833 0.010234575731995951 1.0000000180025095e-35 2.5000000000000004 4.5000000000000009 0.76573366385537411 1.5000000000000002 1.0000000180025095e-35 0.0011815453701358128 1.5000000000000002 0.0012061840587895753 3.5000000000000004 0.014744368493971835 0.024248155883799551 0.56968344794642389 1.5000000000000002 1.0000000180025095e-35 0.30996399644545392 0.020781001596177493 0.015034901598674556 1.5000000000000002 0.03718888413275865 0.56968344794642389 1.0000000180025095e-35 0.3736935917452095 1.0000000180025095e-35 0.62461637458143737 0.0032816105135228218 6.5000000000000009 0.0053801687988060129
decision_type=2 2 2 2 2 2 2 2 2 2 2 2 2 2 2 2 2 2 2 2 2 2 2 2 2 2 2 2 2 2
left_child=3 2 4 12 5 6 8 -5 -2 26 -10 23 -1 14 15 16 -3 18 25 -14 -21 24 -11 -12 -22 -9 -8 28 -19 -13
right_child=1 13 -4 7 -6 -7 9 17 10 22 11 29 19 -15 -16 -17 -18 27 -20 20 21 -23 -24 -25 -26 -27 -28 -29 -30 -31
leaf_value=-0.050255545374643912 -0.063537876133905283 -0.044207854649623776 0.04371775655057672 -0.050131928366786586 0.041596424010593248 0.044670895844561451 -0.051601731075573976 -0.050355673464854311 0.049909614370631489 0.0055410901982833561 -0.050395425867940782 -0.052234424206431186 0.03981480935486735 0.049566930508459152 0.047331861126922253 0.035024000887661021 0.037527630475542209 -0.051083166806967763 0.04283404325877805 -0.052623103724039222 -0.051230834940667713 0.04949181468089249 0.046004773282621869 0.018269952718487116 0.041247053439702204 0.025390679985214971 0.012147593240474243 0.045693323582912164 0.050314300607110743 -0.025474987076937169
leaf_weight=1.1566448011071799 0.38373507947471841 0.28394622603809549 1.4877326770765646 0.18322240039196902 0.60220838295936108 0.34082706982735533 0.16793584335027834 0.13692804889433319 0.12221296670759307 0.30085674607107649 0.059419237568363314 0.36091576752005494 0.090307492850115412 5.7695163672906347 2.0256876550265588 0.47496516636601882 0.18761837830243167 0.043868236141861416 0.090887953883793671 0.20231876505204127 0.095298675649246434 0.085383121069753543 0.33060062117874622 0.30039606421996723 0.037857284107303713 0.045968452213855926 0.050170134985819459 0.37136453066341346 0.062077581882476807 0.25846678692687419
leaf_count=14444 289 162 132 2274 34 18 142 835 8 79 129 496 62 327 125 45 14 48 15 461 283 5 17 62 4 50 8 71 1 209
internal_value=0.0253547 0.034492 0.0152996 -0.0220753 0.00240095 -0.00642115 -0.0138797 0.00731145 -0.0277582 0.0103817 -0.0152925 -0.0234303 -0.0385379 0.0449545 0.0360011 0.0117518 -0.0116883 0.0213242 -0.00670175 -0.0120236 -0.023147 0.0041413 0.0267259 0.00693068 -0.0249386 -0.0313179 -0.0369377 0.0373999 0.00832937 -0.0410678
internal_weight=16.1093 13.5072 4.76548 2.60213 3.27774 2.67554 2.33471 0.934317 1.48515 0.849563 1.10141 0.979198 1.66781 8.74173 2.97222 0.94653 0.471565 0.751095 0.273784 0.511165 0.420858 0.218539 0.631457 0.359815 0.133156 0.182897 0.218106 0.47731 0.105946 0.619383
internal_count=20849 2296 1623 18553 1491 1457 1439 3294 1193 246 904 896 15259 673 346 221 176 1020 900 815 753 292 96 191 287 885 150 120 49 705
is_linear=0
shrinkage=0.05


Tree=127
num_leaves=31
num_cat=0
split_feature=7 6 3 1 1 6 7 3 6 6 0 1 2 6 7 3 1 7 6 7 0 2 6 6 6 7 6 6 2 1
split_gain=2.6321 1.04903 0.633759 0.48689 0.478653 0.44992 0.29646 0.285088 0.242344 0.198598 0.226234 0.173243 0.295386 0.145312 0.315896 0.191262 0.18916 0.128026 0.125503 0.102564 0.0867408 0.150429 0.066951 0.197333 0.0563266 0.0538007 0.0530939 0.0432078 0.0970214 0.0427822
threshold=0.38614249969323833 0.010234575731995951 1.5000000000000002 4.5000000000000009 2.5000000000000004 0.0011815453701358128 0.66759605958163371 1.0000000180025095e-35 0.0012061840587895753 0.014744368493971835 41.151724042348029 1.5000000000000002 3.5000000000000004 0.024248155883799551 0.56968344794642389 1.5000000000000002 2.5000000000000004 0.30996399644545392 0.020781001596177493 0.2396101482698676 10.595155689298823 3.5000000000000004 0.0053801687988060129 0.0068261452207862275 0.0014748685111789916 0.56968344794642389 0.0014486315633139484 0.0052042945460223098 21.500000000000004 4.5000000000000009
decision_type=2 2 2 2 2 2 2 2 2 2 2 2 2 2 2 2 2 2 2 2 2 2 2 2 2 2 2 2 2 2
left_child=4 2 3 5 9 -2 8 -6 -7 -1 19 12 -4 14 15 16 -3 18 24 -11 21 -10 -22 -24 26 29 -9 28 -19 -13
right_child=1 13 11 -5 7 6 -8 17 20 10 -12 25 -14 -15 -16 -17 -18 27 -20 -21 22 -23 23 -25 -26 -27 -28 -29 -30 -31
leaf_value=-0.050243616020876264 -0.062045441213346222 -0.051628510444154785 0.034031813392954136 0.040166778070085681 -0.05012562714928917 0.049627909108545532 0.029417395848781131 -0.050070752545276556 0.038614736985255423 -0.050118805606537323 -0.052842812961491709 0.022747359581053089 -0.051570381222647767 0.049507494911062905 0.047063267141451121 0.034110975997615499 0.014310322999804198 -0.051015270767469867 0.042226570505894484 0.029665662519010302 -0.051804494739106768 -0.052136512168534849 0.02565200714219559 -0.0515113795034726 -0.050359302828044419 0.048734232884471068 0.049669296294435852 0.046845374193519917 0.04191618987492722 0.0492059557267574
leaf_weight=1.1004892146229406 0.39576856675921535 0.17862175589107065 0.32205967049594653 0.51564359078474797 0.17430789599166008 0.11669625989452448 0.4974465220439015 0.021999575579684461 0.11505702696013032 0.048371276800025842 0.19999383187314379 0.49476671804950445 0.14667228464531945 5.4945598852355033 1.93761865561828 0.46358875041914871 0.27810469244650449 0.040888135845307261 0.087668030071654357 0.24083408286969643 0.32708414644002914 0.075711222034442471 0.13943331220434629 0.20418785938090878 0.11978408396316809 1.0383947824593631 0.033907963668752927 0.32667574082006468 0.089697428506042343 0.22103551204781979
leaf_count=14444 304 135 40 28 2274 9 28 212 19 361 348 88 128 327 125 45 41 67 15 106 595 79 91 149 669 55 4 45 8 10
internal_value=0.0251477 0.0341839 0.0150378 -0.00285251 -0.0219947 -0.0147061 -0.00200942 0.00725436 -0.0179915 -0.0384607 -0.0119543 0.0342488 0.00724578 0.0447512 0.0356068 0.0114866 -0.0114778 0.0211338 -0.00663607 0.0163212 -0.0271513 0.0025978 -0.0356128 -0.0202003 -0.0310179 0.0414641 0.0104217 0.0371278 0.0128181 0.0309176
internal_weight=15.4471 12.9625 4.60996 2.38703 2.48462 1.87138 1.47562 0.894929 0.97817 1.58969 0.489199 2.22293 0.468732 8.35249 2.85793 0.920315 0.456726 0.720621 0.26336 0.289205 0.861474 0.190768 0.670705 0.343621 0.175692 1.7542 0.0559075 0.457261 0.130586 0.715802
internal_count=20849 2296 1623 1302 18553 1274 970 3294 942 15259 815 321 168 673 346 221 176 1020 900 467 933 98 835 240 885 153 216 120 75 98
is_linear=0
shrinkage=0.05


Tree=128
num_leaves=31
num_cat=0
split_feature=7 4 3 4 7 7 1 2 2 3 2 2 1 3 0 0 7 7 0 0 7 1 7 2 2 0 3 1 1 7
split_gain=2.48375 0.590145 0.553648 0.472425 0.479712 0.357864 0.328397 0.196295 0.397007 0.189169 0.174962 0.210999 0.220493 0.17601 0.169641 0.441051 0.154595 0.107666 0.0944337 0.0814919 0.0776087 0.0754387 0.0649306 0.0729955 0.43677 0.0634463 0.0544303 0.0819453 0.0424799 0.0422659
threshold=0.44169221199942432 1.0000000180025095e-35 1.5000000000000002 1.0000000180025095e-35 0.76573366385537411 0.30996399644545392 4.5000000000000009 4.5000000000000009 21.500000000000004 1.0000000180025095e-35 21.500000000000004 4.5000000000000009 1.5000000000000002 1.0000000180025095e-35 44.314907182073448 52.983782115057288 0.66759605958163371 0.43542881278117024 227.71255495245762 50.842225484572488 0.21821931409656012 1.5000000000000002 0.59406677549667541 4.5000000000000009 21.500000000000004 24.129343929497722 1.0000000180025095e-35 2.5000000000000004 2.5000000000000004 0.39569486501867601
decision_type=2 2 2 2 2 2 2 2 2 2 2 2 2 2 2 2 2 2 2 2 2 2 2 2 2 2 2 2 2 2
left_child=1 5 3 4 6 -1 7 14 -9 18 11 12 -7 19 26 -16 21 -14 -3 -12 -11 -17 23 -4 -25 -10 27 -2 29 -22
right_child=2 9 22 -5 -6 10 -8 8 25 20 13 -13 17 -15 15 16 -18 -19 -20 -21 28 -23 -24 24 -26 -27 -28 -29 -30 -31
leaf_value=-0.04684918437233504 -0.050724325785863715 -0.051048846709924982 0.044518094600595873 0.045665425690032624 0.047499249140839347 -0.051012737965978397 0.037117853101866091 -0.051981452560257171 -0.012342053942949439 -0.050025395204492541 -0.05401999634256243 -0.050590132267839261 0.035930204709428787 0.035577441415729924 -0.066445649022556189 -0.037774427522661191 0.042584871430805499 -0.051836880135019463 0.043532399929766763 0.03073453656122704 0.0075292574312674707 0.013338182113106901 0.049116963154183957 -0.051120973488906311 0.045662664847156753 0.041433998719134384 0.034187293472249879 0.048014784283935061 0.047458946047090569 0.04561067596463729
leaf_weight=1.1221626213991855 0.049987391845206064 0.11422200300876273 1.6246372366440485 1.6076741967663108 0.7699868322815745 0.14150733883434419 0.54720128083135922 0.51058095008374937 0.080072581717104185 0.027156759486388182 0.1033875968605571 0.3647402827955375 0.26667828922290937 0.33501937924302183 0.23732839504009462 0.13388060934812529 0.26517144404351711 0.04021145428851014 0.034320920065511018 0.039082689403585391 0.18709115767705953 0.15666696061816765 4.2106438743066974 0.14783407093636913 0.55122070273500867 0.17411877497215755 0.44450160058477195 0.036251867892133305 0.37475570796232205 0.11933890219370369
leaf_count=15744 67 526 103 120 46 365 28 499 10 254 51 1810 283 80 9 39 13 9 24 29 140 36 273 82 36 45 59 11 36 22
internal_value=0.0249318 -0.0135392 0.0358247 0.0233258 0.0127804 -0.0261982 0.00263794 -0.00639578 -0.0265629 0.0221056 -0.00824269 -0.0223499 0.00062153 0.0157811 0.00525507 -0.00938753 0.01498 0.0244302 -0.0291958 -0.03077 0.0328637 -0.0102139 0.0454143 0.038705 0.0251951 0.0244941 0.0271344 -0.00921797 0.0361682 0.02236
internal_weight=14.8174 3.26968 11.5478 5.01342 3.40575 2.41279 2.63576 2.08856 0.764772 0.856885 1.29063 0.813137 0.448397 0.47749 1.32379 0.793047 0.555719 0.30689 0.148543 0.14247 0.708343 0.290548 6.53434 2.32369 0.699055 0.254191 0.530741 0.0862393 0.681186 0.30643
internal_count=20849 19373 1476 982 862 18371 816 788 554 1002 2627 2467 657 160 234 97 88 292 550 80 452 75 494 221 118 55 137 78 198 162
is_linear=0
shrinkage=0.05


Tree=129
num_leaves=31
num_cat=0
split_feature=5 7 6 5 6 7 6 1 5 0 2 2 7 1 2 6 5 6 7 1 1 7 2 1 5 1 5 7 6 7
split_gain=2.92162 0.801307 0.578904 0.574416 0.424394 0.372038 0.287411 0.327176 0.153474 0.164859 0.152429 0.126833 0.165462 0.116943 0.113096 0.130323 0.0973209 0.187075 0.294099 0.0866926 0.000336616 9.7675e-05 3.13256e-05 2.67146e-05 2.41742e-05 2.65762e-05 1.98148e-05 1.18799e-05 8.61445e-06 8.54845e-06
threshold=0.55187041443273244 0.4288708452381923 0.0014486315633139484 0.77692039150474768 0.020781001596177493 0.66759605958163371 0.030404255738759909 6.5000000000000009 0.21661244440873653 22.29592645052881 21.500000000000004 3.5000000000000004 0.50696498429313719 4.5000000000000009 22.500000000000004 0.014744368493971835 0.37703876156758848 0.015960691776764676 0.62461637458143737 2.5000000000000004 3.5000000000000004 0.53576077067420302 22.500000000000004 3.5000000000000004 0.58045833459580731 3.5000000000000004 0.37703876156758848 0.3458917321179949 0.015960691776764676 0.48560542529687939
decision_type=2 2 2 2 2 2 2 2 2 2 2 2 2 2 2 2 2 2 2 2 2 2 2 2 2 2 2 2 2 2
left_child=1 4 -3 5 8 6 7 11 -1 10 19 12 23 20 21 -16 -4 18 -18 26 22 28 27 -2 -23 -26 -10 -11 -13 -30
right_child=3 2 16 -5 -6 -7 -8 -9 9 13 -12 14 -14 -15 15 -17 17 -19 -20 -21 -22 24 -24 -25 25 -27 -28 -29 29 -31
leaf_value=0.050135481858850875 -0.050195069238931578 0.0060541271119048242 0.050078160447614956 -0.050083693932745692 0.035498700915729375 0.03473458184548122 0.044980361304182183 0.045590295327777614 -0.051572315153364648 -0.050167181784094954 0.037101563256053204 -0.050032465640896619 0.0064967330561472294 0.014376778877401306 -0.050394291765446464 0.03893100362282538 -0.0064048152706423656 0.050114140066162716 0.050119747924925954 0.010625100161706591 -0.054357029507606382 -0.051907800084034839 -0.051571400690559578 -0.051648492172769393 -0.050360628221191063 -0.051802102422355258 -0.050308130690911883 -0.050872536682708663 -0.050240983761174834 -0.051292588273776432
leaf_weight=0.080793943256138645 0.14424038651122983 0.97044850059319188 6.1638527391478402 0.94289547603875679 0.67605463026848156 0.49386378237977613 0.18311004059432878 0.16451356979086984 0.083710951876128092 0.12295035742499749 0.17493360066509922 0.32598250823502894 0.40917495556277572 0.080136131451581605 0.079004860381246544 0.084513243971741758 0.48076205723919008 1.2959080114960668 0.44140749704092741 0.099412428698997246 0.083944679296109825 0.12093932830612175 0.097938884544419125 0.040490960927854758 0.080653112367144786 0.052979992004111409 0.049221929435589118 0.11602972793480149 0.057724092206626665 0.02905092085711658
leaf_count=3 1255 26 412 12792 35 21 27 4 13 445 16 4835 27 9 221 8 29 66 21 35 18 6 19 61 55 5 152 29 202 2
internal_value=0.0246949 0.0369237 0.0426134 -0.0172885 0.00496678 -0.00364368 -0.0143376 -0.021172 -0.0159025 -0.0217768 0.00184921 -0.0288809 -0.011236 -0.0409831 -0.0414938 -0.00422711 0.0468462 0.0378649 0.0206513 -0.0246924 -0.0515241 -0.0506254 -0.0508183 -0.0505136 -0.0513956 -0.0509321 -0.0511042 -0.0505096 -0.0501503 -0.050593
internal_weight=14.2266 11.0175 9.35238 3.20914 1.66513 2.26624 1.77238 1.58927 0.989073 0.908279 0.407279 1.42475 0.593906 0.501 0.830848 0.163518 8.38193 2.21808 0.92217 0.232345 0.420864 0.66733 0.336919 0.184731 0.254572 0.133633 0.132933 0.23898 0.412758 0.086775
internal_count=20849 1328 554 19521 774 6729 6708 6681 739 736 216 6677 1343 520 5334 229 528 116 50 200 511 5105 493 1316 66 60 165 474 5039 204
is_linear=0
shrinkage=0.05


Tree=130
num_leaves=31
num_cat=0
split_feature=7 6 4 4 7 6 3 6 2 2 6 0 7 6 6 7 4 3 7 6 3 2 0 0 2 6 0 0 6 2
split_gain=2.2193 0.976029 0.603684 0.39783 0.354744 0.28591 0.285046 0.236462 0.317326 0.418646 0.192651 0.184193 0.148681 0.149562 0.145436 0.295743 0.171214 0.339073 0.130728 0.130217 0.0892141 0.088877 0.0781145 0.0740852 0.055657 0.0555259 0.0563408 0.0497495 0.0453946 0.0447814
threshold=0.38614249969323833 0.010234575731995951 1.0000000180025095e-35 1.0000000180025095e-35 0.76573366385537411 0.050112893505481405 1.0000000180025095e-35 0.00077682924991504183 4.5000000000000009 21.500000000000004 0.00066995638558581033 78.256012798762427 0.31228261591571188 0.03718888413275865 0.024248155883799551 0.59406677549667541 1.0000000180025095e-35 1.5000000000000002 0.53576077067420302 0.00024141026186848724 1.0000000180025095e-35 2.5000000000000004 167.80222277587788 174.0001743894845 3.5000000000000004 0.0052042945460223098 65.312757477349265 20.459713049707108 0.0070743887854516378 4.5000000000000009
decision_type=2 2 2 2 2 2 2 2 2 2 2 2 2 2 2 2 2 2 2 2 2 2 2 2 2 2 2 2 2 2
left_child=3 2 4 5 6 12 22 10 18 -10 27 20 -1 19 15 16 17 -3 21 -14 -5 28 -2 -24 -19 26 -22 -8 -9 -4
right_child=1 14 29 11 -6 -7 7 8 9 -11 -12 -13 13 -15 -16 -17 -18 24 -20 -21 25 -23 23 -25 -26 -27 -28 -29 -30 -31
leaf_value=-0.050486039513670034 -0.051669386574710166 -0.043925039415778716 0.04802786183553738 -0.050041059244088117 0.04501066354046715 0.050174963673371299 -0.051078761616638324 -0.039676115959188865 -0.052079509094663703 0.027410752477502881 -0.067972337347476819 -0.051031524205770333 0.042326548762342042 0.04622718175654035 0.049440227287816246 0.048326735819578782 0.042724702425646299 0.050099181928837805 0.038322783505358518 -0.038382429250377562 -0.050109096723892556 0.036370682834412187 0.04986405451257514 -0.050509124979134137 0.01189684679785943 0.043687292835803339 0.028670221243583618 0.023793325310943195 0.0099015189051772472 0.026614864639680283
leaf_weight=1.0018573821798793 0.36662074986088455 0.27412227146851398 0.95264375625265507 0.0342083779250969 0.39982787985354651 0.095373924821615108 0.027707677301805567 0.12076908327799152 0.37638308608802606 0.29582179313729284 0.19725818083679769 0.088433177043043543 0.056794959244143572 0.077532769413664937 4.769323670770973 1.5385174527764318 0.32973986081196927 0.17078469321131706 0.73751142056426033 0.41625602892236202 0.034873953449277906 0.1046524867961125 0.040740933520282852 0.033500513483886607 0.21582760456658434 0.33162418444408104 0.064989966202119831 0.11134131321159657 0.074748568833456375 0.3283116069251264
leaf_count=15822 733 169 64 388 24 3 25 62 373 46 16 226 77 3 327 111 23 10 45 1694 201 35 3 50 33 118 21 67 12 68
internal_value=0.0244474 0.0332766 0.0139725 -0.0215284 0.00129682 -0.0338529 -0.00573077 0.00212634 0.00966444 -0.0170977 -0.0361996 0.0151207 -0.0390151 -0.0181423 0.0443005 0.0346077 0.0132977 -0.00138783 0.0270008 -0.0286924 0.0276827 -0.000817008 -0.0421983 0.00457193 0.0287726 0.0338446 0.00115932 0.0088739 -0.020722 0.0425397
internal_weight=13.6681 11.4662 4.16784 2.20194 2.88688 1.64782 2.48706 2.04619 1.70989 0.672205 0.336307 0.55413 1.55244 0.550584 7.29832 2.52899 0.990474 0.660735 1.03768 0.473051 0.465696 0.30017 0.440862 0.0742414 0.386612 0.431488 0.0998639 0.139049 0.195518 1.28096
internal_count=20849 2296 1623 18553 1491 17599 1467 681 573 419 108 954 17596 1774 673 346 235 212 154 1771 728 109 786 53 43 340 222 92 74 132
is_linear=0
shrinkage=0.05


Tree=131
num_leaves=31
num_cat=0
split_feature=5 7 5 3 6 6 6 5 3 7 5 3 0 2 2 0 3 7 6 0 5 2 7 0 7 5 7 7 7 7
split_gain=2.69755 0.806737 0.539468 0.534042 0.749787 0.484096 0.407626 0.243917 0.186117 0.169229 0.16729 0.152643 0.141801 0.105498 0.109907 0.0886417 0.156256 0.0980085 0.114024 0.0677168 0.0154836 0.000187218 3.08004e-05 2.41554e-05 1.88238e-05 1.78712e-05 1.36223e-05 1.24946e-05 7.6843e-06 7.5599e-06
threshold=0.58045833459580731 0.4288708452381923 0.37703876156758848 1.5000000000000002 0.012246653813243651 0.03718888413275865 0.020781001596177493 0.77692039150474768 1.0000000180025095e-35 0.66759605958163371 0.44018887201575585 1.0000000180025095e-35 31.898570695496215 21.500000000000004 4.5000000000000009 32.160128230491878 1.5000000000000002 0.52102862529569294 0.00026751963303513893 63.649062380091287 0.53246471623904046 22.500000000000004 0.62461637458143737 208.90787710429856 0.48560542529687939 0.59185574037052913 0.52102862529569294 0.40590577401962674 0.3736935917452095 0.55258286185066441
decision_type=2 2 2 2 2 2 2 2 2 2 2 2 2 2 2 2 2 2 2 2 2 2 2 2 2 2 2 2 2 2
left_child=1 6 -3 4 19 7 10 8 26 12 11 21 22 14 -13 -14 24 18 -18 -4 -5 -1 29 28 -17 -20 -2 -16 -12 -10
right_child=5 2 3 20 -6 -7 -8 -9 9 -11 23 13 15 -15 27 16 17 -19 25 -21 -22 -23 -24 -25 -26 -27 -28 -29 -30 -31
leaf_value=-0.050419253992591832 -0.050014369064837853 0.05007346293816211 -0.039811074964589639 0.050105954956603527 0.03903931818386229 0.047093552776248021 0.034075550674808275 -0.050083373690487903 -0.050071389808495327 0.035113616070763735 -0.050143884668447096 0.010682597937780411 0.048507162023357898 0.02953925612922071 -0.050388314222928846 -0.050022351497901789 0.033285334717997377 0.024744090412405599 -0.05162293990132636 -0.01138916040942952 0.038161120823453611 -0.054156462967026767 -0.051739016454072743 -0.051662782871053484 -0.05111234513496047 -0.050280995782851369 -0.050676639241080693 -0.051417961560918393 -0.050751434172514931 -0.050805872521038853
leaf_weight=0.06244206364499294 0.17863811890129166 5.8727022549137455 0.48704942502081394 1.0442208684980867 0.83468252015882172 0.22891686012007983 0.63276726896583568 0.8664773518230503 0.13058838195865952 0.19782692426815629 0.15454307507570775 0.18512798295705579 0.070324310469004558 0.26881864538881928 0.066469807141402271 0.060561394857359119 0.060344199217070127 0.26063845388125628 0.034518441403633915 0.36785133117518853 0.36653071548789751 0.072329074260778725 0.044479778269305825 0.041130634141154587 0.11449109924797085 0.088210814024932915 0.13734371229293174 0.052921902388334274 0.07847214862704277 0.047879339090286521
leaf_count=75 3533 424 32 61 36 23 39 12785 1353 7 808 13 14 12 47 885 20 13 11 18 16 2 3 41 22 459 53 2 34 8
internal_value=0.0242426 0.0353104 0.0411657 0.0242925 0.00533028 -0.0222375 0.00277863 -0.029161 -0.0164466 -0.00680782 -0.0173828 -0.00454373 -0.0159009 0.00671142 -0.0134401 -0.00468667 -0.0107323 0.0050496 -0.0229891 -0.0275815 0.0470025 -0.0524249 -0.0505618 -0.0505457 -0.0507352 -0.0506584 -0.0503022 -0.0508447 -0.0503485 -0.0502684
internal_weight=13.1093 10.5881 8.97304 3.10033 1.68958 2.52124 1.61502 2.29232 1.42584 1.10986 0.982255 0.708109 0.912036 0.573338 0.30452 0.689089 0.618764 0.443712 0.183073 0.854901 1.41075 0.134771 0.222947 0.274146 0.175052 0.122729 0.315982 0.119392 0.233015 0.178468
internal_count=20849 1660 587 163 86 19189 1073 19166 6381 2795 1034 151 2788 74 62 1424 1410 503 490 50 77 77 1364 883 907 470 3586 49 842 1361
is_linear=0
shrinkage=0.05


Tree=132
num_leaves=31
num_cat=0
split_feature=5 7 5 5 3 5 2 2 7 7 5 7 0 3 1 1 0 2 1 0 7 0 0 0 0 0 7 5 0 7
split_gain=2.54708 0.704076 0.499927 0.450998 0.474307 0.357323 0.335541 0.346075 0.213444 0.197277 0.184187 0.186233 0.134802 0.117968 0.105423 0.0634714 0.0617717 0.061515 0.0515344 0.109219 0.0616045 0.0237617 0.0459003 0.0171909 0.0455297 0.000273509 7.92387e-05 2.91777e-05 1.98096e-05 1.96005e-05
threshold=0.55187041443273244 0.4288708452381923 0.77692039150474768 0.37703876156758848 1.5000000000000002 0.21661244440873653 3.5000000000000004 21.500000000000004 0.71748051682258629 0.44169221199942432 0.44018887201575585 0.30996399644545392 26.257861822080589 1.5000000000000002 3.5000000000000004 3.5000000000000004 130.3105665283847 4.5000000000000009 3.5000000000000004 37.7151544159344 0.71748051682258629 64.560868604196301 65.312757477349265 227.71255495245762 237.9183864012405 276.25075634236902 0.53576077067420302 0.66217129979670952 208.90787710429856 0.43542881278117024
decision_type=2 2 2 2 2 2 2 2 2 2 2 2 2 2 2 2 2 2 2 2 2 2 2 2 2 2 2 2 2 2
left_child=1 5 6 -3 8 -1 9 23 15 21 11 17 -9 14 16 -5 -11 -7 19 -14 -21 29 -23 26 -25 -19 -8 -28 -12 -2
right_child=2 3 -4 4 -6 10 7 12 -10 13 28 -13 18 -15 -16 -17 -18 25 -20 20 -22 22 -24 24 -26 -27 27 -29 -30 -31
leaf_value=0.050109854873955743 -0.05011221754023773 0.050069876633760606 -0.050079648473217997 -0.018171549414718276 0.050100903659713918 0.011761250250733253 -0.050133440502408345 -0.050873757363477413 0.034172964559272635 -0.050920283149624657 -0.050364078707830377 0.01318683533517445 0.044920010134621886 0.03948210745743734 0.035585605066199254 0.0066004312315586164 0.0066962762031753057 -0.050732752320268054 0.046369744060312315 -0.050432213229508874 0.050095389407431468 0.049729412005472561 -0.050047368845397559 0.045008833726155585 -0.050386036892043087 -0.054684584811897766 -0.051803318097606924 -0.050620994238882111 -0.05162398190895795 -0.051617870685972449
leaf_weight=0.33858749829232593 0.06991628021205698 5.5866772411391121 0.82842734648329486 0.52549024816835277 1.0878316126763821 0.047050913562997954 0.33515171993349191 0.072102692112821387 0.48658774327486765 0.095916198959457688 0.17222977862184052 0.73642911438946612 0.09601048074910068 0.54988055030116811 0.13083738231944153 0.50909294746816158 0.090329219354316592 0.091722284614661476 0.14954847522676573 0.076919364026252879 0.019005386158823967 0.020059265229065204 0.027096947924292181 0.017658182136074174 0.042884539569058688 0.083773424063110724 0.13690405735906097 0.084321110320161097 0.038101015126812854 0.031288027403206797
leaf_count=17 918 424 12792 32 66 24 4665 187 22 37 563 36 46 28 8 10 6 99 22 184 1 3 360 20 177 3 17 44 32 6
internal_value=0.0240317 0.0362774 -0.0173103 0.0420545 0.024891 0.00487803 -0.00404085 -0.0241403 0.00686274 0.0163592 -0.00821941 0.00107418 0.0112481 0.0254765 0.00118807 -0.00598187 -0.0229762 -0.0390078 0.0243648 0.00721942 -0.0305149 -0.0369187 -0.00760442 -0.0478649 -0.0225627 -0.0526192 -0.0506182 -0.0513527 -0.0505923 -0.0505777
internal_weight=12.5778 9.70357 2.87426 8.19568 2.609 1.50789 2.04583 1.03051 1.52117 1.01532 1.16931 0.958976 0.413586 0.866963 0.317083 1.03458 0.186245 0.222547 0.341484 0.191935 0.0959248 0.148361 0.0471562 0.61692 0.0605427 0.175496 0.556377 0.221225 0.210331 0.101204
internal_count=20849 1328 19521 554 130 774 6729 5363 64 1366 757 162 440 79 51 42 43 126 253 231 185 1287 363 4923 197 102 4726 61 595 924
is_linear=0
shrinkage=0.05


Tree=133
num_leaves=31
num_cat=0
split_feature=5 7 5 3 6 6 5 3 2 6 5 3 2 7 7 6 5 5 5 0 2 7 5 5 0 5 7 6 7 7
split_gain=2.4103 0.80535 0.55107 0.520641 0.545122 0.406382 0.369628 0.216844 0.202606 0.194472 0.153078 0.146463 0.156703 0.0939995 0.085135 0.0971066 0.0786624 0.0733524 0.12332 0.0957487 0.0602451 0.0808116 0.022041 0.0197077 0.0092564 0.000180968 4.87756e-05 1.55801e-05 1.46951e-05 7.72572e-06
threshold=0.60657807696387767 0.44169221199942432 0.37703876156758848 1.5000000000000002 0.016408764523637938 0.03718888413275865 0.21661244440873653 1.5000000000000002 4.5000000000000009 0.022226539321003422 0.77692039150474768 1.0000000180025095e-35 21.500000000000004 0.36280291763404598 0.35963692606151626 0.014744368493971835 0.41572676676501963 0.66217129979670952 0.7604581556953548 10.595155689298823 22.500000000000004 0.66759605958163371 0.55187041443273244 0.32671335553782699 58.127243717846348 0.32671335553782699 0.62461637458143737 0.016909826596304276 0.43542881278117024 0.41690257979900996
decision_type=2 2 2 2 2 2 2 2 2 2 2 2 2 2 2 2 2 2 2 2 2 2 2 2 2 2 2 2 2 2
left_child=1 6 -3 4 8 7 -1 20 -4 11 13 25 16 -9 15 23 -13 -15 19 -19 26 -22 -5 -14 -10 -8 -2 29 -18 -27
right_child=5 2 3 22 -6 -7 9 10 24 -11 -12 12 14 17 -16 -17 28 18 -20 -21 21 -23 -24 -25 -26 27 -28 -29 -30 -31
leaf_value=0.050103256791530805 -0.050096011547110908 0.050065931566558579 -0.00080161660320336031 0.050095978881226334 0.044299085110169473 0.046168612702521317 -0.053450476145113071 -0.050134522863162681 -0.03644794379073793 0.022970122300784313 -0.050117994714596686 -0.0093785101500710177 -0.0075014943005834835 0.042426374101396734 0.048240139256226 0.043101814390812919 -0.050348310251459111 0.047127004670935148 0.034666175128762848 -0.0506973794928708 -0.050030067836594388 0.050181901222853834 0.035234436715950238 -0.05049426402890185 -0.052920231990853453 -0.050081769309610648 -0.050983485331306991 -0.051534827624829686 -0.051560484588530325 -0.050834669024118539
leaf_weight=0.33758966904133458 0.86091256337022126 5.2442180719226581 0.77956662945507538 1.0348765933886168 0.58642199996393185 0.17489700691658061 0.081884792802156658 0.070481491489772341 0.14195205533906119 0.37311504649551341 0.18427917672670446 0.28058436963328859 0.045076543465256691 0.13626559860858833 0.13896146073238924 0.067828501341864467 0.16881538220695802 0.031113173710764386 0.12645374390558572 0.12759522923443001 0.045412931285682023 0.036117050796747208 0.32873523514717828 0.065226011891354574 0.21364234963766648 0.086639724006090546 0.18876867087601568 0.036545275917887921 0.029349155724048615 0.056157419301598566
leaf_count=18 15431 420 26 66 27 21 11 811 30 26 1855 39 2 21 4 4 524 6 20 75 498 1 16 53 17 756 39 19 1 12
internal_value=0.0238002 0.0336963 0.0402016 0.0234342 0.00515408 -0.0266075 0.00304449 -0.0336499 -0.0150682 -0.00806356 -0.0112495 -0.0190176 -0.00835458 0.00331137 0.0189073 -0.00397544 -0.0264111 0.0122499 -0.00217001 -0.0315199 -0.0470398 -0.00563706 0.0465132 -0.0329247 -0.0463446 -0.0515029 -0.0502556 -0.0506136 -0.0505278 -0.0503779
internal_weight=12.0795 10.0972 8.32941 3.08519 1.72158 1.9823 1.76777 1.8074 1.13516 1.43018 0.676188 1.05707 0.795841 0.491909 0.317093 0.178131 0.478749 0.421428 0.285162 0.158708 1.13121 0.08153 1.36361 0.110303 0.355594 0.261227 1.04968 0.179342 0.198165 0.142797
internal_count=20849 2071 602 182 100 18778 1469 18757 73 1451 2788 1425 627 933 63 59 564 122 101 81 15969 499 82 55 47 798 15470 787 525 768
is_linear=0
shrinkage=0.05


Tree=134
num_leaves=31
num_cat=0
split_feature=7 6 6 3 1 6 4 1 7 1 0 0 1 7 3 6 7 3 4 6 0 1 4 0 3 7 7 0 7 0
split_gain=1.77956 0.687001 0.504084 0.500296 0.393196 0.484772 0.279006 0.273266 0.173794 0.173135 0.157622 0.132544 0.121035 0.196104 0.116626 0.116299 0.22122 0.154382 0.251156 0.109755 0.0893791 0.0868652 0.132345 0.0945169 0.0507896 0.0502919 0.0434465 0.033112 0.0314642 0.0621697
threshold=0.44169221199942432 0.009978133552190618 0.020781001596177493 1.5000000000000002 4.5000000000000009 0.0027031936033404271 1.0000000180025095e-35 1.5000000000000002 0.66759605958163371 4.5000000000000009 66.230817566777858 38.031609796842012 1.0000000180025095e-35 0.40590577401962674 1.0000000180025095e-35 0.024248155883799551 0.59406677549667541 1.5000000000000002 1.0000000180025095e-35 0.07401519825186316 167.80222277587788 1.5000000000000002 1.0000000180025095e-35 19.509041849353718 1.0000000180025095e-35 0.32337110580218503 0.2396101482698676 27.452201655680174 0.30314972442571647 12.31271949744305
decision_type=2 2 2 2 2 2 2 2 2 2 2 2 2 2 2 2 2 2 2 2 2 2 2 2 2 2 2 2 2 2
left_child=2 3 6 4 5 -2 9 19 11 12 14 24 13 -1 -8 16 17 18 -3 -4 -13 22 23 -5 -7 -11 -16 -23 29 -9
right_child=1 15 7 21 -6 8 10 28 -10 25 -12 20 -14 -15 26 -17 -18 -19 -20 -21 -22 27 -24 -25 -26 -27 -28 -29 -30 -31
leaf_value=-0.050070866982441689 -0.057614592769593 -0.038368542478357748 -0.052860918581573713 0.037339239491755841 0.039630166320111654 -0.050164557308218685 -0.050464126251609426 0.041767393724902596 0.032645461188076833 -0.050115001593216635 -0.050743880615718044 -0.051128557164740879 -0.050547362663619894 0.042704684572562143 -0.050008040601727005 0.049703950356177196 0.047730132712686828 0.037644885740060918 0.039257193340469149 0.050080419002549531 0.028292696291805242 0.023256428538805045 0.04147822869685848 -0.051362511659965387 0.02941339000010848 0.021367764380827034 0.039241350190611042 0.04594567641520881 0.045181243348564874 -0.05013560857530136
leaf_weight=0.13421680515603052 0.46911059199555694 0.25062930322383214 0.13454407132303448 0.043745535680500436 0.39786728269973548 0.023120321562601021 0.04591990730841633 0.056631768427905627 0.35325410714722238 0.029521192718675482 0.088966929655725835 0.21110031236457871 1.0428099830114659 0.098951231731916778 0.014310552076494787 3.7000335443008225 1.3074109562439842 0.3808199525665259 0.17835222836583853 0.032063974067568779 0.042567609882098623 0.1914137035346356 0.17802934028441086 0.09580109714079299 0.1510202124954958 0.14777430807589553 0.28924860977713251 1.0053943633247397 0.4635854427178856 0.027259310689260019
leaf_count=2551 328 94 141 24 22 106 355 18 23 182 294 160 15256 66 192 307 115 35 8 2 21 22 13 50 65 21 133 83 48 114
internal_value=0.0236029 0.0341592 -0.0127742 0.015402 -0.0036617 -0.0174393 -0.0262855 0.0230193 0.00669016 -0.0368326 0.00867388 -0.0147419 -0.0432656 -0.010699 0.0237999 0.0443561 0.0350103 0.0144742 -0.00609507 -0.0330497 -0.037801 0.0361482 0.0129014 -0.023556 0.018848 0.00946528 0.0350339 0.0423168 0.0400822 0.0119047
internal_weight=11.5855 8.97967 2.6058 3.16242 1.64804 1.25017 1.89172 0.714085 0.781063 1.45327 0.438446 0.427808 1.27598 0.233168 0.349479 5.81725 2.11721 0.809801 0.428982 0.166608 0.253668 1.51438 0.317576 0.139547 0.174141 0.177296 0.303559 1.19681 0.547477 0.0838911
internal_count=20849 1476 19373 917 725 703 19050 323 375 18076 974 352 17873 2617 680 559 252 137 102 143 181 192 87 74 171 203 325 105 180 132
is_linear=0
shrinkage=0.05


Tree=135
num_leaves=31
num_cat=0
split_feature=5 7 5 3 6 6 5 1 1 3 6 5 7 2 1 5 3 7 5 5 6 2 5 7 1 7 7 7 7 5
split_gain=2.23097 0.732494 0.524013 0.477297 0.482538 0.369224 0.33591 0.265254 0.247271 0.177192 0.190177 0.157227 0.151743 0.139904 0.124039 0.183458 0.0682734 0.113238 0.0592616 0.0228209 0.0209211 0.00576184 0.000306046 4.27764e-05 1.2858e-05 1.04309e-05 5.86406e-06 4.81798e-06 2.71461e-06 2.46288e-06
threshold=0.60657807696387767 0.44169221199942432 0.37703876156758848 1.5000000000000002 0.016408764523637938 0.03718888413275865 0.21661244440873653 6.5000000000000009 2.5000000000000004 1.0000000180025095e-35 0.014744368493971835 0.44018887201575585 0.81338551208624488 2.5000000000000004 2.5000000000000004 0.41572676676501963 1.5000000000000002 0.53576077067420302 0.32671335553782699 0.55187041443273244 0.030404255738759909 4.5000000000000009 0.32671335553782699 0.62461637458143737 3.5000000000000004 0.33698976408152886 0.49472527613725181 0.36280291763404598 0.52102862529569294 0.61631231844081535
decision_type=2 2 2 2 2 2 2 2 2 2 2 2 2 2 2 2 2 2 2 2 2 2 2 2 2 2 2 2 2 2
left_child=1 6 -3 4 8 7 -1 12 21 13 11 14 16 18 15 -11 23 28 -8 -5 -12 -4 -15 26 -13 -24 -2 -27 -18 -28
right_child=5 2 3 19 -6 -7 9 -9 -10 10 20 24 -14 22 -16 -17 17 -19 -20 -21 -22 -23 25 -25 -26 27 29 -29 -30 -31
leaf_value=0.050094508972428654 -0.050009162616513829 0.050060070238380987 -0.04005079670317354 0.050087558997523332 0.043726902948299035 0.045756582048562748 0.050142061535900707 0.031383250122988503 0.0032579586566007543 -0.051141247097007431 0.023324491864268687 -0.050197528107235351 0.050119541891044388 -0.053791952774201249 0.033666562128245689 0.033289443398127498 -0.050110537956147165 -0.0026972664584793762 -0.050059886169574845 0.034372799028521854 0.04973633331621858 -0.052527094884938966 -0.05005981654256153 -0.050925695204818967 -0.051099518761672326 -0.051412775600171545 -0.050887751705513941 -0.050661373909138566 -0.050633006996802982 -0.050273428337863982
leaf_weight=0.30857404600828697 0.63320375887451585 4.7669619601219893 0.1656672537064876 0.94105394836515188 0.5379295867169277 0.15971482387249114 0.055988231673836486 0.14281508623389516 0.70186399859085213 0.16492233465396566 0.14888423544471152 0.1279695112061745 0.045475464314222225 0.14998046205437277 0.20087310275994241 0.10549470560363261 0.23673273461463396 0.23930951663351152 0.020036336616612971 0.30619318969547749 0.15103889181045815 0.20964619954611408 0.056058407340970007 0.18332754143193597 0.057157334675139282 0.032594374004474957 0.018262347650306765 0.061748858981445665 0.027778748539276421 0.15300983929591894
leaf_count=18 15601 420 14 66 27 21 2 9 28 35 36 513 2 12 13 21 2737 37 123 16 8 31 615 41 18 18 3 37 9 318
internal_value=0.0234064 0.0333872 0.039906 0.0229955 0.00505318 -0.0268909 0.00308574 -0.0337977 -0.01426 -0.00779831 0.00363943 -0.0114321 -0.0398538 -0.0368583 0.00390467 -0.0182033 -0.0425969 -0.0276186 0.0237338 0.0462297 0.0366253 -0.0470199 -0.0521937 -0.0502364 -0.050476 -0.0506 -0.0500794 -0.050921 -0.0501654 -0.0503389
internal_weight=11.1103 9.27064 7.62932 2.86235 1.61511 1.83963 1.64132 1.67992 1.07718 1.33275 0.95634 0.656417 1.5371 0.376407 0.47129 0.270417 1.49162 0.503821 0.0760246 1.24725 0.299923 0.375313 0.300382 0.987803 0.185127 0.150402 0.804476 0.0943432 0.264511 0.171272
internal_count=20849 2071 602 182 100 18778 1469 18757 73 1451 644 600 18748 807 69 56 18746 2783 125 82 44 45 682 15963 531 670 15922 55 2746 321
is_linear=0
shrinkage=0.05


Tree=136
num_leaves=31
num_cat=0
split_feature=5 6 3 5 5 7 1 7 4 7 7 4 1 3 1 1 6 6 1 5 5 5 7 7 6 7 1 6 7 5
split_gain=2.1073 0.604377 0.442068 0.464091 0.420834 0.320095 0.27854 0.273492 0.343074 0.267625 0.266684 0.209189 0.169779 0.153729 0.150961 0.109789 0.104455 0.0926052 0.101896 0.0845113 0.0714643 0.0616159 0.0775729 0.0600142 0.055586 0.0329466 0.0329284 0.00880679 0.000172514 0.000168478
threshold=0.55187041443273244 0.0092474451137293072 1.5000000000000002 0.26969689915409245 0.77692039150474768 0.3458917321179949 4.5000000000000009 0.66759605958163371 1.0000000180025095e-35 0.76573366385537411 0.42315554613810852 1.0000000180025095e-35 2.5000000000000004 1.5000000000000002 1.0000000180025095e-35 3.5000000000000004 0.0012567313140635203 0.024248155883799551 6.5000000000000009 0.37703876156758848 0.5964003587368395 0.56609114701859709 0.59406677549667541 0.47492814856243182 0.050112893505481405 0.30996399644545392 4.5000000000000009 0.00073524595148691068 0.71748051682258629 0.26969689915409245
decision_type=2 2 2 2 2 2 2 2 2 2 2 2 2 2 2 2 2 2 2 2 2 2 2 2 2 2 2 2 2 2
left_child=1 2 3 -1 7 12 9 8 13 14 11 26 25 -2 16 20 -5 18 21 -16 -10 -15 -23 -7 -22 29 -4 -21 -29 -3
right_child=4 5 10 6 -6 23 -8 -9 15 -11 -12 -13 -14 17 19 -17 -18 -19 -20 27 24 22 -24 -25 -26 -27 -28 28 -30 -31
leaf_value=0.044045497088650361 -0.05052033768929335 -0.054229967004275861 -0.051059260218277516 0.040466033826899048 -0.050077330819481285 0.032208927449616252 0.047261920160145444 0.032959856306058993 0.02462528959533342 0.050148863812674298 0.050088368798629435 0.050206523448069265 0.039937256873017003 0.028027530581489813 -0.015936514459400013 0.049037317515804896 -0.050575079222872181 0.029103356188188847 0.050212683401286845 -0.064918108202746128 -0.050297193145118185 -0.050863334925730225 0.023613356405713961 0.050062675768736124 0.050083233074160932 -0.008892367204348146 -0.00025256647388733532 -0.051038959501523457 -0.053859807717957155 -0.05010124147592844
leaf_weight=0.40216900163795632 0.49328149925349973 0.071916453540325054 0.13210162103132472 0.09403688179918368 0.69827295991672134 0.52487029420444731 0.13951009246375179 0.38616737956181157 0.11559353111442761 0.097499831579625607 1.0051259268075226 0.10634045302867889 0.12648092002200428 0.037317372149118455 0.17160675450577401 0.20718774898705306 0.047380381562106777 0.11178105810540728 0.042176835238933563 0.18806312414017157 0.081743666416514316 0.24591346568740846 0.040757875423878431 4.5598524501547217 0.016590423882007599 0.069975543767213821 0.042040080181322992 0.29250663290076773 0.066528312861919403 0.037641567470927839
leaf_count=26 5367 1 89 14 12792 40 9 21 33 4 69 3 20 19 30 26 57 12 1 76 296 950 3 411 1 4 3 385 1 86
internal_value=0.0232193 0.0354596 0.0165457 -0.001901 -0.0171848 0.0452307 -0.0187433 -0.00427069 -0.0145966 -0.0283592 0.0380586 -0.00505075 -0.00443398 -0.0309396 -0.0372586 0.0230955 0.00996366 -0.0107305 -0.0228908 -0.0465503 -0.00202896 -0.0324074 -0.0402745 0.0482197 -0.0333615 -0.0356934 -0.0387939 -0.0561529 -0.0515617 -0.0528114
internal_weight=10.6524 8.17565 2.78491 1.4993 2.47678 5.39074 1.09713 1.77851 1.39234 0.957622 1.28561 0.280482 0.306014 0.971228 0.860122 0.421115 0.141417 0.477947 0.366166 0.718705 0.213928 0.323989 0.286671 5.08472 0.0983341 0.179534 0.174142 0.547098 0.359035 0.109558
internal_count=20849 1328 766 602 19521 562 576 6729 6708 567 164 95 111 6352 563 356 71 985 973 492 330 972 953 451 297 91 92 462 386 87
is_linear=0
shrinkage=0.05


Tree=137
num_leaves=31
num_cat=0
split_feature=5 7 5 3 2 1 5 0 0 3 5 1 5 2 5 5 3 2 5 5 0 7 2 5 2 1 7 1 2 5
split_gain=1.99899 0.677733 0.500135 0.44019 0.367258 0.337352 0.311455 0.239256 0.190644 0.157857 0.139699 0.13294 0.147142 0.132114 0.126049 0.120874 0.089609 0.119989 0.0702412 0.0543983 0.0487456 0.0459849 0.0337191 0.023247 0.0177538 0.0406928 0.00719555 0.0378481 0.00230495 0.0002325
threshold=0.60657807696387767 0.44169221199942432 0.37703876156758848 1.5000000000000002 4.5000000000000009 3.5000000000000004 0.21661244440873653 30.398609806768679 65.312757477349265 1.0000000180025095e-35 0.44018887201575585 2.5000000000000004 0.41572676676501963 2.5000000000000004 0.77692039150474768 0.59185574037052913 1.5000000000000002 2.5000000000000004 0.72987422433773974 0.32671335553782699 33.499609772204266 0.56968344794642389 7.5000000000000009 0.55187041443273244 21.500000000000004 1.5000000000000002 0.52102862529569294 6.5000000000000009 1.5000000000000002 0.32671335553782699
decision_type=2 2 2 2 2 2 2 2 2 2 2 2 2 2 2 2 2 2 2 2 2 2 2 2 2 2 2 2 2 2
left_child=1 6 -3 4 8 16 -1 -7 -4 13 11 12 22 19 26 -12 -2 18 28 -8 -6 -20 -11 -5 -19 -26 27 -9 -18 -15
right_child=5 2 3 23 20 7 9 14 -10 10 15 -13 -14 29 -16 -17 17 24 21 -21 -22 -23 -24 -25 25 -27 -28 -29 -30 -31
leaf_value=0.050086835933420365 -0.050168568666900976 0.050054578534927098 0.0018499590420942202 0.050079234750636172 -0.014004076538306124 -0.050653759878801635 0.050134411681528913 -0.050031119121421545 0.043399571506062863 -0.010403163183640443 -0.050428918272608703 0.03935547939319179 0.035778267367373384 -0.05345252493190189 -0.050210585277425127 0.025806763957447187 0.030685094471484556 -0.050231113561699181 -0.050544234981710429 -0.05005387564979269 -0.052158006348575772 0.022795888167800388 -0.050820387997107766 0.033656051415673113 -0.050414186501842755 0.029036142361027469 0.047113242142483615 0.050202264846400939 0.047804184516473135 -0.050562273808120187
leaf_weight=0.28368701972067167 0.78958752318976688 4.3213657196611166 0.67927807646628913 0.85186869464814663 0.12914086032469652 0.11852113217901195 0.052764123305678146 0.012306292963330634 0.4651090475381352 0.09565485964412801 0.17951143458230945 0.30645383236696944 0.12902324405877152 0.13890780016663484 0.040911736101406859 0.073194465709093492 0.029988418238644954 0.20593608341005165 0.053485543357965071 0.018229332357805106 0.237982176910009 0.035599015885964036 0.11205637318198569 0.28842882625758648 0.043436683632535278 0.02562335469883692 0.24132140324218199 0.040127962827682495 0.05710411854670383 0.13941805139256758
leaf_count=18 15148 420 27 66 21 459 2 127 24 9 464 20 23 12 341 97 42 2152 269 123 28 4 31 16 149 51 14 1 21 670
internal_value=0.0230728 0.0329548 0.039565 0.0224712 0.00477734 -0.0265262 0.00280654 0.0103941 0.0187368 -0.00796495 0.00315143 0.0155273 -0.00615807 -0.036475 0.032014 -0.0283478 -0.0400114 -0.0222355 0.00997938 0.0244086 -0.0387368 -0.0212368 -0.0322075 0.0459251 -0.0428741 -0.0209357 0.0434655 0.0266775 0.0419096 -0.0520048
internal_weight=10.196 8.50207 6.97317 2.65181 1.51151 1.69395 1.5289 0.453189 1.14439 1.24521 0.895894 0.643188 0.336734 0.349319 0.334667 0.252706 1.24076 0.451173 0.176177 0.0709935 0.367123 0.0890846 0.207711 1.1403 0.274996 0.06906 0.293756 0.0524343 0.0870925 0.278326
internal_count=20849 2071 602 182 100 18778 1469 942 51 1451 644 83 63 807 483 561 17836 2688 336 125 49 273 40 82 2352 200 142 128 63 682
is_linear=0
shrinkage=0.05


Tree=138
num_leaves=31
num_cat=0
split_feature=7 6 4 1 4 7 0 6 0 0 6 7 1 3 4 0 3 1 6 6 7 3 7 1 3 1 7 6 1 6
split_gain=1.44171 0.771327 0.459657 0.31189 0.305685 0.254603 0.231866 0.204341 0.138294 0.130495 0.127239 0.241258 0.123013 0.115663 0.195174 0.11225 0.108573 0.108618 0.0788499 0.0751931 0.0736403 0.0619129 0.0608945 0.0463331 0.0549338 0.0454452 0.0429 0.039102 0.0732311 0.0344664
threshold=0.38614249969323833 0.010234575731995951 1.0000000180025095e-35 4.5000000000000009 1.0000000180025095e-35 0.76573366385537411 157.91048069127996 0.050112893505481405 33.861516151909548 78.256012798762427 0.024248155883799551 0.56968344794642389 4.5000000000000009 1.5000000000000002 1.0000000180025095e-35 22.021907444659572 1.5000000000000002 1.5000000000000002 0.03718888413275865 0.0027031936033404271 0.46736007295483939 1.0000000180025095e-35 0.62461637458143737 2.5000000000000004 1.5000000000000002 2.5000000000000004 0.32337110580218503 0.0052042945460223098 4.5000000000000009 0.0012320017272741729
decision_type=2 2 2 2 2 2 2 2 2 2 2 2 2 2 2 2 2 2 2 2 2 2 2 2 2 2 2 2 2 2
left_child=4 2 3 5 7 6 8 12 15 21 11 13 18 14 -3 19 -10 -18 -1 -2 -21 -6 25 24 -8 -19 -14 28 -23 -17
right_child=1 10 -4 -5 9 -7 23 -9 16 -11 -12 -13 26 -15 -16 29 17 22 -20 20 -22 27 -24 -25 -26 -27 -28 -29 -30 -31
leaf_value=-0.050190340907450684 -0.051095699280789442 -0.043149175942339843 0.041480856575493025 0.039726279653196098 -0.050030876722771303 0.042163358823243964 -0.050410608855667942 0.050127427211413791 -0.051023507294108997 -0.05072245390523325 0.049299507757663778 0.04618751686652306 -0.050107044186864638 0.03035949182739598 0.035358185110655638 0.043403434079303839 -0.051206939154874946 0.025304460476182351 -0.0081422005164147066 -0.050760733800192318 0.016163716526395776 -0.050166489850380497 0.050060572161152152 0.037187423493515954 0.046732324097809717 -0.050770503050696483 0.018775745965885528 0.043570914495158146 0.047063304137518067 -0.00044243167766339693
leaf_weight=0.85289063916388907 0.1364217754198751 0.20238172896824824 0.91492394077431516 0.39068204192153633 0.023520403376096399 0.20981110422871996 0.03716112966503704 0.069202808663248905 0.53769486506644171 0.061271611417396343 3.2667476525239181 1.1728483368642626 0.028205274984429707 0.30062678523972863 0.13003143318928778 0.11207546786317835 0.10058740684871736 0.037906306948571 0.12825950205296976 0.057603479101089761 0.14350591829679615 0.035371238360312418 0.069848238490521908 0.20709372525379877 0.023921279098431114 0.040718756546993973 0.11380991125770379 0.25065377249120502 0.042797762784175575 0.074690506031402037
leaf_count=17382 211 162 132 34 388 18 74 3 546 226 327 125 186 45 14 72 66 26 15 127 86 219 6 25 7 15 13 118 3 178
internal_value=0.0228944 0.0314101 0.0117375 -0.000747036 -0.0204126 -0.00958541 -0.0164606 -0.0332604 -0.0251255 0.0166251 0.0434117 0.0327611 -0.0383983 0.00788567 -0.0124391 -0.00523283 -0.0383821 -0.0110906 -0.0446937 -0.0224423 -0.00300536 0.0283366 0.0160873 0.0259004 -0.0123672 -0.0140936 0.00509511 0.0339422 0.00306711 0.0258688
internal_weight=9.77326 8.16728 3.09465 2.17972 1.60598 1.78904 1.57923 1.19237 1.31105 0.413615 5.07264 1.80589 1.12317 0.63304 0.332413 0.524297 0.786756 0.249061 0.98115 0.337531 0.201109 0.352343 0.148473 0.268176 0.0610824 0.0786251 0.142015 0.328823 0.078169 0.186766
internal_count=20849 2296 1623 1491 18553 1457 1439 17599 1333 954 673 346 17596 221 176 674 659 113 17397 424 213 728 47 106 81 41 199 340 222 250
is_linear=0
shrinkage=0.05


Tree=139
num_leaves=31
num_cat=0
split_feature=5 5 6 4 7 6 7 5 6 7 6 3 7 2 5 3 7 2 7 5 4 5 2 7 7 2 7 7 7 7
split_gain=1.84906 0.636738 0.480784 0.421231 0.365256 0.304957 0.240252 0.192844 0.182297 0.348909 0.184344 0.167214 0.132023 0.125377 0.119571 0.0985865 0.166357 0.0976565 0.0687593 0.0635149 0.11421 0.0577134 0.0482457 0.0626238 0.0425322 0.00166986 0.00141895 0.000912093 4.67015e-05 2.97427e-05
threshold=0.60657807696387767 0.37703876156758848 0.024248155883799551 1.0000000180025095e-35 0.42315554613810852 0.03718888413275865 0.76573366385537411 0.21661244440873653 0.00077682924991504183 0.62461637458143737 0.0012061840587895753 1.5000000000000002 0.44169221199942432 4.5000000000000009 0.77692039150474768 1.5000000000000002 0.49472527613725181 3.5000000000000004 0.36280291763404598 0.66217129979670952 1.0000000180025095e-35 0.77405240509428908 22.500000000000004 0.66759605958163371 0.24106763456983801 22.500000000000004 0.66759605958163371 0.52102862529569294 0.46736007295483939 0.62461637458143737
decision_type=2 2 2 2 2 2 2 2 2 2 2 2 2 2 2 2 2 2 2 2 2 2 2 2 2 2 2 2 2 2
left_child=1 4 3 6 7 11 8 -1 26 10 17 22 24 -9 18 28 -17 -10 -13 -20 21 -21 29 -24 -5 -19 -3 -4 -12 -2
right_child=5 2 27 12 -6 -7 -8 13 9 -11 15 14 -14 -15 -16 16 -18 25 19 20 -22 -23 23 -25 -26 -27 -28 -29 -30 -31
leaf_value=0.050079407201391063 -0.050085494371836084 -0.050093987605009431 0.046264170760060536 0.035525057941085895 0.050050548490413821 0.045237965448707569 0.050097536897104125 0.022499803461403338 -0.050799731811259345 0.032120038819916201 -0.050114452696791691 -0.050112001217863793 0.049849450082506734 -0.027188405286044621 -0.050114469188281802 -0.050649274120947163 0.022904342611302961 0.037886390345806972 0.041542090141157138 -0.050581454480637569 0.037264491238291002 0.026174216908529054 -0.050024387684148047 0.050142945723083567 -0.015172286825136862 0.050382447018047005 -0.063845978097846007 0.050060595808898128 -0.051275782199620326 -0.050842227139341979
leaf_weight=0.22867818549275387 0.66088404850961502 0.021086419621497821 0.22202578844735388 0.060577497988560824 4.007638948969543 0.13434419911936846 0.14791446551680554 0.22847684411681257 0.033584957031052687 0.35532698818133213 0.11613229653085 0.054315381448759581 0.49390161072369665 0.28571433878096286 0.14969374012071057 0.15577353938169836 0.15176966972649097 0.041441887296969071 0.11125829365118989 0.10819924209499732 0.097621991182677448 0.031655449824029347 0.034591293400808354 0.028426548466086388 0.13047684361663414 0.075332395732402802 0.16983476281166077 0.55041974037885666 0.34005771014926722 0.16159838373641833
leaf_count=16 15431 189 20 36 425 21 9 19 26 17 905 811 29 38 1855 156 7 66 21 89 8 4 498 1 24 1 1 49 38 39
internal_value=0.0226642 0.0326172 0.0148523 0.00336033 0.0440814 -0.0268046 -0.0106247 0.0118791 -0.0167751 -0.00992402 -0.0262674 -0.0335339 0.0361966 -0.00510984 -0.0119554 -0.0362303 -0.0143513 0.0243378 0.00221701 0.0103672 -0.00423825 -0.0332082 -0.0470036 -0.00484018 0.000902293 0.0459477 -0.0623271 0.0489694 -0.0509801 -0.0502342
internal_weight=9.38875 7.81616 3.06566 2.29321 4.75051 1.57259 1.60826 0.742869 1.46034 1.26942 0.914092 1.43824 0.684956 0.514191 0.552744 0.763733 0.307543 0.150359 0.40305 0.348735 0.237477 0.139855 0.8855 0.0630178 0.191054 0.116774 0.190921 0.772446 0.45619 0.822482
internal_count=20849 2071 1573 1504 498 18778 1415 73 1406 1216 1199 18757 89 57 2788 1106 163 93 933 122 101 93 15969 499 60 67 190 69 943 15470
is_linear=0
shrinkage=0.05


Tree=140
num_leaves=31
num_cat=0
split_feature=5 6 4 5 5 1 2 2 2 0 1 2 2 6 0 2 4 6 0 5 5 5 1 6 1 6 5 1 6 1
split_gain=1.75106 0.530335 0.374192 0.350385 0.301573 0.274829 0.265432 0.257787 0.172474 0.115195 0.114721 0.21114 0.228179 0.0993692 0.0973463 0.0921505 0.0908827 0.0983351 0.101021 0.0720339 0.0581697 0.0546034 0.0459399 0.0367846 0.0340199 0.0318843 0.0295544 0.0408743 0.0612346 0.0201766
threshold=0.55187041443273244 0.0092474451137293072 1.0000000180025095e-35 0.77692039150474768 0.32671335553782699 5.5000000000000009 3.5000000000000004 21.500000000000004 21.500000000000004 237.9183864012405 1.5000000000000002 4.5000000000000009 21.500000000000004 0.0032816105135228218 26.257861822080589 4.5000000000000009 1.0000000180025095e-35 0.019602292486637841 44.314907182073448 0.64630581293608913 0.70273297496554976 0.21661244440873653 2.5000000000000004 0.0070743887854516378 1.0000000180025095e-35 0.030404255738759909 0.46216228778122764 3.5000000000000004 0.024248155883799551 2.5000000000000004
decision_type=2 2 2 2 2 2 2 2 2 2 2 2 2 2 2 2 2 2 2 2 2 2 2 2 2 2 2 2 2 2
left_child=1 2 4 6 21 8 16 25 9 13 11 -3 -13 -6 -9 22 17 18 -2 23 -16 -1 -15 -20 -10 -8 -12 28 -28 -18
right_child=3 10 -4 -5 5 -7 7 14 24 -11 26 12 -14 15 20 -17 29 -19 19 -21 -22 -23 -24 -25 -26 -27 27 -29 -30 -31
leaf_value=0.05007489903387035 -0.050608888330947177 0.046878796616707144 0.045141523077307948 -0.050071806611210648 -0.056505913563248522 0.050324209341627561 -0.050573991861163903 -0.050641762399842416 0.0501787212566282 0.031519885616380187 0.049637321588092712 -0.052542569512683435 0.043713753122181231 -0.014221958639424687 0.031797831342138733 -0.050782068301798156 0.021557534222263242 0.041262514717030525 0.038488653551989625 -0.050269494603161539 -0.050469144352234235 0.01881031127182101 0.037928911334388138 -0.0051801317737862444 0.002271959910274872 0.018533161399639779 -0.020888525714723785 0.050114508683650118 0.045666024616684814 0.049541044174047061
leaf_weight=0.23069058265537057 0.10776902560974144 0.44594037494971406 0.74275249570200674 0.58660878185582976 0.380976620250294 0.14482395630329847 0.45841284336529498 0.052948313061278895 0.071816785406554118 0.062548896585212788 3.4861054796056128 0.14097182040313783 0.10930741722404491 0.12037455243989825 0.22632393582898658 0.13040296376675542 0.10171284224816191 0.12544710384463542 0.11634020833116665 0.044072216367567307 0.023741563936710008 0.35389157912868541 0.065048101405409398 0.082365073099936126 0.076566480733163189 0.017321232930044062 0.067241285636555292 0.1660743486136198 0.071109356358647346 0.17565790782464319
leaf_count=18 723 59 72 12792 326 4 4907 187 3 20 389 43 17 45 135 188 60 34 90 406 118 33 12 30 45 16 34 11 9 23
internal_value=0.0225253 0.034786 0.0157068 -0.0172111 0.00235265 -0.0136401 -0.00462954 -0.0250989 -0.0238453 -0.0334796 0.0449062 0.0262509 -0.0105034 -0.0393143 0.0109467 -0.0185764 0.0165296 0.00327278 -0.0103223 0.00756095 0.0239873 0.0311481 0.00407308 0.0203876 0.0254586 -0.0480578 0.0483327 0.0333923 0.0133191 0.0392794
internal_weight=8.98536 6.86664 2.37989 2.11872 1.63714 1.05256 1.53211 0.778748 0.907734 0.759351 4.48675 0.69622 0.250279 0.696802 0.303014 0.315826 0.753364 0.475994 0.350547 0.242777 0.250065 0.584582 0.185423 0.198705 0.148383 0.475734 3.79053 0.304425 0.138351 0.277371
internal_count=20849 1328 766 19521 694 643 6729 5363 639 591 562 119 60 571 440 245 1366 1283 1249 526 253 51 57 120 48 4923 443 54 43 83
is_linear=0
shrinkage=0.05


Tree=141
num_leaves=31
num_cat=0
split_feature=5 6 5 5 7 6 1 1 7 2 7 7 1 2 2 0 6 0 2 6 0 7 6 2 0 7 0 7 5 7
split_gain=1.65566 0.540153 0.327522 0.319973 0.278984 0.211133 0.21105 0.197201 0.17804 0.16374 0.161887 0.154592 0.136904 0.119855 0.170273 0.190577 0.181766 0.124141 0.0946208 0.114105 0.0826244 0.0573526 0.0398645 0.0247505 0.0119236 0.00813758 0.00181989 0.00011245 0.000109938 3.73669e-05
threshold=0.55973067993470238 0.0095390916651275706 0.32671335553782699 0.77692039150474768 0.3458917321179949 0.030404255738759909 6.5000000000000009 5.5000000000000009 0.76573366385537411 3.5000000000000004 0.4582492326650574 0.50696498429313719 2.5000000000000004 21.500000000000004 4.5000000000000009 105.41190538350232 0.0018976489379050373 58.971641449959876 21.500000000000004 0.01182175657943345 7.0057592472615484 0.47492814856243182 0.0012821317131437749 1.5000000000000002 32.160128230491878 0.50696498429313719 64.560868604196301 0.71748051682258629 0.26969689915409245 0.53576077067420302
decision_type=2 2 2 2 2 2 2 2 2 2 2 2 2 2 2 2 2 2 2 2 2 2 2 2 2 2 2 2 2 2
left_child=1 2 10 5 12 6 9 8 13 11 -1 -2 20 14 15 16 -4 23 29 -20 -3 26 -15 -18 -21 -25 -6 -16 -22 -11
right_child=3 4 7 -5 21 -7 -8 -9 -10 18 -12 -13 -14 22 27 -17 17 -19 19 24 28 -23 -24 25 -26 -27 -28 -29 -30 -31
leaf_value=0.0020264813636572971 -0.050318676556613443 0.046033156840389666 -0.051631647311068243 -0.050068335537526487 0.033779908833965304 0.045833769888168029 0.046420992914431088 0.050259957873252131 0.050098125233291296 -0.050105353651188525 0.050062087566797947 0.016276442827040254 0.038551996106706378 0.048964122342282056 -0.050756091233539184 0.047591606440387145 -0.0014698274637218356 -0.050997673088772268 -0.050399436570966294 0.047650704739425828 -0.053478632954536857 0.050050105506318311 0.0030364088934996237 0.025786563744551572 0.011870480303605902 0.050064249583058655 0.027283151741606584 -0.053219388076819231 -0.050547953758380608 -0.051049974308866312
leaf_weight=0.23432939147460308 0.11265305837514439 0.025856526532152091 0.23654711472954637 0.55803724193810911 0.23732123838271935 0.17645958410685114 0.13453389843925823 0.17045248486101616 0.12274446431547392 0.21599803402023099 0.69744904432445765 0.38486020219352213 0.10480491921043722 0.081921198579948395 0.25069748282476212 0.13200753494311357 0.048168782996071968 0.063978761940234108 0.080298109924115124 0.049629438984993612 0.060815971344709396 3.6115949950180948 0.11162746712216176 0.05896034293800767 0.043863066170160891 0.083253530785441399 0.19749813561793417 0.05683339387178421 0.067536556314735208 0.20316154980719148
leaf_count=20 1297 4 55 12792 25 32 5 7 8 4783 64 32 21 13 501 30 32 17 386 17 1 413 39 43 28 7 16 1 94 66
internal_value=0.0223471 0.0342423 0.0149563 -0.018049 0.0447645 -0.00529939 -0.0126651 -0.000182571 -0.007079 -0.0199547 0.0379818 0.00119716 -0.00554215 -0.013323 -0.0207697 -0.00574078 -0.0200821 0.00925786 -0.0377021 -0.0066829 -0.0355098 0.0479846 0.0224757 0.0295069 0.030864 0.039999 0.030829 -0.0512113 -0.0519366 -0.0505632
internal_weight=8.61389 6.6544 2.34897 1.95949 4.30543 1.40146 1.225 1.41719 1.24674 1.09046 0.931778 0.497513 0.259014 1.124 0.930447 0.622916 0.490909 0.254361 0.59295 0.173791 0.154209 4.04641 0.193549 0.190383 0.0934925 0.142214 0.434819 0.307531 0.128353 0.41916
internal_count=20849 1411 837 19438 574 6646 6614 753 746 6609 84 1329 120 738 686 184 154 99 5280 431 99 454 52 82 45 50 41 502 95 4849
is_linear=0
shrinkage=0.05


Tree=142
num_leaves=31
num_cat=0
split_feature=5 7 5 6 4 1 5 4 0 6 6 1 5 7 5 5 7 7 7 0 5 5 4 6 5 7 7 7 5 7
split_gain=1.56948 0.578317 0.430233 0.323003 0.354225 0.268104 0.258372 0.247905 0.197222 0.145867 0.144694 0.138947 0.130602 0.115929 0.112558 0.101095 0.0871414 0.0847177 0.0823644 0.0458483 0.00900027 0.00574399 0.0208131 0.0250238 7.01188e-05 1.51558e-05 1.01789e-05 9.59962e-06 5.20367e-06 4.42365e-06
threshold=0.60657807696387767 0.44169221199942432 0.37703876156758848 0.016408764523637938 1.0000000180025095e-35 3.5000000000000004 0.21661244440873653 1.0000000180025095e-35 30.398609806768679 0.024248155883799551 0.030404255738759909 1.0000000180025095e-35 0.41572676676501963 0.62461637458143737 0.59185574037052913 0.77692039150474768 0.40590577401962674 0.81338551208624488 0.39569486501867601 45.303856759865774 0.49639903090796539 0.68303578599192039 1.0000000180025095e-35 0.07401519825186316 0.32671335553782699 0.49472527613725181 0.35322126486877098 0.62461637458143737 0.77692039150474768 0.33698976408152886
decision_type=2 2 2 2 2 2 2 2 2 2 2 2 2 2 2 2 2 2 2 2 2 2 2 2 2 2 2 2 2 2
left_child=1 6 -3 4 13 9 -1 10 27 17 11 16 -9 19 29 21 -8 25 -11 -4 -5 -10 23 -23 -13 -2 -26 -7 -27 -14
right_child=5 2 3 20 -6 8 7 12 15 18 -12 24 14 -15 -16 -17 -18 -19 -20 -21 -22 22 -24 -25 26 28 -28 -29 -30 -31
leaf_value=0.050070123548033099 -0.050007452028637434 0.050043218250362689 -0.0078935280027776725 0.050067600945526806 0.049751799218887692 -0.05026894129960216 -0.050166135991848451 0.047823442119333363 0.048687153859151434 -0.050210848113983457 0.014447027942076938 -0.051937584787948847 -0.05017793171585172 0.0076051521085662354 0.045618930290918236 -0.050180539291104068 0.047422753306210021 0.050108462647822996 0.030610273697685049 -0.039394441400752836 0.038386119942207642 -0.050111201311998012 0.049461244575728813 0.050056495196148354 -0.050179782528633511 -0.050571197238479471 -0.05074495083874863 -0.051384831486011008 -0.050141948363696155 -0.050933483135263906
leaf_weight=0.22852174146100868 0.50649717857231713 3.400766053237021 0.1986022383971433 0.57506780279800285 0.35647314693778742 0.07271296647741099 0.034748969688734865 0.23039194196462631 0.15882178598440078 0.045361999875240144 0.16982545924838632 0.11244638456264511 0.031590529953973601 0.54352382067008875 0.048341020046791527 0.032999925721014733 0.066944508347660303 0.021598668769001961 0.10332883155206218 0.276081648615218 0.23117917351191863 0.013951156965049449 0.055302697142906254 0.011273258365690708 0.14668102133509819 0.23309863515714824 0.17438042898720596 0.026223922148346901 0.1012822415368646 0.050091087439795956
leaf_count=18 17286 420 32 53 24 458 175 13 34 140 7 16 44 22 7 341 2 1 14 31 20 102 5 1 1099 114 81 1 281 7
internal_value=0.0221707 0.0319447 0.0389266 0.0215923 0.00685614 -0.0264408 0.0018273 -0.00852009 0.00989653 -0.0397834 -0.0257644 -0.038524 0.0252125 -0.00816157 -0.0148528 0.0318605 0.0140763 -0.0476684 0.00595369 -0.0262148 0.0467181 0.0431718 0.0322939 -0.0053444 -0.0508631 -0.0501799 -0.0504867 -0.0505647 -0.0504412 -0.0506413
internal_weight=8.25811 6.87566 5.58169 2.18093 1.37468 1.38245 1.29396 1.06544 0.371286 1.01117 0.705027 0.535201 0.360415 1.01821 0.130023 0.272349 0.101693 0.862477 0.148691 0.474684 0.806247 0.239349 0.0805271 0.0252244 0.433508 0.840878 0.321061 0.0989369 0.334381 0.0816816
internal_count=20849 2071 602 182 109 18778 1469 1451 942 17836 1380 1373 71 85 58 483 177 17682 154 63 73 142 108 103 1196 17681 1180 459 395 51
is_linear=0
shrinkage=0.05


Tree=143
num_leaves=31
num_cat=0
split_feature=5 6 4 7 6 6 3 3 7 5 4 7 5 2 6 2 5 5 7 7 5 4 5 2 7 7 5 7 6 6
split_gain=1.48111 0.555723 0.355318 0.354583 0.250598 0.227674 0.145742 0.140622 0.187082 0.121362 0.153615 0.103871 0.100021 0.0992207 0.140917 0.128555 0.0910451 0.0815475 0.0949461 0.0586712 0.0533639 0.094507 0.0509633 0.0405283 0.0523073 0.0394065 0.0554187 0.017877 0.0131478 0.00348112
threshold=0.60657807696387767 0.0053801687988060129 1.0000000180025095e-35 0.47492814856243182 0.03718888413275865 0.020781001596177493 1.5000000000000002 1.5000000000000002 0.4288708452381923 0.26969689915409245 1.0000000180025095e-35 0.3206225912765549 0.77692039150474768 21.500000000000004 0.0012061840587895753 1.0000000180025095e-35 0.32671335553782699 0.48011880266979329 0.62461637458143737 0.36280291763404598 0.66217129979670952 1.0000000180025095e-35 0.77405240509428908 22.500000000000004 0.66759605958163371 0.44169221199942432 0.32671335553782699 0.42315554613810852 0.0078800968024168184 0.00073524595148691068
decision_type=2 2 2 2 2 2 2 2 2 2 2 2 2 2 2 2 2 2 2 2 2 2 2 2 2 2 2 2 2 2
left_child=1 2 7 5 6 9 23 13 -9 -3 -11 -7 19 15 -15 -1 -17 28 -19 -8 -21 22 -22 -2 -25 26 -4 -16 -5 -18
right_child=4 3 25 17 -6 11 12 8 -10 10 -12 -13 -14 14 27 16 29 18 -20 20 21 -23 -24 24 -26 -27 -28 -29 -30 -31
leaf_value=0.0070993823221928423 -0.050200719229546234 0.049309450272056778 0.050095227737816786 0.039772930977864794 0.044556281647298197 0.0020626328652439403 -0.050102251277017652 -0.050787973298030802 0.035153050160118805 -0.050763588251071683 0.01792674540777258 0.049850945939747114 -0.050093815795989344 0.049110927732317428 -0.052555582365615465 0.033406392821034366 -0.061131818439900058 0.0073818276967730946 0.049098268040645626 0.041176236798106995 -0.050502774377973896 0.036672162593600247 0.026366821653897438 -0.050020685563589101 0.050119751733465681 0.050082734788515153 -0.011055590092801059 -0.009854966414150906 0.050042431697098128 -0.051253760953104466
leaf_weight=0.14074187961705298 0.68336813195674018 0.061905957991257199 0.07363031432032574 0.3455796251073483 0.11380804453801818 0.1686384577442368 0.046050504746744991 0.081994350332024624 0.27810840541496873 0.23073845792896464 0.12574947919711121 0.34908485453343019 0.12261722436960554 0.1007805233966792 0.05815031103338697 0.031135620432905853 0.16260185665214522 0.27252056083671039 0.27306503002182581 0.096345245150587289 0.091828250366233988 0.084095032456389163 0.028178517950436799 0.028791144501155941 0.02383606880903244 0.35015865275636315 0.074576923227141378 0.042371781615656801 3.1763556888327003 0.19754942616236804
leaf_count=43 15470 5 4 29 21 25 811 124 21 437 24 33 1855 17 46 7 136 24 24 21 89 8 4 498 1 29 37 5 410 591
internal_value=0.0220042 0.0316768 0.00594466 0.0398629 -0.026365 0.0121179 -0.0330627 -0.0100036 0.0155845 -0.0153116 -0.0265334 0.0342848 -0.0112832 -0.0225686 0.0073309 -0.0338816 -0.048622 0.0462483 0.0282609 0.00245094 0.0105059 -0.00397183 -0.0324532 -0.0469447 -0.00466479 0.0409357 0.0193245 -0.0345565 0.0490348 -0.0557135
internal_weight=7.91436 6.59544 1.5918 5.00364 1.31892 0.936117 1.20511 1.09343 0.360103 0.418394 0.356488 0.517723 0.469115 0.733331 0.201303 0.532029 0.391287 4.06752 0.545586 0.346498 0.300447 0.204102 0.120007 0.735995 0.0526272 0.498366 0.148207 0.100522 3.52194 0.360151
internal_count=20849 2071 1060 1011 18778 524 18757 990 145 466 461 58 2788 845 68 777 734 487 48 933 122 101 93 15969 499 70 41 51 439 727
is_linear=0
shrinkage=0.05


Tree=144
num_leaves=31
num_cat=0
split_feature=5 6 4 5 1 5 2 2 6 1 2 2 2 2 1 0 4 6 0 5 0 1 6 5 1 6 6 5 6 0
split_gain=1.40928 0.463464 0.317885 0.292209 0.24364 0.230281 0.225681 0.215836 0.135329 0.110904 0.190524 0.193555 0.0878232 0.12969 0.113944 0.0824469 0.0741208 0.0814187 0.0879686 0.0603851 0.0580408 0.0417901 0.0324003 0.0280447 0.037105 0.050442 0.0275629 0.0203957 0.0341936 0.020047
threshold=0.55187041443273244 0.0092474451137293072 1.0000000180025095e-35 0.77692039150474768 4.5000000000000009 0.26969689915409245 3.5000000000000004 21.500000000000004 0.0010575702423578101 1.5000000000000002 4.5000000000000009 21.500000000000004 4.5000000000000009 21.500000000000004 1.5000000000000002 26.257861822080589 1.0000000180025095e-35 0.019602292486637841 44.314907182073448 0.64630581293608913 21.348501013826976 1.0000000180025095e-35 0.0070743887854516378 0.46216228778122764 3.5000000000000004 0.024248155883799551 0.030404255738759909 0.68303578599192039 0.050112893505481405 50.385416363667296
decision_type=2 2 2 2 2 2 2 2 2 2 2 2 2 2 2 2 2 2 2 2 2 2 2 2 2 2 2 2 2 2
left_child=1 2 4 6 5 -1 16 26 -7 10 -3 -12 14 -14 20 -9 17 18 -2 22 -10 -17 -20 -11 25 -25 -8 -23 -29 -16
right_child=3 9 -4 -5 -6 8 7 15 12 23 11 -13 13 -15 29 21 -18 -19 19 -21 -22 27 -24 24 -26 -27 -28 28 -30 -31
leaf_value=0.03359743323364639 -0.050524072847493912 0.046371948172869326 0.044462432275177516 -0.050059849521470683 0.043832297181931427 -0.059273342064677471 -0.050524341697668521 -0.050567490444406282 0.024828940861043217 0.049557626100670792 -0.052332518079896174 0.043076942767307093 -0.051238149959050683 0.0052099440246499134 0.016727466234085317 -0.050322247819894708 0.038564623082744109 0.040793197124696937 0.037963360763544063 -0.050232128234309573 -0.051003153331319044 0.037117288871611837 -0.0046220912607477359 -0.019267367713004125 0.05009757773291762 0.045047515402240057 0.016402911461182182 -0.050395028783222585 0.050077048281484821 0.049406044460048905
leaf_weight=0.25511602009646617 0.091797280212631227 0.36915954400683437 0.62892309317976458 0.48185633164848685 0.27793109536287364 0.1779859667421988 0.39008462897527352 0.045873003802626044 0.035959584047304816 2.8742679668503119 0.12740841382037615 0.091212752558931243 0.22511827588823508 0.18568100217453321 0.089410855845926562 0.017727372567605926 0.23705412535309733 0.10897152529651066 0.10374566409700492 0.03725668479455635 0.084589689249696676 0.16427457537793089 0.078431388059470919 0.062084612967737374 0.13904712349176407 0.059900952037423849 0.016015226985473419 0.018870600608352106 0.015362028032541275 0.098781030825193739
leaf_count=24 723 59 72 12792 23 142 4907 187 23 389 43 17 351 41 34 38 83 34 90 406 41 92 30 34 11 9 16 122 1 15
internal_value=0.021823 0.0338681 0.0148359 -0.0167154 0.00181117 -0.00832118 -0.00459337 -0.0250553 -0.0202363 0.0443961 0.0244653 -0.0125259 -0.01058 -0.0257236 0.00956949 0.0103162 0.0162094 0.00359793 -0.00942528 0.00776788 -0.0283826 0.0232324 0.0196293 0.0481325 0.0324408 0.0123144 -0.047885 0.0298011 -0.00530779 0.0338803
internal_weight=7.5899 5.78258 2.0595 1.80732 1.43057 1.15264 1.32546 0.668207 0.897526 3.72308 0.587781 0.218621 0.71954 0.410799 0.308741 0.262108 0.657257 0.420203 0.311231 0.219434 0.120549 0.216235 0.182177 3.1353 0.261033 0.121986 0.4061 0.198507 0.0342326 0.188192
internal_count=20849 1328 766 19521 694 671 6729 5363 647 562 119 60 505 392 113 440 1366 1283 1249 526 64 253 120 443 54 43 4923 215 123 49
is_linear=0
shrinkage=0.05


Tree=145
num_leaves=31
num_cat=0
split_feature=5 6 5 7 3 1 7 7 2 6 7 1 2 6 7 5 5 5 6 7 1 7 7 6 5 1 2 2 6 5
split_gain=1.33573 0.660954 0.390804 0.32984 0.312578 0.268754 0.228924 0.207371 0.236173 0.161887 0.11477 0.089565 0.0863908 0.0716544 0.0700228 0.0666144 0.0783783 0.0589527 0.0587154 0.0708197 0.0901846 0.0479757 0.0460176 0.0384521 0.0222562 0.0158165 0.030206 0.0372149 0.00295568 0.00141234
threshold=0.37703876156758848 0.024248155883799551 0.68303578599192039 0.42315554613810852 1.5000000000000002 5.5000000000000009 0.44169221199942432 0.76573366385537411 22.500000000000004 0.0052042945460223098 0.44169221199942432 7.5000000000000009 4.5000000000000009 0.0056158814018239149 0.81338551208624488 0.44018887201575585 0.59185574037052913 0.46216228778122764 0.006675367782316248 0.66759605958163371 3.5000000000000004 0.36660805002641084 0.30996399644545392 0.050112893505481405 0.54295013503083467 3.5000000000000004 3.5000000000000004 2.5000000000000004 0.00073524595148691068 0.54295013503083467
decision_type=2 2 2 2 2 2 2 2 2 2 2 2 2 2 2 2 2 2 2 2 2 2 2 2 2 2 2 2 2 2
left_child=3 2 4 9 5 7 13 8 18 -1 17 14 -11 21 25 -10 -17 -3 28 20 -20 22 -6 -19 -8 -4 27 -27 -2 -12
right_child=1 10 11 -5 6 -7 24 -9 15 12 29 -13 -14 -15 -16 16 -18 23 19 -21 -22 -23 -24 -25 -26 26 -28 -29 -30 -31
leaf_value=-0.031876581501922921 -0.059339374347615007 0.048475134932317608 -0.050134636187584881 0.050038174141381932 -0.05000916000463812 0.038774367891122111 0.050074767620135123 0.05009849971102142 0.049705477751164712 0.049399197672808544 0.050056135603510347 0.050130101026263862 0.0051698389390735207 -0.05051254134945337 0.050095682849992107 -0.050643636343568124 0.037717345811500672 -0.050159617179728347 -0.050843908121851057 0.031532256578419869 0.0060216696959548288 -0.05053557340155064 0.041655088047785532 0.050057288854940388 0.030039137521308563 -0.050135652259888419 -0.050153580732866077 0.044710109910718436 -0.050875370524740074 0.045104200412337432
leaf_weight=0.16889707258087616 0.15913349550646783 0.031482036283705273 0.61079179146872764 3.0007668710313737 0.016768035537097492 0.20150752418703621 0.33785215904936194 0.087304419837891944 0.094217091565951705 0.20548237748153042 0.47335846070200205 0.025885695591568947 0.23860585111833643 0.09682113798771752 0.019063901156187057 0.052985846650699386 0.047680158189905342 0.058841840958848479 0.25140153434949752 0.045081313699483871 0.096479868032474769 0.02745133245116449 0.074635253549786285 0.011430835351347923 0.23503101810638327 0.018216892820419162 0.068056610663916217 0.023926066205604002 0.29315871645485458 0.20693555468460545
leaf_count=28 374 3 15967 425 258 9 30 5 4 20 52 1 25 143 1 31 56 158 653 2 35 24 24 1 23 121 708 32 1615 21
internal_value=0.0216397 0.000373051 -0.0106843 0.0432108 0.000386522 -0.0144114 0.0253252 -0.0239172 -0.0301298 0.00978875 0.0411419 -0.0412904 0.025635 -0.0185814 -0.0444881 0.019489 -0.00879172 -0.00838479 -0.0415699 -0.027432 -0.0350731 0.0074302 0.0248392 -0.0338579 0.041855 -0.046989 -0.0295542 0.00371168 -0.0538533 0.0485498
internal_weight=7.27925 3.6655 2.88345 3.61375 2.11751 1.32895 0.788559 1.12744 1.04014 0.612985 0.782049 0.765941 0.444088 0.215676 0.740055 0.194883 0.100666 0.101755 0.845255 0.392963 0.347881 0.118855 0.0914033 0.0702727 0.572883 0.720991 0.1102 0.042143 0.452292 0.680294
internal_count=20849 20351 20116 498 3286 2784 502 2775 2770 73 235 16830 45 449 16829 91 87 162 2679 690 688 306 282 159 53 16828 861 153 1989 73
is_linear=0
shrinkage=0.05


Tree=146
num_leaves=31
num_cat=0
split_feature=5 7 6 5 5 2 2 3 6 6 7 2 3 7 6 1 6 7 1 6 6 6 5 5 1 5 6 7 5 5
split_gain=1.26982 0.451029 0.338418 0.266102 0.209345 0.208133 0.198918 0.120921 0.124862 0.117102 0.105795 0.0962944 0.075051 0.0676135 0.110694 0.0640494 0.10337 0.0633595 0.130225 0.037926 0.0348052 0.0256524 0.0243565 0.00816337 0.0264544 9.8213e-05 4.12184e-05 2.73464e-05 1.73233e-05 4.47035e-06
threshold=0.55187041443273244 0.44169221199942432 0.0014486315633139484 0.77692039150474768 0.21661244440873653 3.5000000000000004 21.500000000000004 1.0000000180025095e-35 0.022226539321003422 0.0056158814018239149 0.44169221199942432 2.5000000000000004 1.5000000000000002 0.52102862529569294 0.015034901598674556 3.5000000000000004 0.014744368493971835 0.40590577401962674 2.5000000000000004 0.050112893505481405 0.0073430475062775061 0.030404255738759909 0.48011880266979329 0.26969689915409245 4.5000000000000009 0.32671335553782699 0.0042482339453318646 0.53576077067420302 0.58045833459580731 0.37703876156758848
decision_type=2 2 2 2 2 2 2 2 2 2 2 2 2 2 2 2 2 2 2 2 2 2 2 2 2 2 2 2 2 2
left_child=1 4 -3 5 -1 10 21 11 9 17 19 23 20 14 -4 16 -8 18 29 -2 -12 27 26 -6 -25 -13 -15 -7 -29 -9
right_child=3 2 13 -5 7 6 15 8 -10 -11 12 25 -14 22 -16 -17 -18 -19 -20 -21 -22 -23 -24 24 -26 -27 -28 28 -30 -31
leaf_value=0.050059991112679149 -0.050230669531660978 0.0033305575893940609 0.0046429541330359307 -0.050055128099826852 0.050106038926568279 -0.050098517341396233 -0.050401325020469401 -0.050955638687885857 0.045940606671609825 -0.050451880685823305 0.022728765716572411 -0.052740103717586077 0.038762868551248032 0.049225713942611694 0.050053495444619289 0.044977195891060529 0.030617244829513331 0.046992046542788241 0.026976976074695153 0.050054488752975496 -0.019314416189984435 0.015779838804889933 0.035052596258098499 -0.05005423548533311 0.05008000531577847 -0.05052550651205448 0.050036838399905519 -0.051580475830180751 -0.050563699185358225 -0.050088339557365892
leaf_weight=0.19330717111006357 0.070881907829970947 0.53477804525755335 0.24518591284868341 0.43686600581895607 0.021117452532052994 0.18638558458223997 0.076560656139918137 0.073861905875673983 0.14021892880555242 0.11933903031422233 0.090606075460527791 0.11316869991424028 0.33173695227014832 0.16608266287949014 0.29646826535463333 0.085651924400735879 0.08104658696174738 0.077655717621382792 0.12892448534512368 0.010873939841985703 0.10778457008200348 0.015203982318780618 0.30104888026835386 0.011246727439356619 0.015950167551636696 0.089779974682642205 2.7498999000526965 0.069679990221629851 0.10503901316587871 0.018598571078655368
leaf_count=18 1286 24 26 12792 1 4840 382 12 14 99 33 12 28 22 37 32 26 5 32 1 18 16 29 59 1 351 408 5 62 178
internal_value=0.0215116 0.0334934 0.0405461 -0.0165285 0.00330852 -0.00463476 -0.0250626 -0.00785066 0.00510708 -0.00857818 0.0160496 -0.0366578 0.0242143 0.045841 0.0294979 0.0101745 -0.00873904 0.00813248 -0.00549838 -0.0368922 -0.000113069 -0.0478411 0.0485927 0.0267819 0.00867151 -0.0517604 0.0499906 -0.0505198 -0.0509692 -0.0507812
internal_weight=6.96495 5.29663 4.29346 1.66832 1.00317 1.23145 0.619568 0.809862 0.558599 0.41838 0.611883 0.251263 0.530128 3.75869 0.541654 0.243259 0.157607 0.299041 0.221385 0.0817558 0.198391 0.376309 3.21703 0.0483143 0.0271969 0.202949 2.91598 0.361105 0.174719 0.0924605
internal_count=20849 1328 546 19521 782 6729 5363 764 340 326 1366 424 79 522 63 440 408 227 222 1287 51 4923 459 61 60 363 430 4907 67 190
is_linear=0
shrinkage=0.05


Tree=147
num_leaves=31
num_cat=0
split_feature=5 6 4 7 1 7 4 6 7 3 5 7 7 7 6 7 5 1 5 5 1 3 5 7 6 6 7 7 7 6
split_gain=1.22702 0.603963 0.427314 0.311408 0.307211 0.202082 0.157525 0.158507 0.134724 0.112743 0.15379 0.234193 0.106134 0.064271 0.0608992 0.0631688 0.0540075 0.050809 0.127223 0.0504391 0.0772332 0.0424061 0.0406193 0.0349997 0.0348938 0.0196936 0.171662 0.00262248 0.00223956 0.00190802
threshold=0.37703876156758848 0.024248155883799551 1.0000000180025095e-35 0.42315554613810852 5.5000000000000009 0.76573366385537411 1.0000000180025095e-35 0.0054405293029924622 0.44169221199942432 1.5000000000000002 0.56609114701859709 0.4582492326650574 0.44169221199942432 0.59406677549667541 0.0055584511297559697 0.31228261591571188 0.46216228778122764 1.0000000180025095e-35 0.44018887201575585 0.57307568142220189 3.5000000000000004 1.5000000000000002 0.55187041443273244 0.2396101482698676 0.050112893505481405 0.006675367782316248 0.66759605958163371 0.66759605958163371 0.24106763456983801 0.0037396017231138023
decision_type=2 2 2 2 2 2 2 2 2 2 2 2 2 2 2 2 2 2 2 2 2 2 2 2 2 2 2 2 2 2
left_child=3 2 4 6 5 9 7 -1 14 17 11 -11 16 -12 -4 23 -3 18 -2 -10 21 -21 -6 -16 -18 27 -27 -19 -25 -24
right_child=1 12 8 -5 22 -7 -8 -9 19 10 13 -13 -14 -15 15 -17 24 25 -20 20 -22 -23 29 28 -26 26 -28 -29 -30 -31
leaf_value=-0.05136756535126559 0.042910730499846533 0.048313894296493999 -0.05024554133884282 0.050034855693486174 0.050240085833125239 0.038753545221959784 0.050073955848828428 0.014849279749878017 0.050082596799214868 -0.050469395379147158 -0.050486425607406106 0.050085294003590797 0.048413913924344805 0.0095645972449962952 -0.050018077719924128 -0.050741138909489836 -0.050149773146476007 -0.050203494048470368 -0.050231569519739186 -0.050472761269850036 0.049817433617981292 0.020011935214396821 0.0012106617660651005 0.049746867912628723 0.050051827942211129 -0.050663911415223632 0.050145171073574503 -0.057229498409479718 0.033290801256255574 0.015154502233310746
leaf_weight=0.13610280241118777 0.057661174083478928 0.028699725051410385 0.066355821943943627 2.7268003965727985 0.13157482305541623 0.10263822716660786 0.16895399196073413 0.26899517947458662 0.30775286909192801 0.090508384708300471 0.2405050417091843 0.16074005234986544 0.62283726845635101 0.05468861130066216 0.012083989993698196 0.03307875617974787 0.054279811043670634 0.37306567510859168 0.10066554118657223 0.045389302160401712 0.085606053762603551 0.040273125428939238 0.052095370947427 0.039178105915198103 0.010344146750867367 0.34031167009197816 0.048211961984634399 0.20622929599630879 0.043777834705906571 0.04637094206555048
leaf_count=27 10 3 665 425 6 11 14 32 26 119 2669 12 73 14 217 48 158 10625 1903 37 6 9 20 2 1 3640 2 8 44 23
internal_value=0.0212815 0.000176127 -0.0107282 0.0429884 -0.0223015 -0.0293465 0.0095171 -0.00739793 0.0237302 -0.0335254 -0.0148897 0.013862 0.0409632 -0.0393612 -0.0113669 0.00876933 -0.00876285 -0.0425681 -0.01631 0.037979 0.01623 -0.0173353 0.0320644 0.029482 -0.0341108 -0.0468637 -0.0381545 -0.0527048 0.0410626 0.00777726
internal_weight=6.69578 3.39492 2.67876 3.30085 2.00527 1.77523 0.574052 0.405098 0.673496 1.67259 0.546442 0.251248 0.716161 0.295194 0.194475 0.128119 0.0933237 1.12615 0.158327 0.479021 0.171268 0.0856624 0.230041 0.0950399 0.064624 0.967819 0.388524 0.579295 0.0829559 0.0984663
internal_count=20849 20351 20116 498 19062 19013 73 59 1054 19002 2814 131 235 2683 976 311 162 16188 1913 78 52 46 49 263 159 14275 3642 10633 46 43
is_linear=0
shrinkage=0.05


Tree=148
num_leaves=31
num_cat=0
split_feature=5 6 4 7 5 3 7 4 6 7 7 7 6 6 6 0 6 5 5 3 6 0 5 7 5 6 0 7 7 5
split_gain=1.16352 0.572389 0.404122 0.304716 0.227969 0.197565 0.197233 0.150056 0.149874 0.127779 0.100491 0.08681 0.0921917 0.09249 0.086341 0.068066 0.0811149 0.0512751 0.0487965 0.0368489 0.0331877 0.00287866 0.00193786 2.16424e-05 1.17936e-05 3.7816e-06 3.32631e-06 2.69964e-06 1.90497e-06 1.51871e-06
threshold=0.37703876156758848 0.024248155883799551 1.0000000180025095e-35 0.42315554613810852 0.68303578599192039 1.5000000000000002 0.4582492326650574 1.0000000180025095e-35 0.0085145720443151763 0.44169221199942432 0.44169221199942432 0.62461637458143737 0.0012061840587895753 0.0011815453701358128 0.00024141026186848724 32.160128230491878 0.0055584511297559697 0.46216228778122764 0.57307568142220189 1.5000000000000002 0.050112893505481405 31.898570695496215 0.55187041443273244 0.46736007295483939 0.49639903090796539 0.012770485319886527 208.90787710429856 0.49472527613725181 0.3074562674637995 0.44018887201575585
decision_type=2 2 2 2 2 2 2 2 2 2 2 2 2 2 2 2 2 2 2 2 2 2 2 2 2 2 2 2 2 2
left_child=3 2 4 7 5 11 14 8 -1 15 17 12 13 -2 -7 16 29 -3 -11 -20 -19 -18 -12 -14 -25 -26 -17 -6 -16 -4
right_child=1 10 9 -5 27 6 -8 -9 -10 18 22 -13 23 -15 28 26 21 20 19 -21 -22 -23 -24 24 25 -27 -28 -29 -30 -31
leaf_value=-0.042624818514883457 -0.050321799706193354 0.048134348017795675 -0.050725448611088832 0.050033155256336649 -0.050017798210326883 0.047326383149002615 0.036562330084967655 0.050070346664002431 0.019423985690144807 0.0500785667335144 0.050048179899841033 -0.0089883246681283918 -0.050072267448334144 0.049514651742994929 -0.050032203948658351 -0.05014679364814946 0.031225344337430783 -0.050142481544225327 -0.010903463558978319 0.036810251423022446 0.050049295971931473 0.050187008958486393 0.043719738846961564 -0.051262686969311001 -0.050382254858358483 -0.050886755554782614 -0.050897914302432068 -0.050253733285593072 -0.050508172464456005 -0.050060071548427856
leaf_weight=0.17039039194060057 0.042150744677201812 0.027399341634008922 0.014096960425376781 2.593898709397763 0.34082082839177008 0.027650323927446152 0.3246371713175904 0.16072530299425125 0.22693229532887926 0.29276655381545424 0.42540682619437575 0.43561545165721327 0.10854889983056637 0.05159370615001535 0.026849405796383508 0.048550877112575108 0.043434802480987855 0.051639872213854687 0.071619962349359412 0.093021686567226425 0.0098401419818401337 0.037123627960681915 0.16903368703788146 0.12583927309606224 0.083494633898226311 0.066911085654282942 0.021165015667065745 0.1881919920197106 0.096855969615717186 0.021896865748203709
leaf_count=36 550 3 1 425 15600 16 31 14 23 26 54 19 1994 13 346 513 133 158 40 12 1 1 19 8 44 7 44 360 74 284
internal_value=0.0211838 0.000173257 -0.0106681 0.0428223 -0.0221666 -0.0115361 0.0145858 0.00930501 -0.00718542 0.0236156 0.0408344 -0.0251376 -0.0398383 0.00462473 -0.0325509 -0.0112943 0.0120818 -0.00875355 0.0378318 0.0160545 -0.0341064 0.0399634 0.0482486 -0.0506705 -0.0509055 -0.0506067 -0.0503748 -0.0501017 -0.0504049 -0.0503207
internal_weight=6.3981 3.24616 2.56284 3.15195 1.91916 1.39015 0.475993 0.558048 0.397323 0.643676 0.68332 0.914154 0.478538 0.0937445 0.151356 0.186268 0.116552 0.0888794 0.457408 0.164642 0.06148 0.0805584 0.594441 0.384794 0.276245 0.150406 0.0697159 0.529013 0.123705 0.0359938
internal_count=20849 20351 20116 498 19062 3102 467 73 59 1054 235 2635 2616 563 436 976 419 162 78 52 159 134 73 2053 59 51 557 15960 420 285
is_linear=0
shrinkage=0.05


Tree=149
num_leaves=31
num_cat=0
split_feature=5 6 1 7 7 3 5 7 1 7 6 0 0 1 5 7 6 6 1 5 0 7 0 7 0 5 7 7 5 5
split_gain=1.10696 0.541436 0.327086 0.321088 0.298194 0.224955 0.244832 0.160213 0.152754 0.0954816 0.0877522 0.0867311 0.0852801 0.0765198 0.0668399 0.0602235 0.0521427 0.0503551 0.0499949 0.113719 0.054151 0.0596994 0.0478865 0.0393558 0.0314645 0.0255472 0.0200873 0.00234164 0.000945163 2.78524e-05
threshold=0.37703876156758848 0.024248155883799551 5.5000000000000009 0.76573366385537411 0.42315554613810852 1.5000000000000002 0.56609114701859709 0.44169221199942432 2.5000000000000004 0.46736007295483939 0.01351637701194827 43.402661237548259 19.123854817734973 3.5000000000000004 0.5964003587368395 0.53576077067420302 0.03718888413275865 0.022226539321003422 1.0000000180025095e-35 0.44018887201575585 157.91048069127996 0.66759605958163371 578.16188682749248 0.71748051682258629 65.312757477349265 0.41572676676501963 0.52102862529569294 0.66759605958163371 0.54295013503083467 0.58045833459580731
decision_type=2 2 2 2 2 2 2 2 2 2 2 2 2 2 2 2 2 2 2 2 2 2 2 2 2 2 2 2 2 2
left_child=4 2 3 5 8 10 7 12 17 16 18 14 -7 23 26 -15 25 -1 19 -2 27 -22 -13 29 -4 -3 -12 -20 -11 -8
right_child=1 9 24 -5 -6 6 13 -9 -10 28 11 22 -14 15 -16 -17 -18 -19 20 -21 21 -23 -24 -25 -26 -27 -28 -29 -30 -31
leaf_value=-0.050712857126003444 0.042292594278224481 0.050036739273773036 0.015591210499305534 0.04410765671490445 0.050031537610358105 0.041100455131334909 -0.051659168408503688 0.050074280115267156 0.030598907837011843 0.050046117121847644 0.0096164553341672402 -0.050884353600854443 -0.050440380366053174 -0.05036805797060432 -0.050185954007610362 0.038629377781236818 0.03718204864089069 -0.0020319769628699773 -0.05029506020706484 -0.050208285706455406 -0.050110325037247785 0.035415163592667213 0.049629019839976092 0.050050946216635153 0.048674789649866726 -0.050139019423174405 0.050126476889622976 -0.056558765466584254 0.045537388794079169 -0.050192315438250083
leaf_weight=0.095466793660307636 0.052960189146689318 0.0073367818258701636 0.11079633914232534 0.19281995689379972 2.4674705429933965 0.037542375521297688 0.038824203229523846 0.24971329886466265 0.3275451333320234 0.38933813432231545 0.059184405759879155 0.12206140784383024 0.078939694309156039 0.028594228026122437 0.032404550394858234 0.056703463662415743 0.04167805916222278 0.11975907115265727 0.55214342265753658 0.089168855819480086 0.042608981007106195 0.039153664838522673 0.013123690061547677 0.010168530978262424 0.20454922612225346 0.048020222511695465 0.063362493179738522 0.20446371100115357 0.165706398896873 0.19440940931144723
leaf_count=38 10 1 33 21 425 25 26 22 28 52 38 435 96 96 534 4 15 7 13106 1879 1040 2 4 1 25 150 3 8 17 2708
internal_value=0.0210101 0.000169209 -0.010515 -0.0174646 0.0426508 -0.0235049 -0.00063158 0.0274866 0.00909736 0.0407002 -0.036014 -0.0118588 -0.0209366 -0.0319573 0.0136754 0.00879489 -0.00505902 -0.0236251 -0.0431617 -0.0157406 -0.0478104 -0.00915475 -0.0411266 -0.0462385 0.0370509 -0.0368622 0.030562 -0.0519877 0.0487001 -0.0504365
internal_weight=6.13602 3.12578 2.4737 2.15835 3.01024 1.96553 0.694895 0.366195 0.542771 0.65208 1.27064 0.290137 0.116482 0.3287 0.154951 0.0852977 0.0970351 0.215226 0.980499 0.142129 0.83837 0.0817626 0.135185 0.243402 0.315346 0.055357 0.122547 0.756607 0.555045 0.233234
internal_count=20849 20351 20116 20058 498 20037 2978 143 73 235 17059 1014 121 2835 575 100 166 45 16045 1889 14156 1042 439 2735 58 151 41 13114 69 2734
is_linear=0
shrinkage=0.05


end of trees

feature_importances:
graph_cluster_risk=917
ip_reputation_score=847
merchant_historical_cb_rate=801
velocity_1h=494
hour_of_day=493
amount=344
merchant_risk_cat=343
device_shared_count=261

parameters:
[boosting: gbdt]
[objective: binary]
[metric: binary_logloss]
[tree_learner: serial]
[device_type: cpu]
[data_sample_strategy: bagging]
[data: ]
[valid: ]
[num_iterations: 150]
[learning_rate: 0.05]
[num_leaves: 31]
[num_threads: 0]
[seed: 42]
[deterministic: 0]
[force_col_wise: 0]
[force_row_wise: 0]
[histogram_pool_size: -1]
[max_depth: -1]
[min_data_in_leaf: 20]
[min_sum_hessian_in_leaf: 0.001]
[bagging_fraction: 1]
[pos_bagging_fraction: 1]
[neg_bagging_fraction: 1]
[bagging_freq: 0]
[bagging_seed: 400]
[bagging_by_query: 0]
[feature_fraction: 0.8]
[feature_fraction_bynode: 1]
[feature_fraction_seed: 30056]
[extra_trees: 0]
[extra_seed: 12879]
[early_stopping_round: 0]
[early_stopping_min_delta: 0]
[first_metric_only: 0]
[max_delta_step: 0]
[lambda_l1: 0]
[lambda_l2: 0]
[linear_lambda: 0]
[min_gain_to_split: 0]
[drop_rate: 0.1]
[max_drop: 50]
[skip_drop: 0.5]
[xgboost_dart_mode: 0]
[uniform_drop: 0]
[drop_seed: 17869]
[top_rate: 0.2]
[other_rate: 0.1]
[min_data_per_group: 100]
[max_cat_threshold: 32]
[cat_l2: 10]
[cat_smooth: 10]
[max_cat_to_onehot: 4]
[top_k: 20]
[monotone_constraints: ]
[monotone_constraints_method: basic]
[monotone_penalty: 0]
[feature_contri: ]
[forcedsplits_filename: ]
[refit_decay_rate: 0.9]
[cegb_tradeoff: 1]
[cegb_penalty_split: 0]
[cegb_penalty_feature_lazy: ]
[cegb_penalty_feature_coupled: ]
[path_smooth: 0]
[interaction_constraints: ]
[verbosity: -1]
[saved_feature_importance_type: 0]
[use_quantized_grad: 0]
[num_grad_quant_bins: 4]
[quant_train_renew_leaf: 0]
[stochastic_rounding: 1]
[linear_tree: 0]
[max_bin: 255]
[max_bin_by_feature: ]
[min_data_in_bin: 3]
[bin_construct_sample_cnt: 200000]
[data_random_seed: 175]
[is_enable_sparse: 1]
[enable_bundle: 1]
[use_missing: 1]
[zero_as_missing: 0]
[feature_pre_filter: 1]
[pre_partition: 0]
[two_round: 0]
[header: 0]
[label_column: ]
[weight_column: ]
[group_column: ]
[ignore_column: ]
[categorical_feature: ]
[forcedbins_filename: ]
[precise_float_parser: 0]
[parser_config_file: ]
[objective_seed: 16083]
[num_class: 1]
[is_unbalance: 0]
[scale_pos_weight: 10]
[sigmoid: 1]
[boost_from_average: 1]
[reg_sqrt: 0]
[alpha: 0.9]
[fair_c: 1]
[poisson_max_delta_step: 0.7]
[tweedie_variance_power: 1.5]
[lambdarank_truncation_level: 30]
[lambdarank_norm: 1]
[label_gain: ]
[lambdarank_position_bias_regularization: 0]
[eval_at: ]
[multi_error_top_k: 1]
[auc_mu_weights: ]
[num_machines: 1]
[local_listen_port: 12400]
[time_out: 120]
[machine_list_filename: ]
[machines: ]
[gpu_platform_id: -1]
[gpu_device_id: -1]
[gpu_device_id_list: ]
[gpu_use_dp: 0]
[num_gpu: 1]

end of parameters

pandas_categorical:[]
